GID;RANGO UNAP
100240;5
100242;5
100243;5
100288;5
100290;5
100291;5
100292;5
100293;5
100295;5
100296;5
100299;5
100300;5
100302;5
100303;5
100304;5
100305;5
100306;5
100307;5
100308;5
100309;5
100310;5
100311;5
100332;1
100335;1
100336;1
100337;1
100338;1
100339;1
100340;1
100341;1
100342;1
100343;1
100344;1
100345;1
100347;5
100348;5
100349;5
100350;5
100351;5
100353;1
100354;1
100355;1
100356;1
100357;1
100359;1
100361;1
100362;1
100363;1
100364;1
100366;1
100368;1
100369;1
100370;1
100373;1
100375;1
100376;1
100377;1
100378;1
100379;1
100383;1
100386;1
100388;1
100389;1
100392;1
100393;1
100394;1
100395;1
100396;1
100397;1
100398;1
100400;1
100402;1
100407;5
100410;1
100411;1
100412;1
100413;1
100415;1
100417;5
100418;1
100419;1
100421;5
100424;5
100426;5
100427;5
100428;5
100429;5
100430;5
100431;5
100433;5
100434;5
100435;1
100436;1
100437;5
100438;1
100439;1
100442;1
100443;5
100444;1
100449;5
100450;1
100451;1
100452;5
100453;1
100454;1
100455;1
100457;1
100458;1
100459;1
100460;1
100461;1
100462;1
100463;1
100464;1
100465;5
100466;1
100467;1
100468;1
100469;1
100471;1
100472;1
100473;1
100474;1
100475;5
100476;5
100477;1
100479;1
100480;1
100481;1
100482;1
100483;5
100484;1
100485;1
100486;1
100487;5
100488;1
100489;1
100491;1
100492;1
100493;5
100494;1
100496;1
100498;5
100503;5
100504;5
100505;5
100506;5
100507;1
100508;5
100509;5
100510;5
100511;5
100512;5
100513;5
100514;5
100533;5
100535;5
100536;1
100537;1
100538;5
100540;5
100541;5
100543;5
100544;5
100546;5
100551;5
100552;5
100553;5
100556;1
100557;1
100558;1
100559;5
100560;5
100561;5
100562;1
100563;1
100564;1
100565;1
100566;5
100567;1
100569;1
100570;1
100571;1
100572;5
100573;1
100574;1
100575;1
100576;1
100577;5
100578;1
100579;1
100581;1
100582;1
100584;1
100585;1
100586;1
100587;1
100588;1
100591;5
100592;5
100593;5
100594;5
100595;5
100596;5
100597;5
100599;1
100601;1
100603;5
100605;5
100606;5
100607;5
100608;5
100609;5
100610;5
100611;1
100615;1
100616;1
100617;1
100618;1
100619;1
100622;1
100623;1
100624;1
100625;1
100629;1
100630;5
100631;5
100633;1
100634;1
100635;1
100636;1
100637;1
100638;1
100639;1
100641;1
100642;5
100643;1
100645;1
100646;1
100647;1
100650;1
100651;1
100654;1
100656;1
100661;1
100663;1
100664;1
100665;1
100668;1
100670;1
100676;1
100679;1
100682;1
100683;5
100684;1
100685;1
100687;1
100690;5
100691;5
100693;5
100695;1
100697;1
100698;5
100699;1
100700;1
100701;1
100705;1
100707;1
100708;1
100709;1
100711;1
100712;1
100720;1
100725;1
100727;1
100728;1
100730;1
100731;1
100732;1
100741;1
100747;1
100749;1
100755;1
100756;1
100758;1
100759;1
100760;1
100762;1
100764;1
100765;1
100766;1
100767;1
100768;1
100770;1
100772;1
100773;1
100774;1
100775;1
100776;1
100777;1
100778;1
100779;1
100780;1
100787;1
100788;1
100790;1
100791;1
100794;1
100796;1
100804;1
100805;1
100806;1
100807;1
100809;1
100892;1
100933;1
101332;5
101333;1
101334;1
101336;1
101337;1
101339;1
101350;1
101355;1
101356;1
101358;1
101359;1
101364;1
101366;1
101367;1
101372;1
101377;1
101378;1
101383;1
101384;1
101386;1
101387;1
101388;1
101390;1
101393;1
101394;1
101395;1
101396;1
101398;1
101400;1
101401;1
101402;1
101404;1
101406;1
101409;1
101410;1
101416;1
101418;1
101419;1
101420;1
101421;1
101423;1
101424;1
101425;1
101427;1
101428;1
101431;1
101432;1
101434;1
101435;1
101512;1
101513;1
101514;1
101515;1
101516;1
101517;1
101518;1
101520;1
101523;1
101524;1
101525;1
101527;1
101528;1
101529;1
101530;1
101532;1
101534;1
101536;1
101537;1
101538;1
101541;1
101542;1
101543;1
101548;1
101552;1
101553;1
101554;1
101555;1
101557;1
101559;1
101561;1
101562;1
101563;1
101564;5
101565;1
101566;1
101567;1
101569;1
101570;1
101572;1
101573;1
101575;1
101576;1
101577;1
101578;1
101579;1
101581;1
101582;1
101583;1
101584;1
101585;1
101590;1
101591;1
101592;1
101596;5
101601;1
101602;1
101603;1
101604;1
101605;1
101606;1
101607;1
101612;1
101614;1
101616;5
101618;1
101620;1
101621;5
101624;5
101629;5
101630;1
101632;1
101634;1
101635;1
101638;1
101639;1
101641;1
101642;1
101643;1
101645;1
101646;1
101647;5
101648;1
101649;1
101651;1
101652;1
101653;1
101656;1
101657;1
101658;1
101659;5
101660;5
101661;1
101662;1
101663;1
101664;5
101665;5
101666;1
101667;1
101668;1
101672;1
101675;1
101676;1
101678;1
101680;1
101681;1
101682;1
101688;1
101691;1
101692;1
101696;1
101697;1
101706;1
101707;1
101710;1
101711;1
101714;1
101715;1
101718;1
101719;1
101720;1
101721;1
101722;1
101723;1
101725;1
101872;5
101873;5
101875;5
101877;5
101879;1
101880;5
101881;5
101882;5
101883;5
101884;5
101885;5
101886;5
101887;1
101888;1
101891;1
101892;1
101893;5
101894;1
101895;5
101897;5
101904;1
101905;1
101907;1
101908;1
101909;1
101910;5
101912;1
101914;1
101915;1
101916;1
101918;1
101920;1
101922;1
101925;5
101926;5
101928;5
101929;5
101930;5
101935;5
101936;5
101937;5
101939;5
101940;5
101941;5
101942;5
101944;5
101945;5
101947;5
101948;5
101949;5
101950;5
101953;5
101954;5
101956;5
101957;5
101958;1
101959;1
101960;1
101961;1
101965;5
101966;5
101967;5
101968;5
101972;5
101973;5
101974;5
102032;1
102033;1
102035;1
102036;1
102037;1
102038;1
102041;1
102042;1
102045;1
102046;1
102048;1
102051;1
102052;1
102053;1
102054;1
102055;1
102056;1
102057;1
102062;1
102067;5
102068;1
102069;1
102078;5
102079;1
102080;1
102081;1
102083;1
102084;1
102085;1
102086;1
102087;1
102092;1
102095;1
102096;5
102097;5
102098;1
102100;1
102101;1
102102;1
102103;1
102106;5
102107;1
102112;1
102113;1
102118;1
102119;1
102131;1
102133;1
102134;1
102136;1
102137;1
102138;1
102152;1
102154;5
102157;1
102158;1
102161;5
102162;1
102163;1
102165;5
102169;5
102172;1
102175;1
102176;5
102179;1
102181;1
102182;1
102183;1
102192;5
102193;1
102194;1
102195;1
102197;1
102198;5
102205;5
102210;1
102211;1
102212;1
102213;1
102214;5
102215;1
102222;1
102223;5
102226;1
102227;1
102229;1
102230;1
102231;1
102236;5
102238;1
102242;1
102243;5
102244;1
102245;1
102247;5
102248;1
102254;5
102255;5
102256;1
102260;5
102261;5
102263;1
102277;1
102288;1
102289;1
102290;1
102316;1
102354;1
102355;1
102358;1
102359;1
102360;1
102361;1
102362;5
102364;1
102365;1
102366;1
102367;1
102368;1
102369;1
102370;1
102371;1
102374;5
102375;1
102378;1
102380;1
102381;1
102412;1
102413;1
102433;1
103273;1
104332;1
104353;5
104356;1
104362;1
104363;1
104364;1
104366;1
104368;5
104369;1
104373;5
104374;5
104375;1
104376;5
104380;5
104383;1
104384;1
104385;1
104392;1
104393;1
104406;5
104408;1
104410;1
104415;1
104417;1
104418;1
104419;1
104420;5
104422;5
104425;1
104428;1
104435;1
104436;5
104852;1
105114;1
105195;1
105196;5
105197;5
105212;1
105230;5
105231;1
105232;1
105236;5
105237;5
105238;5
105241;5
105242;5
105243;5
105244;5
105245;5
105247;5
105249;5
105253;5
105254;5
105260;5
105266;5
105268;5
105269;5
105270;5
105271;5
105272;5
105274;5
105279;5
105280;5
105281;5
105282;5
105292;5
105293;5
105294;5
105302;2
105303;2
105304;2
105307;5
105308;1
105310;5
105312;2
105315;2
105316;2
105317;2
105319;2
105321;1
105322;1
105325;1
105329;2
105330;2
105332;2
105333;2
105336;2
105337;2
105338;5
105340;2
105341;2
105344;1
105345;5
105347;2
105348;1
105349;2
105352;2
105353;2
105354;2
105355;2
105356;2
105361;2
105364;2
105365;5
105367;1
105372;1
105373;1
105375;2
105378;2
105379;2
105381;5
105384;2
105388;2
105389;2
105390;2
105391;2
105401;2
105402;2
105403;2
105405;2
105407;2
105409;1
105410;2
105413;5
105416;5
105417;5
105419;5
105420;1
105427;5
105429;5
105430;5
105432;5
105433;5
105438;5
105442;5
105443;5
105446;5
105450;5
105451;5
105453;5
105459;5
105462;5
105464;5
105479;5
105488;5
105489;5
105496;5
105497;5
105500;5
105503;5
105505;5
105506;5
105507;5
105508;5
105509;5
105518;5
105520;2
105521;2
105523;2
105524;2
105525;2
105526;2
105527;2
105528;2
105529;2
105530;2
105531;2
105533;2
105534;2
105537;2
105538;2
105543;2
105546;2
105547;2
105548;2
105549;2
105553;2
105555;2
105556;2
105558;2
105560;2
105561;2
105562;2
105564;2
105565;2
105566;2
105567;2
105569;2
105570;2
105571;2
105572;2
105575;2
105577;2
105578;2
105579;2
105580;2
105581;2
105582;2
105583;2
105584;2
105585;2
105586;2
105589;2
105590;2
105591;2
105592;2
105595;2
105598;2
105600;2
105601;2
105602;2
105603;2
105604;2
105605;2
105606;2
105607;2
105609;5
105610;2
105612;5
105613;2
105614;2
105615;2
105616;2
105618;2
105619;2
105620;2
105622;2
105623;2
105630;2
105631;2
105632;2
105635;5
105636;1
105637;1
105639;5
105641;2
105654;5
105655;1
105656;1
105658;1
105659;1
105663;1
105673;2
105678;5
105679;2
105681;2
105683;2
105685;2
105686;2
105688;5
105689;5
105691;5
105693;5
105932;2
105933;2
105972;2
106452;1
106892;5
106912;1
106914;1
106915;1
106916;1
106917;1
106919;1
106920;2
106921;2
106923;1
106924;1
106925;2
106926;2
106929;2
106931;2
106933;1
106934;1
106935;1
106936;5
106938;1
106939;2
106942;1
106945;2
106946;1
106948;1
106949;1
106950;1
106951;1
106952;1
106953;1
106954;1
106955;1
106956;1
106957;1
106958;1
106959;1
106966;1
106967;1
106969;1
106970;1
106971;1
106973;1
106974;1
106975;1
106976;1
106977;1
106978;1
106979;1
106982;1
106983;1
106988;1
106991;2
106992;2
106994;2
106995;2
106997;2
106998;2
107000;2
107001;2
107005;2
107006;2
107007;1
107008;2
107009;2
107011;1
107018;1
107020;1
107021;1
107023;1
107025;1
107026;1
107027;1
107028;1
107029;1
107030;1
107031;1
107032;1
107033;1
107034;1
107035;1
107036;1
107037;1
107038;1
107039;1
107040;1
107041;1
107042;1
107043;1
107044;1
107045;1
107046;1
107047;1
107048;1
107049;1
107050;1
107051;1
107052;1
107056;1
107057;1
107059;1
107060;1
107066;1
107067;1
107068;1
107069;1
107070;1
107071;1
107072;1
107073;1
107074;1
107075;1
107076;1
107079;1
107080;1
107081;1
107082;1
107083;1
107084;1
107086;1
107087;1
107088;1
107090;1
107091;1
107092;1
107093;1
107094;1
107097;1
107098;1
107099;1
107100;1
107102;1
107103;1
107104;1
107105;1
107106;1
107108;1
107109;1
107110;1
107111;1
107112;1
107115;1
107116;1
107118;1
107120;1
107121;1
107122;1
107123;1
107126;1
107127;1
107128;1
107129;1
107130;1
107131;1
107132;1
107134;1
107136;1
107137;1
107138;1
107139;1
107140;1
107141;1
107142;1
107143;1
107145;1
107146;1
107147;1
107148;1
107149;1
107151;1
107152;1
107153;1
107154;1
107155;1
107156;1
107158;1
107159;1
107160;1
107161;1
107162;1
107166;1
107168;1
107170;1
107172;1
107173;1
107174;1
107176;1
107177;1
107178;1
107179;1
107181;1
107182;1
107183;1
107184;1
107186;1
107187;1
107189;1
107190;1
107191;1
107192;1
107193;1
107194;1
107195;1
107196;1
107197;1
107198;1
107199;1
107201;1
107202;1
107203;1
107204;1
107205;1
107206;1
107208;1
107210;1
107211;1
107212;1
107213;1
107214;1
107215;1
107216;1
107217;1
107218;1
107219;1
107220;1
107222;1
107223;1
107224;1
107225;1
107228;1
107229;1
107232;1
107233;1
107234;1
107235;1
107236;1
107237;1
107238;1
107239;1
107240;1
107241;1
107244;1
107245;1
107246;1
107247;5
107248;1
107249;1
107250;1
107253;1
107254;1
107255;1
107256;1
107258;1
107259;1
107260;1
107261;1
107262;1
107266;1
107267;1
107268;1
107269;1
107270;1
107277;1
107278;1
107281;1
107282;1
107283;1
107284;1
107285;1
107286;1
107288;1
107289;1
107290;1
107291;1
107292;1
107293;1
107295;1
107299;1
107300;5
107301;1
107302;1
107303;1
107304;1
107305;1
107306;1
107307;1
107308;1
107309;1
107310;1
107311;1
107312;1
107313;1
107314;1
107315;1
107316;1
107324;1
107325;1
107326;1
107328;1
107330;1
107333;1
107334;1
107335;1
107341;1
107342;1
107343;1
107344;1
107346;1
107347;1
107348;1
107349;1
107350;1
107351;1
107352;1
107357;1
107359;1
107362;1
107363;1
107365;1
107366;1
107367;1
107368;1
107369;1
107370;1
107374;1
107375;1
107376;1
107377;1
107378;5
107381;1
107389;1
107392;1
107395;1
107397;2
107398;1
107400;1
107404;2
107405;1
107406;2
107408;2
107410;2
107413;1
107415;1
107416;1
107419;1
107421;1
107422;1
107425;1
107426;1
107427;1
107429;1
107430;2
107431;1
107434;1
107437;2
107439;2
107440;1
107441;2
107442;2
107443;2
107444;2
107446;2
107447;2
107454;2
107455;1
107459;2
107461;2
107463;1
107464;2
107467;1
107468;1
107471;1
107472;1
107473;2
107474;1
107479;1
107482;1
107483;1
107484;1
107485;1
107486;1
107487;2
107488;2
107489;2
107491;1
107492;1
107493;1
107494;1
107496;1
107497;1
107498;1
107499;1
107500;2
107501;2
107504;2
107505;1
107506;1
107507;1
107508;1
107511;2
107513;2
107514;2
107516;2
107517;2
107518;2
107520;1
107521;1
107523;2
107524;2
107526;2
107528;2
107530;2
107531;2
107532;2
107533;2
107534;2
107538;2
107540;2
107541;2
107542;2
107543;2
107544;2
107549;2
107552;1
107553;1
107554;1
107555;5
107556;1
107557;1
107561;1
107562;1
107563;1
107564;1
107565;1
107567;1
107568;2
107570;1
107571;1
107572;1
107573;1
107574;1
107575;2
107576;1
107579;1
107580;1
107586;2
107587;2
107588;2
107589;2
107590;2
107591;1
107592;1
107599;2
107600;2
107601;2
107607;2
107611;1
107616;1
107621;1
107623;1
107627;1
107628;1
107632;1
107636;1
107640;1
107641;1
107642;1
107643;1
107649;1
107650;1
107653;1
107654;1
107657;1
107660;1
107662;1
107663;1
107664;1
107665;1
107671;1
107676;1
107678;1
107680;1
107681;1
107682;1
107683;1
107684;1
107688;1
107689;1
107690;1
107691;1
107693;1
107697;1
107698;1
107699;1
107700;1
107703;1
107708;1
107709;1
107711;1
107712;1
107713;1
107715;1
107716;1
107717;1
107718;1
107719;1
107722;1
107723;1
107731;1
107734;1
107735;1
107736;1
107740;1
107741;1
107742;1
107743;1
107748;2
107749;1
107751;1
107754;2
107759;2
107760;2
107762;2
107764;2
107765;2
107773;1
107782;1
107784;1
107786;1
107787;1
107788;1
107789;1
107790;1
107791;1
107792;1
107793;2
107795;1
107796;1
107797;1
107801;1
107802;1
107803;1
107804;1
107805;1
107806;1
107807;1
107808;1
107809;1
107815;1
107818;1
107820;1
107821;1
107822;1
107824;1
107827;1
107828;2
107829;2
107831;2
107837;1
107838;1
107839;1
107840;2
107841;2
107842;1
107843;1
107844;1
107845;1
107847;1
107848;1
107849;1
107852;1
107856;2
107858;1
107859;1
107861;1
107862;1
107864;1
107865;1
107866;1
107868;1
107869;1
107870;1
107871;1
107872;1
107873;1
107876;1
107877;1
107878;1
107879;1
107880;1
107881;1
107883;1
107884;1
107885;1
107890;1
107891;1
107893;1
107894;1
107895;1
107896;1
107897;1
107898;1
107899;1
107900;1
107901;1
107903;1
107904;1
107906;1
107908;1
107910;1
107911;1
107917;1
107918;1
107920;1
107921;1
107952;1
107953;1
108132;1
108153;1
108172;1
108212;1
108372;2
108432;1
108872;1
109012;2
109013;2
109032;1
109092;1
109172;1
109392;1
109872;1
111832;1
111872;1
112872;1
112893;1
113232;5
113332;1
113532;1
113572;1
113812;1
113872;1
113892;2
113972;1
113992;1
114232;1
114234;1
114235;1
114238;1
114240;1
114241;2
114242;1
114243;1
114244;1
114245;1
114246;2
114247;1
114250;1
114251;1
114253;1
114254;1
114255;1
114256;1
114257;1
114259;1
114263;1
114264;1
114265;1
114266;1
114267;1
114268;1
114269;1
114272;1
114273;1
114275;1
114276;1
114282;2
114283;2
114284;2
114289;5
114290;2
114293;2
114294;5
114296;2
114298;2
114299;2
114300;2
114302;2
114303;2
114304;2
114305;2
114306;2
114307;5
114308;2
114309;2
114310;2
114311;2
114313;2
114314;2
114315;2
114316;2
114317;2
114319;2
114321;2
114325;5
114326;2
114327;2
114328;2
114329;2
114334;5
114335;5
114336;5
114339;5
114341;5
114342;5
114343;5
114344;5
114345;5
114348;5
114350;5
114352;5
114353;5
114356;5
114359;5
114360;5
114361;5
114362;5
114367;5
114368;5
114370;5
114373;5
114375;5
114376;5
114377;5
114381;5
114382;5
114384;5
114385;5
114386;2
114389;2
114390;2
114392;2
114394;2
114396;1
114397;1
114398;1
114400;5
114401;2
114404;2
114407;2
114408;2
114411;2
114412;2
114413;2
114415;2
114416;2
114418;2
114420;2
114421;2
114423;2
114424;2
114427;1
114428;5
114430;1
114432;2
114433;2
114434;2
114435;2
114441;1
114442;1
114443;1
114445;1
114447;1
114449;1
114451;1
114452;1
114453;1
114454;1
114455;1
114456;1
114457;1
114458;5
114459;1
114460;1
114461;1
114463;5
114465;5
114466;1
114467;1
114468;1
114470;1
114472;1
114476;1
114477;1
114478;1
114479;1
114484;1
114485;1
114488;1
114490;5
114492;5
114493;2
114494;2
114495;2
114496;1
114497;1
114498;1
114499;1
114500;1
114501;1
114502;1
114504;1
114505;1
114509;1
114511;1
114512;5
114517;1
114522;5
114523;2
114525;1
114527;1
114528;1
114530;2
114531;1
114533;1
114536;1
115172;5
115232;1
115258;5
115332;1
115473;2
115636;5
115637;5
115639;5
115640;5
115641;5
115643;5
115644;5
115645;5
115646;5
115647;5
115648;5
115649;5
115650;5
115652;5
115655;5
115661;5
115663;5
115664;5
115665;5
115672;5
115674;5
115679;5
115681;5
115682;5
115684;5
115686;5
115689;5
115690;5
115691;5
115692;5
115693;5
115694;5
115695;5
115696;5
115697;5
115698;5
115699;5
115701;5
115702;5
115703;5
115704;5
115709;5
115710;5
115711;5
115712;5
115713;5
115715;5
115716;5
115717;5
115718;5
115719;5
115720;5
115721;5
115722;5
115723;5
115726;5
115728;5
115729;5
115730;5
115731;5
115732;5
115733;5
115734;5
115735;5
115737;1
115739;5
115741;1
115742;1
115743;1
115744;2
115745;2
115748;2
115750;2
115753;2
115754;2
115755;2
115756;2
115757;1
115758;2
115759;2
115760;2
115761;2
115762;2
115763;2
115764;5
115766;2
115767;1
115768;1
115770;2
115771;2
115774;2
115775;2
115776;1
115779;1
115780;1
115783;2
115785;2
115786;1
115787;5
115788;2
115789;2
115790;2
115791;2
115792;2
115793;2
115794;5
115795;2
115796;2
115797;2
115798;2
115799;2
115800;2
115801;2
115802;2
115807;2
115808;2
115810;2
115811;2
115813;2
115814;2
115816;2
115817;2
115818;2
115819;2
115820;2
115821;2
115822;2
115824;2
115825;2
115827;2
115828;2
115831;2
115833;5
115834;2
115835;2
115836;2
115837;2
115992;5
116012;5
116052;1
116512;1
116572;1
116573;1
116574;1
116575;1
116576;1
116577;1
116578;5
116579;1
116580;1
116581;1
116586;1
116589;5
116590;5
116591;1
116592;1
116594;5
116597;1
116598;1
116600;1
116601;1
116602;1
116603;1
116604;1
116605;1
116606;1
116609;5
116610;5
116612;1
116615;1
116617;1
116618;1
116619;1
116620;1
116623;1
116625;1
116627;1
116628;1
116630;5
116632;5
116633;5
116634;5
116636;5
116637;5
116638;1
116639;1
116641;5
116642;1
116643;1
116647;1
116648;5
116651;5
116652;1
116653;1
116654;1
116655;1
116656;1
116659;5
116660;5
116662;5
116663;1
116665;5
116666;5
116668;5
116669;5
116670;5
116671;1
116672;5
116675;1
116676;1
116677;5
116679;1
116682;1
116684;1
116685;1
116686;1
116688;5
116691;1
116692;1
116693;1
116694;5
116698;5
116699;5
116702;5
116703;1
116704;1
116705;1
116706;1
116707;1
116709;1
116711;1
116712;1
116714;1
116717;5
116718;5
116719;5
116720;5
116722;1
116723;1
116724;1
116727;1
116729;1
116730;5
116731;5
116732;5
116733;1
116735;1
116736;1
116737;1
116738;1
116741;5
116742;1
116743;5
116744;5
116747;1
116748;1
116753;5
116754;1
116755;1
116757;1
116759;5
116760;5
116761;5
116762;5
116763;5
116765;1
116766;1
116767;1
116768;1
116769;1
116770;5
116772;1
116773;1
116775;5
116776;1
116777;1
116780;1
116781;5
116782;1
116784;5
116786;5
116790;1
116793;1
116794;1
116797;5
116798;1
116799;1
116800;1
116801;1
116803;1
116804;1
116806;5
116809;1
116810;1
116812;1
116813;5
116815;5
116816;1
116817;5
116818;5
116819;1
116820;1
116823;1
116824;1
116825;1
116826;5
116827;5
116828;5
116830;5
116832;1
116833;1
116834;5
116835;5
116836;5
116837;1
116838;1
116840;5
116841;1
116842;1
116844;1
116845;1
116847;1
116848;5
116849;5
116850;5
116851;5
116852;5
116853;5
116854;5
116857;5
116858;5
117152;5
117153;5
117154;5
117155;5
117157;1
117161;5
117162;5
117163;5
117168;5
117169;1
117171;5
117173;5
117174;5
117175;5
117178;5
117179;5
117180;5
117185;1
117189;1
117191;1
117193;1
117194;5
117198;5
117199;5
117200;1
117201;1
117202;5
117204;5
117205;5
117206;1
117207;5
117208;5
117210;5
117211;5
117332;2
117352;1
117392;2
117612;2
117613;2
117832;1
117912;5
117935;1
117936;1
117939;1
117941;1
117942;1
117945;1
117946;5
117949;1
117951;1
117952;1
117953;1
117954;1
117955;5
117963;1
117966;1
117968;1
117974;1
117980;1
117982;1
117983;1
117984;1
117985;1
117986;1
117987;1
117988;1
117989;1
118004;1
118005;1
118013;1
118014;1
118015;1
118018;1
118019;1
118027;1
118030;1
118032;1
118033;1
118034;1
118035;1
118036;1
118037;1
118038;1
118040;1
118041;1
118043;1
118044;1
118045;1
118046;1
118047;1
118048;1
118051;1
118054;1
118055;1
118060;1
118061;1
118062;1
118067;1
118068;5
118069;1
118073;1
118074;1
118075;1
118076;1
118079;1
118080;1
118081;1
118082;1
118083;1
118084;5
118085;1
118086;1
118087;1
118090;1
118091;1
118092;1
118093;1
118095;1
118096;1
118097;1
118098;1
118099;1
118100;1
118101;1
118102;1
118103;1
118104;1
118105;1
118106;1
118109;1
118110;1
118111;1
118112;1
118114;1
118115;1
118116;1
118118;1
118372;5
118432;1
118592;5
118612;5
118632;2
118692;5
118712;5
118832;5
118852;1
118892;1
118912;1
118932;5
119112;1
119192;1
119492;1
120112;1
120132;1
120174;1
120252;1
120312;1
120332;1
120412;1
120653;1
120972;2
120992;2
121172;1
121355;5
121417;1
121513;1
121518;1
121532;1
121672;1
121932;2
122072;1
122312;1
122392;1
122492;1
122772;1
123094;5
123988;1
123989;1
123990;1
123991;1
123992;1
123993;1
123994;1
123997;1
123999;1
124000;1
124025;1
124026;1
124072;1
124073;1
124074;1
124075;1
124076;1
124077;1
124078;1
124080;1
124081;1
124082;1
124083;1
124084;1
124085;1
124087;1
124090;5
124091;1
124092;1
124094;1
124095;1
124098;1
124099;1
124100;1
124101;1
124103;1
124105;1
124106;1
124108;1
124109;1
124110;1
124114;1
124117;1
124118;1
124119;1
124120;1
124121;1
124122;1
124123;1
124124;1
124125;1
124126;1
124127;1
124128;1
124129;1
124130;1
124131;1
124132;1
124133;1
124134;1
124135;1
124137;1
124138;1
124140;1
124141;1
124142;5
124143;1
124144;1
124146;1
124147;1
124149;1
124152;1
124153;1
124154;1
124155;1
124156;1
124157;1
124158;1
124159;1
124160;5
124167;1
124170;1
124171;1
124172;1
124173;1
124174;1
124175;1
124176;1
124177;1
124178;1
124179;1
124180;5
124181;1
124182;1
124183;1
124184;1
124185;1
124187;1
124188;1
124189;1
124190;1
124191;1
124194;1
124195;1
124196;1
124199;1
124200;1
124201;1
124203;5
124204;1
124205;5
124206;1
124207;1
124209;5
124210;1
124211;1
124212;1
124214;1
124215;1
124216;1
124217;1
124219;1
124220;1
124221;5
124222;5
124223;1
124229;1
124230;1
124231;5
124232;1
124233;5
124234;1
124237;1
124239;1
124240;1
124241;1
124242;1
124243;1
124245;1
124246;1
124247;1
124248;1
124249;1
124250;1
124251;1
124252;1
124253;1
124254;1
124255;1
124256;1
124257;1
124259;1
124263;1
124264;1
124265;1
124267;1
124268;5
124270;5
124271;1
124273;1
124274;1
124275;1
124276;1
124277;1
124278;1
124279;1
124280;1
124281;1
124282;1
124283;1
124285;1
124286;1
124288;1
124289;1
124292;1
124294;1
124298;1
124300;5
124301;1
124302;1
124304;1
124305;1
124309;1
124311;1
124314;1
124317;1
124318;1
124319;1
124323;1
124325;1
124330;1
124333;1
124334;1
124336;1
124337;1
124338;1
124340;1
124341;1
124347;1
124348;1
124349;1
124350;1
124351;1
124354;1
124355;1
124357;1
124358;1
124360;1
124372;1
124375;1
124376;1
124377;1
124379;1
124380;1
124382;1
124384;1
124385;1
124386;1
124389;1
124390;1
124391;1
124392;1
124393;1
124394;5
124396;5
124398;5
124400;1
124404;1
124405;1
124406;1
124407;1
124408;1
124409;1
124411;1
124413;1
124415;1
124416;1
124418;1
124419;1
124421;1
124422;1
124423;1
124426;1
124427;5
124428;1
124429;1
124430;1
124431;1
124432;1
124433;1
124434;1
124435;5
124437;1
124438;1
124439;5
124440;1
124441;5
124445;1
124446;1
124447;1
124451;1
124452;1
124456;1
124459;1
124460;1
124461;1
124462;1
124463;1
124464;1
124465;1
124466;1
124468;1
124469;1
124473;5
124474;1
124475;5
124476;5
124478;1
124482;1
124493;1
124498;1
124500;1
124501;1
124502;1
124503;1
124507;1
124508;1
124511;5
124512;5
124514;5
124515;5
124520;1
124522;1
124524;1
124525;1
124526;1
124533;1
124534;5
124536;5
124537;1
124538;1
124539;1
124540;1
124541;1
124542;1
124543;1
124545;1
124546;1
124547;1
124549;1
124550;1
124551;1
124552;1
124553;1
124554;1
124556;5
124557;1
124560;1
124563;5
124566;1
124567;1
124568;5
124569;5
124571;5
124572;1
124574;1
124576;1
124577;5
124578;5
124579;5
124581;5
124585;5
124587;1
124594;5
124597;1
124598;1
124599;1
124601;1
124602;1
124607;1
124608;1
124609;1
124610;1
124611;1
124612;1
124615;1
124616;1
124618;1
124624;1
124627;1
124628;1
124629;1
124630;1
124632;1
124634;1
124638;1
124642;1
124643;1
124644;5
124645;1
124646;1
124647;1
124649;1
124651;1
124657;1
124658;1
124659;1
124662;1
124664;1
124665;1
124667;1
124668;1
124669;1
124670;1
124672;1
124673;1
124674;1
124677;5
124678;1
124679;1
124680;1
124681;1
124682;1
124687;1
124688;1
124690;1
124691;1
124692;1
124693;1
124695;1
124697;1
124698;1
124699;1
124700;1
124702;1
124703;1
124707;1
124708;5
124709;1
124710;1
124711;1
124713;1
124715;1
124716;1
124718;1
124720;1
124721;1
124722;1
124723;1
124724;1
124727;1
124728;1
124729;1
124730;1
124732;5
124733;1
124735;1
124739;1
124740;1
124741;1
124742;1
124743;1
124746;1
124752;1
124759;1
124763;1
124766;1
124767;1
124768;1
124769;1
124772;1
124774;1
124775;1
124777;1
124778;5
124780;5
124784;5
124785;1
124786;1
124787;1
124788;5
124789;5
124793;5
124800;5
124801;5
124802;1
124803;1
124807;5
124808;5
124809;5
124822;5
124823;5
124824;5
124825;5
124826;5
124828;5
124832;5
124834;5
124836;5
124837;5
124838;5
124840;1
124842;5
124844;5
124854;5
124856;5
124859;5
124860;5
124862;5
124863;5
124865;5
124866;1
124867;1
124868;1
124869;1
124870;1
124871;5
124875;5
124876;5
124880;5
124881;1
124886;5
124887;1
124892;5
124893;5
124895;1
124896;1
124897;1
124898;5
124899;1
124902;1
124904;5
124905;5
124907;5
124920;1
124924;1
124931;5
124936;5
124937;5
124938;5
124939;5
124942;5
124944;1
124950;1
124951;1
124955;1
124961;5
124962;5
124964;5
124966;1
124967;1
124968;1
124969;5
124970;5
124971;1
124972;1
124975;1
124976;5
124977;5
124978;1
124980;1
124981;1
124982;1
124983;1
124984;1
124985;1
124986;1
124987;1
124988;1
124989;1
124990;1
124991;1
124992;5
124993;1
124994;5
124995;5
124996;1
124997;1
125004;5
125007;1
125008;1
125011;1
125013;1
125014;5
125016;5
125017;1
125021;1
125026;1
125028;1
125030;5
125031;1
125032;1
125034;1
125036;5
125038;5
125040;1
125041;5
125042;1
125043;1
125044;5
125046;1
125047;1
125048;5
125049;1
125050;1
125051;1
125052;1
125053;1
125054;1
125058;1
125062;1
125063;1
125064;1
125067;5
125069;1
125092;1
125132;5
125174;1
125192;1
125272;1
125292;1
125293;1
125452;5
125472;5
125796;5
125797;5
125798;5
125800;5
125802;5
125803;5
125809;5
125820;5
125821;5
125823;5
125828;5
125829;5
125830;5
125834;5
125836;5
125837;5
125841;5
125842;5
125843;5
125844;5
125845;5
125848;5
125849;5
125850;5
125853;5
125855;5
125857;5
125858;5
125859;5
125860;5
125861;5
125862;5
125864;5
125866;5
125868;5
125870;5
125871;5
125872;5
125873;5
125874;5
125875;5
125876;5
125883;5
125884;5
125885;5
125887;5
125889;5
125890;5
125892;5
125893;5
125896;5
125903;5
125904;5
125911;5
125912;5
125914;5
125915;5
125916;5
125918;5
125919;5
125920;5
125921;5
125922;5
125923;5
125924;5
125928;5
125930;5
125931;5
125932;5
125933;5
125934;5
125936;5
125940;5
125941;5
125942;5
125943;5
125944;5
125948;5
125950;5
125951;5
125954;5
125960;5
125962;5
125964;5
125965;5
125967;5
125968;5
125969;5
125971;5
125972;5
125973;5
125975;5
125976;5
125977;5
125978;5
125980;5
125981;5
125982;5
125983;5
125985;5
125987;5
125988;5
125991;5
125993;5
125994;5
125995;5
125996;5
125998;5
125999;5
126002;5
126003;5
126004;5
126005;5
126006;5
126007;5
126008;5
126010;5
126011;5
126012;5
126013;5
126014;5
126016;5
126019;5
126032;1
126033;1
126034;1
126035;1
126036;1
126037;1
126038;1
126039;1
126040;1
126041;1
126042;1
126044;1
126045;1
126046;1
126047;1
126049;1
126050;1
126051;1
126052;1
126059;1
126060;1
126061;1
126062;1
126064;1
126065;1
126066;1
126067;1
126070;1
126072;1
126073;1
126075;1
126076;1
126077;1
126078;1
126083;1
126084;5
126085;1
126086;1
126087;1
126088;1
126089;1
126090;1
126091;1
126092;1
126093;1
126094;1
126095;1
126096;1
126098;1
126099;1
126100;1
126101;1
126102;1
126104;1
126105;1
126106;1
126107;1
126108;1
126109;1
126121;1
126123;1
126124;1
126125;1
126126;1
126127;1
126128;1
126130;1
126131;1
126133;1
126134;1
126312;1
126774;1
126992;1
127832;1
128032;2
128052;2
128193;1
128592;1
128612;1
129032;5
129052;1
129053;1
129054;1
129056;1
129057;1
129060;1
129061;5
129062;5
129063;1
129064;1
129065;1
129066;1
129067;1
129069;1
129070;1
129071;1
129072;1
129073;1
129074;1
129075;1
129078;1
129079;1
129080;1
129082;5
129083;5
129084;5
129085;5
129086;5
129088;5
129089;5
129090;1
129091;1
129092;1
129093;1
129094;1
129095;1
129097;1
129098;1
129100;1
129101;1
129104;1
129106;1
129109;5
129113;5
129114;1
129115;1
129116;1
129117;1
129118;1
129119;1
129120;1
129121;1
129122;1
129123;1
129124;1
129125;5
129126;5
129129;5
129130;5
129131;5
129132;5
129133;5
129134;1
129135;1
129136;5
129137;5
129138;5
129139;1
129141;1
129143;5
129145;1
129146;1
129147;5
129152;1
129154;1
129158;1
129159;5
129161;5
129162;5
129164;5
129165;5
129167;5
129168;5
129169;5
129170;5
129173;5
129174;5
129175;5
129176;5
129177;5
129178;5
129180;5
129181;5
129182;5
129183;5
129185;5
129186;5
129187;5
129188;5
129191;5
129193;5
129197;5
129198;5
129199;5
129200;5
129201;5
129202;5
129203;5
129204;5
129205;5
129206;5
129207;5
129209;5
129210;5
129211;5
129214;5
129215;5
129216;5
129217;5
129218;5
129219;5
129220;5
129221;5
129225;5
129226;5
129227;5
129228;5
129231;5
129234;5
129235;5
129236;5
129237;5
129238;5
129239;5
129240;5
129241;5
129242;5
129243;5
129244;5
129245;5
129246;5
129247;5
129248;5
129249;5
129250;5
129251;5
129252;5
129253;5
129254;5
129255;5
129256;5
129261;5
129262;5
129272;5
129277;5
129281;5
129282;5
129283;5
129285;5
129286;5
129287;5
129289;5
129290;5
129291;5
129292;1
129293;1
129294;5
129297;5
129298;5
129299;5
129301;1
129302;5
129304;5
129305;5
129307;5
129308;1
129310;5
129311;5
129312;1
129313;1
129314;5
129315;1
129317;5
129318;1
129319;5
129320;1
129321;5
129322;5
129330;5
129332;5
129333;5
129334;5
129335;5
129336;5
129337;5
129338;5
129339;5
129340;5
129341;5
129343;5
129344;5
129345;5
129346;5
129347;5
129349;5
129350;5
129351;5
129352;5
129353;1
129355;5
129356;5
129357;1
129358;1
129360;5
129361;1
129362;1
129365;1
129369;1
129372;1
129376;5
129377;1
129378;1
129379;1
129380;1
129382;5
129385;1
129386;1
129388;1
129389;1
129391;1
129392;5
129394;5
129395;5
129397;5
129399;5
129400;5
129401;5
129402;5
129405;1
129406;1
129407;1
129408;1
129409;1
129410;1
129411;1
129414;1
129415;5
129416;1
129417;5
129419;5
129421;5
129422;1
129423;5
129424;5
129426;5
129427;5
129428;1
129432;1
129434;1
129435;5
129438;1
129439;1
129440;1
129443;5
129444;5
129447;5
129448;1
129449;1
129451;5
129452;5
129453;5
129454;5
129456;5
129459;5
129461;5
129463;5
129464;5
129465;5
129466;5
129467;5
129468;5
129469;5
129473;5
129476;1
129477;1
129478;1
129483;1
129484;1
129485;5
129486;1
129488;5
129489;1
129490;1
129491;1
129494;1
129496;1
129497;1
129498;1
129499;1
129500;1
129501;5
129502;5
129504;1
129506;5
129511;1
129512;1
129513;1
129514;1
129517;1
129518;1
129519;1
129520;1
129521;1
129522;1
129523;5
129524;1
129525;1
129526;5
129527;1
129528;5
129529;1
129530;5
129531;5
129532;1
129533;5
129534;5
129535;5
129536;1
129539;1
129540;5
129541;1
129543;1
129545;1
129546;1
129547;5
129548;1
129550;1
129551;1
129553;1
129555;1
129556;1
129559;1
129561;1
129562;1
129563;1
129564;5
129565;1
129566;1
129567;1
129568;1
129569;5
129571;1
129573;1
129574;5
129575;5
129576;5
129580;1
129581;5
129582;5
129583;5
129584;5
129585;5
129587;5
129589;5
129590;5
129591;5
129592;5
129593;5
129594;5
129596;5
129597;5
129598;5
129600;5
129601;5
129602;5
129603;5
129604;5
129605;5
129606;5
129607;5
129608;5
129609;5
129610;5
129611;5
129612;5
129613;5
129614;5
129618;5
129619;5
129621;5
129622;5
129623;5
129624;5
129625;5
129626;5
129627;5
129628;5
129629;5
129630;5
129631;5
129632;5
129634;5
129635;5
129636;5
129638;5
129639;5
129640;5
129641;5
129642;5
129643;5
129644;5
129646;5
129647;5
129648;5
129650;5
129651;5
129652;5
129654;5
129656;5
129657;5
129659;5
129660;5
129662;5
129663;5
129664;5
129665;5
129666;5
129668;5
129669;5
129671;5
129673;5
129674;5
129675;5
129676;5
129678;5
129679;5
129681;5
129700;1
129701;1
129702;1
129703;1
129704;1
129705;1
129717;1
129744;1
129745;1
129747;1
129748;1
129749;1
129750;1
129751;5
129763;1
129768;5
129770;5
129772;5
129773;5
129912;1
130016;5
130272;1
130292;1
130652;5
131093;5
131272;1
131332;1
131352;1
131433;1
131454;1
131472;1
131492;1
131552;1
131694;5
131792;5
131972;1
131973;1
131974;1
131993;1
131994;5
132012;1
132014;1
132016;1
132018;1
132019;1
132492;1
132512;5
132632;1
132752;1
132812;5
132832;5
132852;5
133632;5
133692;5
133812;1
133873;1
133892;1
133893;1
133896;1
133897;1
133898;1
133899;1
133900;1
133901;1
133902;1
133903;1
133905;1
133907;1
133908;1
133909;1
133910;1
133911;5
133912;1
133914;1
133915;1
133917;1
133918;1
133919;1
133922;1
133924;1
133925;1
133930;1
133934;1
133939;1
133943;1
133946;1
133948;1
133949;1
133952;1
133954;1
133955;1
133956;1
133957;1
133962;1
133963;1
133964;1
133965;1
133966;1
133967;1
133969;1
133970;1
133971;1
133972;1
133973;1
133974;1
133975;1
133980;5
133986;1
133988;1
133991;1
133993;1
133994;1
133995;1
133996;1
133997;1
133998;1
133999;1
134000;2
134001;2
134002;1
134004;1
134005;1
134007;1
134010;1
134011;2
134013;2
134014;1
134015;2
134016;2
134021;1
134027;2
134028;2
134029;2
134031;2
134032;2
134033;2
134034;2
134035;2
134036;1
134038;1
134039;1
134040;1
134041;1
134042;1
134043;1
134044;1
134045;2
134048;2
134049;2
134058;1
134063;2
134064;1
134065;1
134068;1
134070;1
134072;1
134073;1
134074;2
134076;1
134078;1
134082;1
134083;1
134084;1
134092;1
134095;1
134097;1
134098;1
134100;1
134101;1
134102;1
134103;5
134105;1
134106;1
134107;1
134110;1
134111;1
134113;1
134117;1
134118;1
134120;1
134122;1
134129;1
134130;1
134131;1
134132;1
134133;1
134135;1
134136;1
134138;1
134141;1
134142;1
134143;1
134144;1
134145;1
134146;1
134152;1
134153;1
134156;1
134159;1
134160;1
134162;1
134165;1
134166;1
134170;1
134171;1
134173;1
134176;1
134178;1
134180;1
134182;1
134186;1
134187;1
134188;1
134189;1
134190;1
134192;1
134193;5
134197;5
134202;1
134203;1
134209;1
134210;1
134211;1
134212;1
134213;1
134214;1
134215;5
134216;5
134219;1
134220;5
134221;5
134224;5
134227;5
134229;5
134239;1
134241;5
134244;5
134245;1
134246;1
134247;1
134248;1
134249;5
134250;5
134254;5
134256;5
134257;5
134258;1
134261;1
134262;1
134266;1
134267;5
134268;5
134269;1
134270;1
134272;5
134273;5
134274;1
134275;5
134276;1
134277;1
134281;1
134282;1
134284;5
134285;5
134289;5
134291;5
134293;5
134297;1
134298;1
134299;1
134300;1
134302;1
134303;1
134305;1
134306;1
134307;1
134311;1
134312;1
134313;1
134315;1
134316;1
134317;1
134318;1
134320;1
134322;1
134323;1
134324;1
134327;1
134328;1
134330;1
134332;1
134334;1
134336;1
134337;1
134338;1
134339;1
134343;1
134345;1
134346;1
134347;1
134348;1
134349;1
134350;1
134353;1
134357;1
134358;1
134359;1
134362;1
134364;1
134365;1
134366;1
134367;1
134368;1
134369;1
134373;1
134374;1
134375;1
134376;1
134377;1
134378;1
134381;1
134383;1
134387;1
134388;1
134390;1
134391;1
134392;1
134393;1
134394;1
134395;1
134396;1
134399;1
134401;1
134402;1
134403;1
134404;1
134405;1
134406;1
134408;1
134409;1
134410;1
134411;1
134413;1
134414;1
134415;1
134416;1
134418;1
134419;1
134421;1
134422;1
134423;1
134424;1
134428;1
134429;1
134432;1
134433;1
134434;1
134435;1
134436;1
134437;1
134441;1
134445;1
134447;1
134448;1
134449;1
134450;1
134451;1
134452;1
134453;1
134454;1
134455;1
134457;1
134458;1
134463;1
134464;1
134473;1
134475;1
134477;1
134479;1
134480;1
134482;1
134483;1
134484;1
134487;1
134488;1
134489;1
134490;1
134491;1
134492;1
134494;1
134495;1
134497;1
134501;1
134503;1
134504;1
134505;1
134506;1
134507;1
134508;1
134509;1
134511;1
134512;2
134513;2
134514;2
134517;2
134518;2
134520;1
134521;1
134523;1
134524;1
134525;1
134526;1
134529;1
134530;1
134533;1
134534;1
134536;2
134537;2
134538;2
134539;2
134540;2
134545;2
134546;2
134547;2
134549;2
134550;2
134551;2
134554;1
134555;1
134556;1
134557;2
134558;2
134559;2
134561;2
134565;1
134567;2
134569;2
134571;1
134572;1
134578;1
134579;1
134583;2
134584;2
134585;2
134586;2
134587;2
134589;2
134591;1
134593;5
134594;1
134596;1
134597;1
134598;2
134602;1
134603;1
134607;2
134608;2
134611;2
134612;2
134615;2
134617;2
134618;2
134620;2
134621;2
134623;2
134624;2
134625;2
134626;2
134630;1
134631;1
134633;2
134634;1
134636;1
134638;1
134639;1
134640;1
134641;1
134642;1
134645;2
134646;1
134647;1
134648;1
134649;1
134650;5
134652;1
134654;1
134657;2
134659;2
134661;1
134664;1
134667;1
134669;2
134671;2
134678;2
134679;2
134680;2
134681;2
134684;1
134686;1
134691;1
134692;1
134693;1
134695;1
134698;1
134699;1
134701;1
134702;1
134703;1
134704;1
134706;2
134707;2
134708;2
134712;2
134713;2
134714;2
134715;2
134716;2
134718;2
134719;1
134720;1
134723;1
134725;2
134726;2
134727;2
134734;2
134735;2
134736;2
134737;2
134740;2
134741;2
134742;2
134743;2
134747;2
134751;2
134753;2
134754;2
134755;2
134757;2
134758;2
134759;2
134760;2
134763;2
134765;2
134768;2
134771;2
134772;2
134775;2
134776;2
134781;2
134782;2
134784;2
134785;2
134791;2
134792;2
134796;2
134797;5
134800;2
134801;2
134808;2
134810;2
134811;2
134813;2
134814;2
134815;2
134818;2
134822;2
134823;2
134824;2
134832;1
134952;1
134972;1
134993;5
135012;1
135034;1
135132;1
135192;5
135232;1
135252;5
135272;5
135312;2
135452;1
135572;5
135632;1
135732;1
135812;1
135832;2
135872;1
135892;1
135992;5
136112;1
136174;1
136254;1
136292;1
136313;5
136352;5
136473;1
136493;1
136534;1
136779;1
136812;1
136813;1
136832;1
136852;1
136912;1
136972;1
137012;1
137072;1
137074;1
137075;1
137076;1
137092;1
137113;5
137132;1
137133;1
137134;1
137154;1
137193;5
137212;5
137217;5
137333;1
137352;5
137412;1
137492;2
137512;2
137552;1
137592;2
137612;2
137752;1
137772;5
137792;5
137794;5
137812;1
137832;5
137892;5
137912;1
138052;1
138054;1
138133;2
138312;2
138316;2
138317;2
138322;2
138324;2
138325;2
138326;2
138327;2
138328;1
138329;1
138330;1
138331;1
138336;1
138338;1
138340;1
138341;1
138342;5
138347;1
138348;1
138349;1
138350;1
138351;1
138357;5
138358;2
138359;1
138360;1
138361;1
138362;1
138363;5
138364;2
138365;2
138368;2
138371;1
138373;1
138374;1
138376;2
138377;2
138381;5
138382;5
138383;1
138384;1
138385;1
138386;1
138388;1
138389;1
138390;1
138391;1
138392;1
138395;1
138396;1
138397;1
138398;1
138399;1
138402;5
138403;1
138404;5
138405;5
138406;1
138407;5
138408;1
138409;1
138410;1
138411;1
138412;1
138414;1
138416;1
138418;1
138419;1
138420;1
138421;1
138422;1
138425;1
138426;1
138428;1
138429;1
138431;1
138433;1
138434;1
138437;1
138439;1
138440;1
138441;1
138442;1
138443;1
138445;1
138446;1
138447;1
138448;1
138449;1
138450;1
138452;1
138453;1
138454;1
138455;1
138457;1
138458;1
138459;1
138461;1
138462;1
138463;1
138464;1
138465;1
138468;1
138469;1
138470;1
138471;1
138472;1
138473;1
138474;1
138475;1
138476;1
138477;1
138478;1
138479;1
138480;1
138481;1
138482;1
138483;1
138484;1
138485;1
138486;1
138487;1
138488;1
138489;1
138490;1
138491;1
138494;1
138497;1
138498;1
138499;1
138500;1
138501;1
138502;1
138503;1
138505;1
138508;1
138512;1
138514;1
138515;1
138517;1
138518;1
138519;1
138520;1
138527;1
138528;1
138529;1
138534;1
138535;1
138537;1
138539;1
138543;1
138544;1
138547;1
138548;1
138557;1
138558;1
138559;1
138560;1
138561;1
138562;1
138563;1
138566;1
138567;1
138568;1
138569;1
138570;1
138571;1
138573;1
138574;1
138575;1
138576;1
138578;1
138579;1
138580;1
138581;1
138582;1
138583;1
138584;1
138585;1
138587;1
138588;1
138589;1
138590;1
138591;1
138594;1
138596;1
138597;1
138599;1
138600;1
138601;1
138602;1
138603;1
138604;1
138607;1
138609;1
138611;1
138616;2
138618;2
138619;2
138621;2
138627;2
138628;2
138632;1
138633;1
138634;1
138637;2
138640;2
138642;2
138643;2
138647;2
138648;2
138649;2
138650;2
138651;2
138653;2
138654;2
138655;2
138656;1
138657;1
138658;1
138662;1
138664;1
138665;1
138666;2
138671;2
138672;2
138673;2
138674;2
138675;2
138676;1
138677;1
138678;1
138679;1
138680;2
138681;1
138684;1
138693;2
138694;2
138695;2
138696;2
138697;2
138699;2
138702;1
138703;2
138704;1
138705;1
138706;5
138707;1
138708;1
138709;1
138710;1
138711;1
138714;2
138715;2
138717;2
138719;1
138720;1
138721;1
138722;1
138724;1
138726;1
138729;1
138732;1
138734;1
138735;1
138736;1
138737;1
138738;1
138741;1
138757;1
138758;1
138759;1
138760;1
138761;1
138762;1
138763;1
138764;1
138775;1
138778;1
138781;2
138782;1
138784;1
138785;1
138786;1
138787;1
138788;1
138789;1
138790;1
138793;5
138795;1
138796;1
138797;1
138798;1
138800;1
138801;1
138810;1
138813;5
138815;5
138818;5
138819;5
138821;5
138822;5
138823;5
138824;5
138825;5
138826;5
138829;2
138830;2
138832;2
138833;5
138834;5
138835;5
138836;5
138837;5
138838;5
138839;5
138840;5
138841;5
138843;5
138845;5
138846;5
138848;5
138850;5
138851;5
138852;5
138853;5
138854;2
138858;5
138859;5
138860;1
138861;5
138862;5
138863;1
138864;1
138865;5
138868;5
138869;5
138870;5
138871;5
138872;5
138873;5
138874;5
138878;5
138879;5
138880;5
138881;5
138883;5
138884;5
138886;5
138887;5
138888;5
138890;5
138891;5
138892;5
138894;5
138895;5
138896;5
138897;5
138899;5
138900;5
138902;5
138903;5
138904;2
138905;5
138907;5
138909;5
138910;5
138911;5
138913;5
138914;5
138919;5
138921;5
138952;1
138972;5
138973;5
138974;5
139052;5
139053;5
139073;5
139092;1
139093;5
139094;1
139096;1
139097;1
139099;1
139102;1
139108;1
139110;1
139111;1
139112;1
139116;1
139118;1
139119;1
139120;1
139124;1
139125;1
139127;1
139129;1
139134;1
139135;1
139138;1
139141;1
139149;1
139152;1
139153;1
139154;1
139156;1
139157;1
139162;1
139163;1
139164;1
139165;1
139167;1
139168;1
139169;1
139170;1
139172;1
139173;1
139174;1
139175;1
139180;1
139183;1
139184;1
139185;1
139187;1
139188;1
139189;1
139190;1
139191;1
139192;1
139193;1
139194;1
139198;1
139199;1
139200;1
139201;1
139202;1
139207;1
139209;1
139211;1
139212;1
139213;2
139217;2
139222;1
139224;1
139225;1
139232;2
139234;2
139237;1
139238;1
139239;1
139241;1
139242;1
139243;1
139247;2
139249;2
139250;2
139253;2
139254;1
139255;2
139261;2
139264;1
139265;5
139267;5
139268;5
139269;5
139270;2
139271;2
139273;1
139278;1
139280;1
139281;1
139282;2
139283;2
139289;1
139290;1
139452;1
139472;1
139492;1
139553;1
139612;5
139652;1
139712;5
139732;5
139933;1
139992;1
140012;1
140032;1
140132;5
140154;1
140212;1
140272;5
140312;1
140332;1
140352;1
140432;2
140612;5
140633;1
140672;1
140772;1
140792;2
140852;1
140932;2
141052;1
141072;1
141092;1
141112;1
141132;1
141133;1
141152;1
141154;1
141155;1
141156;1
141157;1
141158;1
141160;1
141162;1
141164;1
141165;1
141166;1
141167;1
141168;1
141169;1
141170;1
141171;1
141173;1
141174;1
141176;1
141178;1
141179;1
141180;1
141181;1
141182;1
141183;1
141190;1
141191;1
141192;1
141193;1
141194;1
141195;1
141196;1
141197;1
141198;1
141199;1
141200;1
141201;1
141204;1
141205;1
141206;1
141207;1
141208;1
141209;1
141216;1
141217;1
141219;5
141220;1
141222;1
141223;1
141225;1
141226;1
141227;1
141228;1
141229;1
141230;1
141232;1
141233;1
141234;1
141236;1
141238;1
141239;1
141240;1
141241;1
141242;1
141243;1
141244;1
141245;1
141246;1
141247;1
141248;1
141249;1
141251;1
141253;5
141254;5
141257;1
141261;1
141262;1
141263;1
141265;1
141266;5
141267;1
141269;1
141270;1
141271;1
141272;1
141273;1
141274;1
141275;1
141276;1
141277;1
141279;1
141280;1
141281;1
141284;1
141289;1
141292;1
141296;1
141300;1
141302;1
141303;1
141307;1
141308;1
141310;1
141311;1
141312;5
141313;5
141314;1
141315;1
141316;1
141317;5
141318;1
141320;5
141321;5
141322;5
141323;5
141327;1
141328;1
141329;1
141331;1
141332;1
141334;1
141335;1
141338;1
141340;1
141342;5
141343;1
141344;1
141345;1
141348;1
141349;1
141350;1
141351;1
141354;1
141357;1
141358;1
141359;1
141362;1
141363;1
141366;1
141368;5
141369;1
141370;1
141372;1
141374;1
141375;1
141379;1
141381;1
141388;1
141389;1
141390;5
141393;1
141396;1
141397;1
141399;1
141400;5
141401;1
141405;1
141406;1
141407;1
141408;1
141409;1
141410;1
141412;5
141413;1
141414;1
141415;1
141416;1
141418;1
141421;1
141423;1
141425;1
141426;1
141428;1
141429;1
141431;1
141432;1
141434;1
141435;1
141440;1
141441;1
141442;5
141443;1
141444;1
141445;1
141448;1
141450;1
141452;1
141453;1
141454;1
141457;1
141458;1
141459;1
141460;5
141462;1
141463;1
141465;1
141466;1
141468;5
141469;1
141470;5
141471;1
141472;5
141473;1
141474;1
141475;1
141476;1
141477;1
141478;1
141479;1
141480;1
141481;1
141482;1
141484;1
141485;1
141486;1
141488;1
141489;1
141490;1
141491;1
141492;1
141493;1
141494;1
141495;1
141496;1
141500;1
141501;1
141502;1
141503;1
141504;1
141505;1
141506;1
141507;1
141508;1
141509;5
141511;1
141512;1
141513;1
141514;1
141515;1
141517;1
141519;1
141520;1
141522;1
141523;1
141524;1
141525;1
141526;5
141527;5
141528;1
141529;1
141530;1
141531;1
141532;1
141533;1
141534;1
141535;1
141538;1
141539;1
141541;1
141543;5
141544;1
141545;1
141546;1
141547;1
141552;1
141553;1
141555;1
141556;1
141557;1
141558;1
141559;1
141560;1
141562;1
141563;1
141564;1
141565;1
141567;1
141569;1
141570;1
141571;5
141572;1
141573;1
141574;1
141575;5
141576;1
141577;1
141578;1
141579;1
141580;1
141581;1
141583;1
141586;1
141587;1
141588;1
141589;1
141590;1
141592;1
141593;1
141594;1
141595;1
141597;1
141601;1
141602;1
141603;1
141604;1
141605;1
141606;1
141608;1
141609;1
141610;1
141611;1
141612;5
141613;1
141614;1
141615;1
141616;1
141617;1
141618;5
141621;1
141623;1
141624;5
141625;1
141627;1
141628;1
141629;1
141630;1
141631;1
141632;1
141633;1
141634;5
141635;1
141637;1
141639;1
141643;1
141644;1
141645;1
141646;1
141647;1
141648;1
141652;5
141653;5
141654;5
141656;5
141657;5
141658;5
141659;5
141660;5
141661;5
141662;5
141663;5
141664;5
141671;5
141672;5
141673;5
141674;5
141675;5
141676;5
141678;5
141681;5
141690;5
141691;5
141692;5
141694;5
141695;5
141696;5
141697;5
141698;5
141699;5
141701;5
141705;5
141707;5
141708;5
141711;5
141712;5
141714;5
141715;5
141717;5
141718;5
141719;5
141720;5
141724;5
141725;5
141727;5
141728;5
141730;5
141732;5
141735;5
141738;5
141739;5
141740;5
141745;5
141747;5
141748;5
141749;1
141751;1
141753;1
141754;1
141760;1
141761;1
141762;5
141763;1
141765;1
141766;1
141767;1
141768;1
141769;1
141770;1
141771;1
141772;1
141773;1
141774;1
141775;1
141776;1
141777;5
141779;1
141780;1
141782;1
141783;1
141784;1
141785;1
141788;1
141789;1
141790;5
141791;1
141792;1
141793;5
141794;5
141795;5
141796;1
141797;1
141799;1
141800;5
141801;5
141802;5
141803;5
141805;1
141806;1
141808;1
141809;1
141810;1
141811;1
141812;1
141813;5
141814;5
141816;5
141818;5
141819;5
141820;5
141822;5
141823;5
141824;5
141825;5
141826;5
141827;5
141828;5
141829;1
141832;1
141833;1
141834;1
141835;1
141836;1
141838;1
141839;1
141840;1
141841;1
141842;1
141843;1
141844;1
141846;1
141847;1
141848;5
141849;5
141850;5
141851;5
141852;5
141853;1
141855;3
141857;3
141858;1
141859;1
141860;1
141861;1
141862;1
141863;1
141864;1
141865;1
141869;1
141870;1
141871;1
141873;1
141874;1
141875;1
141876;3
141878;3
141879;3
141881;1
141883;1
141884;1
141885;1
141886;1
141887;1
141888;1
141889;1
141890;3
141891;3
141892;3
141894;3
141895;3
141896;3
141897;3
141899;3
141900;3
141901;3
141903;3
141904;1
141906;1
141907;1
141908;1
141909;1
141910;1
141911;1
141912;1
141917;1
141918;1
141919;1
141920;1
141921;3
141922;1
141923;1
141924;1
141925;1
141926;5
141927;1
141928;1
141929;5
141930;1
141931;1
141933;1
141934;1
141935;1
141937;1
141938;1
141940;1
141942;3
141943;3
141944;3
141946;3
141949;1
141950;3
141951;1
141952;1
141954;1
141956;1
141958;1
141960;1
141963;3
141964;3
141965;3
141967;3
141968;3
141970;3
141971;3
141972;3
141973;1
141974;1
141975;3
141977;3
141978;3
141979;3
141980;1
141981;1
141982;1
141984;1
141985;1
141989;1
141990;1
141991;1
141993;1
141995;1
141996;1
141997;1
141998;1
141999;1
142000;1
142001;1
142002;5
142007;1
142008;1
142009;3
142010;3
142011;3
142012;3
142013;1
142014;1
142015;3
142016;1
142020;1
142026;1
142027;1
142028;3
142029;3
142030;3
142033;1
142034;1
142035;1
142038;1
142041;3
142042;3
142043;3
142044;3
142045;3
142046;3
142047;3
142048;3
142053;3
142054;3
142055;3
142056;3
142057;3
142058;3
142064;3
142065;3
142066;1
142067;5
142068;5
142069;5
142070;5
142071;5
142073;5
142074;5
142075;5
142076;5
142077;5
142078;5
142079;5
142080;5
142082;5
142085;5
142086;5
142087;5
142088;5
142091;5
142092;5
142093;5
142094;5
142095;5
142096;5
142097;5
142098;5
142099;5
142100;5
142102;5
142105;5
142106;5
142108;5
142109;5
142110;5
142111;5
142112;5
142113;5
142114;5
142115;5
142116;5
142121;5
142123;5
142126;5
142127;5
142131;5
142132;5
142133;5
142134;5
142135;5
142138;5
142139;5
142140;5
142141;5
142142;5
142144;5
142146;5
142147;5
142148;5
142149;5
142150;5
142151;5
142155;5
142158;5
142159;5
142162;5
142163;5
142164;5
142165;5
142166;5
142167;5
142168;5
142169;5
142170;5
142172;2
142173;2
142174;2
142175;2
142178;2
142179;2
142180;2
142181;2
142185;2
142187;2
142188;2
142189;2
142191;2
142194;2
142195;2
142198;2
142199;2
142201;2
142203;2
142204;2
142205;2
142206;2
142207;2
142209;2
142210;2
142211;2
142212;2
142213;2
142214;2
142215;2
142216;2
142218;2
142219;2
142223;2
142224;2
142226;2
142228;2
142229;2
142230;2
142234;2
142236;2
142238;2
142244;2
142245;2
142246;2
142247;2
142248;2
142249;2
142250;2
142251;2
142252;2
142254;2
142255;2
142256;2
142257;2
142258;2
142261;2
142262;2
142264;2
142265;2
142268;2
142269;2
142270;2
142273;5
142274;5
142275;2
142276;2
142277;2
142278;2
142279;5
142280;2
142281;2
142282;2
142283;2
142284;2
142285;2
142286;2
142287;2
142288;2
142289;2
142290;2
142291;5
142294;2
142296;2
142299;2
142300;2
142301;5
142302;2
142306;2
142307;2
142309;2
142310;2
142311;2
142312;2
142317;2
142318;2
142319;2
142320;2
142321;2
142322;2
142323;2
142324;2
142325;2
142326;2
142327;2
142329;2
142330;2
142331;2
142334;2
142338;5
142340;2
142341;2
142342;2
142343;2
142344;2
142345;2
142346;2
142347;5
142348;2
142349;2
142352;2
142354;2
142360;2
142361;2
142367;2
142368;2
142369;5
142371;2
142373;2
142374;2
142375;2
142376;2
142377;2
142378;2
142380;2
142381;2
142382;2
142386;2
142389;2
142390;2
142391;2
142392;2
142393;5
142394;2
142395;2
142396;2
142399;2
142402;2
142403;2
142404;2
142405;2
142409;2
142411;2
142412;2
142415;5
142416;2
142417;2
142418;5
142422;2
142423;2
142424;2
142430;2
142431;2
142434;2
142436;2
142437;2
142438;2
142439;5
142441;2
142442;2
142445;2
142449;2
142452;2
142453;2
142454;2
142455;5
142456;2
142458;2
142460;2
142461;2
142462;2
142463;5
142465;2
142467;2
142468;2
142469;2
142470;2
142473;2
142474;2
142475;2
142476;2
142477;2
142478;2
142481;2
142483;1
142485;1
142487;1
142488;1
142489;1
142490;1
142491;1
142492;5
142493;5
142494;5
142496;5
142497;5
142498;5
142499;5
142502;5
142503;5
142504;5
142505;1
142506;1
142507;1
142508;1
142509;5
142511;1
142513;1
142514;1
142515;1
142516;1
142517;1
142519;1
142521;1
142523;1
142527;5
142529;5
142531;5
142532;5
142533;5
142534;5
142536;1
142537;1
142538;1
142539;1
142540;5
142541;5
142542;5
142543;5
142544;5
142545;5
142546;1
142547;1
142548;1
142549;1
142550;1
142551;1
142552;1
142554;1
142555;1
142556;1
142557;1
142558;1
142560;1
142562;1
142563;1
142564;1
142566;1
142567;1
142569;5
142570;5
142571;5
142572;5
142573;5
142574;5
142575;5
142576;5
142577;5
142578;5
142579;5
142580;5
142581;5
142582;5
142583;5
142584;5
142588;5
142590;1
142592;5
142595;1
142599;5
142601;5
142603;1
142604;1
142605;1
142606;1
142608;1
142613;5
142615;5
142617;5
142618;5
142620;5
142621;1
142625;1
142626;1
142631;5
142632;5
142633;5
142634;5
142635;5
142636;5
142639;5
142640;5
142641;5
142644;5
142645;1
142646;1
142647;5
142661;5
142662;5
142665;5
142666;5
142667;5
142669;5
142670;1
142674;1
142675;5
142682;5
142752;1
142753;1
142852;1
142873;1
142912;1
142992;5
143012;5
143092;1
143112;1
143113;1
143192;5
143233;1
143272;5
143293;5
143412;1
143472;1
143473;1
143513;5
143533;5
143553;1
143613;1
143632;1
143652;1
143674;5
143692;1
143693;1
143694;1
143712;1
143713;5
143714;5
143715;1
143718;1
143752;5
143772;1
143812;5
143872;1
143932;5
143972;1
143992;5
144032;5
144052;1
144092;5
144132;1
144153;2
144172;5
144272;5
144312;1
144414;1
144432;1
144434;1
144512;1
144532;5
144552;1
144794;1
144972;2
145032;1
145053;1
145072;1
145092;1
145152;5
145153;1
145172;5
145192;5
145232;5
145352;5
145692;1
145732;2
145772;2
145833;2
145852;2
145872;2
145892;2
145912;2
145932;2
145972;5
145992;5
146012;5
146032;5
146092;1
146112;1
146132;1
146152;5
146173;5
146193;5
146212;1
146272;5
146332;5
146372;5
146412;5
146432;5
146552;1
146573;1
146612;1
146652;5
146692;5
146712;1
146752;1
146772;5
146812;5
147032;1
147052;1
147072;1
147075;1
147172;5
147212;5
147232;5
147272;2
147532;5
147575;1
147592;1
147612;1
147632;1
147653;1
147755;1
147756;1
147758;5
147759;1
147792;5
147893;1
147896;1
147913;1
148032;2
148052;2
148053;2
148077;2
148092;2
148172;1
148975;1
149312;2
149372;5
149392;1
149412;5
149552;1
149572;1
149612;5
149632;5
149892;5
149912;2
149932;5
149954;5
149973;1
150032;1
150072;1
150092;2
150172;2
150212;2
150292;2
150293;2
150392;1
150393;1
150532;1
150552;5
150612;2
150613;2
150632;5
150652;1
150654;5
150732;1
150813;1
150832;5
150852;1
150877;1
150994;5
151013;2
151712;1
151732;5
151752;2
151772;2
151852;1
151872;1
151992;1
152052;2
152114;5
152152;5
152173;1
152195;1
152212;5
152232;5
152252;5
152294;2
152374;1
152392;1
152474;5
152512;1
152953;1
152973;1
153033;1
153073;1
153112;1
153132;1
153152;1
153193;1
153252;1
153292;1
153472;5
153552;1
154112;5
154292;1
154352;2
154413;5
154619;1
154632;5
154712;1
154772;1
154794;1
154812;1
154932;2
154993;5
154994;5
154995;5
155022;1
155024;2
155052;1
155073;5
155212;5
155293;1
155312;2
155333;1
155372;1
155492;5
155517;1
155532;1
155552;1
155575;5
155592;5
155616;1
155752;5
155772;1
155798;2
155819;5
155952;1
155992;1
156034;1
156092;1
156133;5
156152;5
156273;5
156312;2
156392;5
156412;5
156413;2
156533;1
156552;5
156584;2
156632;2
156672;1
156772;2
156895;1
156913;1
157052;1
157372;1
157412;1
157712;1
157867;1
157912;1
158032;1
158152;5
158175;1
158253;1
158279;5
158412;1
158432;1
158516;2
158532;2
158572;1
158652;2
158672;2
158692;1
158774;1
158801;2
158813;2
158912;5
158940;5
158953;5
159034;1
159112;1
159113;1
159132;2
159312;5
159532;1
159552;5
159572;1
159592;1
159812;5
159832;5
159853;2
159872;1
159972;2
160012;1
160053;1
160072;1
160152;1
160192;1
160252;1
160272;1
160298;2
160353;1
160392;5
160393;5
160412;1
160512;5
160532;1
160632;2
160652;2
160732;1
160832;2
160872;1
160892;1
160912;1
161012;1
161032;2
161172;1
161252;2
161274;2
161392;1
161412;5
161413;5
161433;5
161472;2
161497;2
161512;2
161532;2
161734;1
161812;1
161832;5
161872;2
161914;1
161936;5
162055;2
162132;1
162172;5
162332;5
162352;5
162412;5
162614;1
162872;1
162912;1
162932;1
162952;5
162983;1
163012;2
163112;5
163172;1
163192;1
163212;2
163272;5
163372;1
163532;5
163552;1
163672;1
163732;1
163752;1
163753;5
163792;5
163812;1
163832;2
163852;1
163952;1
164012;5
164033;5
164053;1
164073;1
164213;5
164332;1
164536;1
164592;1
164652;1
164878;5
164893;2
165032;1
165072;5
165093;5
165132;1
165192;2
165232;1
165252;1
165452;1
165472;1
165532;1
165572;1
165612;1
165632;1
165634;1
165652;1
165656;5
165734;1
165752;1
165812;1
165933;5
165952;5
166012;1
166112;1
166132;1
166172;1
166252;2
166314;5
166352;5
166452;5
166453;5
166493;1
166494;1
166512;1
166552;1
166572;1
166595;2
166652;1
166692;5
166732;5
166792;5
166812;1
166872;1
166873;5
166892;1
166912;1
166972;5
166992;1
167052;1
167072;1
167152;1
167153;1
167172;5
167193;1
167232;5
167233;5
167252;5
167292;5
167353;5
167452;1
167692;1
167792;1
167932;1
167972;2
168033;5
168092;5
168112;5
168132;1
168192;2
168352;1
168492;5
168498;1
168512;1
168592;1
168693;1
168772;1
168952;1
169112;1
169132;2
169192;5
169352;1
169392;1
169412;1
169433;1
169552;5
169592;1
169692;1
169712;5
169752;2
169772;2
169774;2
169792;1
169812;1
169932;1
169972;1
169993;1
170012;5
170092;5
170172;5
170252;1
170312;1
170352;1
170372;1
170392;2
170432;1
170452;1
170472;1
170492;2
170692;1
170712;5
170772;1
170814;1
170852;1
170872;1
170996;1
171115;1
171172;1
171372;1
171412;1
171452;2
171472;5
171473;1
171492;1
171512;1
171552;1
171572;1
171612;1
171653;5
171712;1
171772;5
171853;2
171912;1
171953;1
171972;5
171992;5
172012;5
172032;5
172052;5
172112;1
172132;1
172173;2
172174;5
172232;1
172252;1
172312;1
172313;1
172352;2
172452;5
172472;1
172474;1
172612;1
172712;1
172732;1
172752;1
172753;1
172772;1
172792;1
172812;5
172892;1
172893;1
172932;1
172952;1
172972;1
173012;1
173033;5
173052;1
173072;5
173092;1
173132;1
173152;5
173212;1
173232;5
173272;1
173292;2
173332;1
173372;1
173452;5
173472;1
173492;1
173552;1
173592;1
173632;1
173772;5
173792;1
173812;5
173832;1
173852;5
173932;1
173992;1
174012;2
174072;1
174092;1
174313;1
174352;1
174372;2
174392;2
174412;1
174452;1
174492;5
174532;2
174534;2
174572;1
174573;2
174592;1
174692;1
174912;1
174952;1
175032;1
175094;2
175096;1
175097;2
175098;1
175099;1
175101;2
175102;1
175103;1
175104;2
175105;2
175106;1
175295;1
175312;5
175313;1
175336;2
175337;1
175338;1
175339;1
175340;1
175341;1
175342;1
175343;5
175347;1
175355;1
175357;1
175358;2
175359;1
175365;5
175366;1
175369;5
175371;1
175372;1
175373;1
175375;1
175377;2
175380;1
175382;1
175390;5
175392;1
175393;2
175394;5
175396;1
175399;2
175400;2
175401;2
175402;2
175405;2
175417;1
175418;5
175423;2
175427;1
175433;1
175436;1
175448;1
175449;1
175450;1
175451;1
175453;1
175454;1
175456;1
175460;1
175463;1
175464;5
175465;1
175466;1
175477;1
175478;1
175481;1
175482;5
175483;1
175484;1
175485;1
175486;1
175489;1
175490;1
175491;5
175492;5
175494;1
175495;1
175496;1
175498;1
175501;1
175505;1
175506;1
175509;1
175510;1
175512;1
175514;1
175518;1
175519;1
175521;1
175524;1
175526;1
175528;1
175529;1
175533;1
175535;1
175536;1
175539;1
175540;1
175542;1
175543;1
175544;1
175545;1
175546;1
175547;1
175550;1
175555;1
175557;1
175558;1
175559;1
175561;1
175562;1
175564;1
175565;1
175566;1
175567;1
175568;1
175569;1
175570;5
175571;1
175572;1
175573;1
175574;1
175575;1
175576;1
175577;1
175578;1
175582;1
175583;1
175585;1
175602;1
175604;1
175608;1
175609;1
175610;1
175611;1
175614;1
175615;1
175616;1
175618;1
175622;1
175623;1
175625;1
175627;1
175628;1
175630;1
175631;1
175633;1
175635;1
175637;1
175638;1
175639;1
175640;1
175641;1
175642;1
175643;1
175646;1
175649;1
175650;1
175651;1
175653;1
175654;1
175655;1
175658;1
175659;1
175661;1
175662;1
175663;1
175664;1
175668;1
175669;1
175671;1
175672;1
175673;1
175674;1
175676;1
175678;1
175679;1
175680;1
175691;1
175692;1
175694;1
175696;1
175730;1
175736;2
175742;1
175743;1
175746;1
175751;1
175758;2
175761;1
175764;1
175765;1
175766;1
175767;1
175768;1
175769;1
175770;1
175771;1
175772;1
175774;1
175775;1
175776;1
175777;1
175778;1
175779;1
175780;1
175781;1
175782;1
175783;1
175784;1
175785;1
175786;1
175787;1
175788;1
175789;1
175790;1
175791;1
175792;1
175793;1
175794;1
175795;1
175804;1
175805;1
175806;1
175807;1
175808;1
175809;1
175810;1
175811;1
175813;1
175814;1
175816;1
175817;1
175818;5
175819;1
175820;1
175821;1
175822;1
175823;1
175824;1
175825;1
175827;1
175832;1
175833;1
175834;1
175836;1
175837;1
175838;1
175847;1
175848;1
175850;1
175851;1
175853;2
175854;2
175855;2
175857;1
175858;1
175859;1
175860;1
175861;1
175862;1
175863;1
175864;5
175865;1
175866;1
175867;1
175871;1
175873;1
175874;1
175875;1
175876;1
175877;1
175879;1
175880;1
175881;1
175882;1
175883;5
175884;1
175887;1
175888;1
175891;1
175894;5
175896;1
175897;5
175899;5
175900;1
175904;1
175906;1
175910;5
175911;5
175912;1
175913;1
175914;5
175915;2
175921;1
175923;1
175928;5
175929;5
175931;1
175932;1
175933;1
175938;5
175942;1
175944;5
175945;1
175946;5
175949;1
175950;1
175951;1
175952;1
175953;1
175954;1
175955;1
175956;1
175957;1
175959;1
175961;1
175964;1
175967;1
175969;1
175970;1
175971;1
175974;1
175979;1
175980;1
175986;1
175987;1
175988;1
175989;1
175990;1
175991;1
175992;1
175993;1
175995;1
176002;1
176003;1
176005;1
176006;1
176007;1
176011;1
176012;1
176013;1
176014;1
176015;1
176016;1
176017;1
176018;1
176020;1
176021;1
176023;1
176024;1
176025;1
176026;1
176027;1
176031;1
176032;1
176033;1
176034;1
176035;1
176036;1
176037;1
176038;1
176040;1
176041;1
176042;1
176043;1
176044;1
176048;1
176049;1
176050;1
176051;1
176052;1
176053;1
176054;1
176055;1
176056;1
176057;1
176058;1
176059;1
176060;1
176061;1
176062;1
176063;1
176064;1
176065;1
176066;1
176067;1
176068;1
176070;1
176072;1
176073;1
176074;1
176075;1
176076;1
176077;1
176079;1
176080;1
176081;1
176083;1
176084;1
176085;1
176086;1
176087;1
176088;1
176089;1
176090;1
176091;1
176092;1
176097;1
176098;1
176099;1
176100;1
176101;1
176102;1
176103;1
176104;1
176105;1
176106;1
176107;1
176108;1
176109;1
176110;1
176111;1
176113;1
176114;1
176116;1
176117;1
176118;1
176119;1
176120;1
176125;5
176126;5
176129;2
176130;1
176133;2
176134;2
176135;1
176136;1
176137;1
176138;1
176140;1
176141;1
176189;1
176191;1
176199;5
176201;3
176202;1
176208;1
176209;1
176212;5
176215;1
176216;1
176221;2
176222;2
176226;1
176230;1
176232;5
176233;5
176236;5
176237;5
176238;5
176240;1
176241;1
176242;1
176243;5
176245;1
176246;1
176247;1
176250;5
176253;5
176254;1
176257;1
176259;1
176262;1
176263;1
176265;1
176266;1
176267;1
176268;1
176269;1
176270;1
176271;1
176273;1
176274;1
176275;1
176276;1
176277;1
176278;1
176279;1
176280;1
176281;1
176282;1
176283;5
176284;1
176287;1
176288;1
176289;1
176290;1
176294;1
176295;1
176296;1
176300;2
176301;2
176304;1
176305;1
176309;5
176310;5
176312;5
176317;1
176319;5
176322;1
176325;5
176326;1
176329;1
176330;5
176338;1
176340;5
176344;1
176345;5
176346;1
176347;1
176348;5
176349;5
176352;1
176353;1
176357;1
176358;1
176364;1
176366;1
176367;1
176368;1
176369;5
176370;1
176371;1
176372;1
176373;1
176374;1
176375;1
176376;5
176377;1
176379;1
176380;1
176383;1
176384;1
176385;1
176386;1
176387;1
176388;1
176389;1
176392;1
176393;1
176394;1
176395;1
176396;1
176397;1
176398;1
176399;1
176400;1
176401;1
176404;1
176405;1
176406;1
176407;1
176408;1
176409;1
176410;1
176411;1
176413;1
176414;1
176415;1
176416;1
176417;1
176418;1
176419;1
176420;1
176423;1
176424;1
176425;1
176426;1
176427;1
176428;1
176429;1
176430;1
176431;1
176432;1
176434;1
176435;1
176436;1
176437;1
176438;1
176439;1
176440;1
176445;1
176446;1
176447;1
176448;1
176453;1
176454;1
176456;5
176457;1
176458;1
176461;1
176462;1
176463;1
176464;1
176465;1
176466;1
176467;1
176469;1
176470;1
176471;1
176472;1
176473;1
176474;1
176479;5
176483;1
176493;2
176494;1
176502;1
176505;5
176510;1
176511;1
176512;5
176516;1
176523;1
176524;1
176525;1
176526;1
176527;1
176528;1
176529;1
176530;1
176531;1
176533;1
176534;1
176535;1
176536;1
176537;1
176540;1
176541;1
176542;1
176543;1
176544;1
176545;1
176550;1
176552;1
176554;1
176555;1
176556;1
176557;1
176558;2
176559;1
176560;1
176561;1
176562;1
176563;1
176564;1
176565;1
176570;1
176571;1
176572;2
176573;1
176574;5
176577;1
176578;1
176580;1
176581;1
176583;1
176584;1
176586;1
176587;1
176588;1
176589;1
176590;1
176591;1
176592;1
176593;1
176594;1
176595;1
176596;1
176597;1
176598;1
176599;1
176600;1
176601;1
176603;1
176604;1
176605;1
176606;1
176607;1
176608;1
176609;1
176610;1
176611;1
176612;1
176614;1
176615;1
176616;1
176617;1
176619;5
176621;1
176627;1
176628;1
176629;1
176630;1
176631;1
176632;1
176633;1
176640;5
176644;1
176645;1
176646;1
176647;1
176648;1
176649;1
176650;5
176652;1
176655;5
176657;1
176658;1
176659;1
176668;1
176672;5
176673;1
176674;5
176676;1
176681;1
176682;1
176683;1
176684;1
176685;1
176686;1
176687;1
176688;1
176689;1
176690;1
176691;1
176692;1
176693;1
176694;1
176695;1
176696;1
176697;1
176698;1
176702;1
176703;1
176704;1
176705;1
176706;1
176707;1
176708;1
176709;1
176710;1
176711;1
176712;1
176713;1
176714;1
176715;1
176716;1
176717;1
176718;1
176719;1
176720;1
176723;2
176724;2
176729;1
176730;1
176732;1
176733;1
176734;1
176735;1
176736;1
176737;1
176738;1
176739;1
176740;1
176741;1
176742;1
176743;1
176744;1
176745;1
176746;1
176747;1
176748;1
176749;1
176750;1
176752;1
176753;1
176754;1
176755;1
176756;1
176758;1
176759;1
176760;1
176761;1
176762;1
176768;1
176769;1
176772;5
176773;5
176774;5
176775;5
176776;2
176777;5
176778;1
176781;1
176788;1
176789;5
176793;1
176794;1
176795;1
176796;1
176798;1
176799;1
176800;1
176801;1
176802;1
176803;1
176804;1
176805;1
176806;1
176807;1
176808;1
176810;1
176811;1
176812;1
176813;1
176814;1
176815;1
176816;1
176818;1
176819;1
176820;1
176823;1
176825;1
176826;1
176828;1
176829;1
176830;1
176831;1
176832;1
176833;1
176834;1
176835;1
176836;1
176839;1
176841;1
176843;1
176846;2
176847;2
176851;1
176852;1
176853;1
176854;1
176856;1
176857;1
176858;1
176859;1
176860;1
176861;1
176862;1
176863;1
176864;1
176865;1
176866;1
176867;1
176868;1
176869;1
176870;1
176871;1
176872;1
176873;1
176874;1
176875;1
176876;1
176877;1
176878;1
176879;1
176880;1
176881;1
176882;1
176884;1
176885;1
176886;1
176887;1
176888;1
176889;1
176890;1
176891;1
176893;1
176894;1
176895;1
176896;1
176897;1
176898;1
176899;1
176900;2
176902;5
176903;2
176904;1
176910;1
176911;1
176912;1
176913;1
176915;1
176918;1
176924;1
176925;1
176926;1
176927;1
176928;1
176929;1
176930;1
176931;1
176932;1
176933;1
176934;1
176935;5
176936;1
176937;1
176938;1
176939;1
176940;1
176941;1
176942;1
176943;1
176944;1
176945;1
176946;1
176947;5
176948;1
176949;1
176950;1
176951;1
176952;1
176953;1
176954;5
176955;1
176956;1
176957;1
176958;1
176959;1
176960;1
176961;1
176962;1
176963;1
176964;1
176965;1
176966;1
176967;1
176968;1
176969;1
176970;1
176971;1
176972;1
176973;1
176974;1
176975;1
176976;1
176977;1
176978;1
176979;1
176980;1
176982;1
176983;1
176984;1
176988;5
176990;1
176991;1
176992;1
176994;1
176995;1
176997;1
176998;1
176999;1
177000;1
177001;1
177002;1
177003;1
177004;1
177005;1
177006;1
177008;1
177009;1
177010;1
177011;1
177012;1
177013;1
177014;1
177017;1
177018;1
177019;1
177020;1
177021;1
177023;1
177024;5
177025;1
177026;1
177027;1
177028;1
177029;1
177030;1
177031;1
177032;1
177035;1
177040;1
177041;1
177042;1
177043;1
177045;1
177046;1
177049;1
177050;1
177051;1
177053;1
177054;1
177058;1
177059;1
177060;1
177061;1
177062;1
177063;1
177065;1
177067;1
177068;1
177071;1
177072;1
177073;1
177074;1
177076;1
177077;1
177078;1
177079;1
177080;1
177082;1
177085;5
177086;1
177088;1
177090;1
177091;1
177092;1
177093;1
177096;1
177097;1
177098;1
177099;1
177100;1
177101;1
177103;1
177104;1
177105;1
177106;1
177107;1
177108;1
177109;1
177110;1
177111;1
177112;1
177113;1
177114;1
177115;1
177116;1
177117;1
177118;1
177119;1
177120;1
177121;1
177122;1
177123;1
177124;1
177125;1
177126;1
177127;1
177128;1
177129;1
177130;1
177131;1
177132;1
177134;1
177135;1
177141;1
177143;1
177144;1
177148;1
177150;1
177151;1
177157;1
177158;1
177159;1
177160;1
177161;1
177162;1
177163;1
177164;1
177165;1
177166;5
177167;1
177168;1
177169;1
177170;1
177171;1
177172;1
177173;1
177174;1
177175;1
177176;1
177177;1
177178;1
177179;1
177180;1
177181;1
177182;1
177183;1
177184;1
177185;1
177186;1
177187;1
177188;1
177189;1
177190;1
177191;1
177192;1
177193;1
177194;1
177195;1
177196;1
177197;1
177198;1
177199;1
177200;1
177201;1
177202;1
177203;1
177204;1
177205;1
177206;1
177207;1
177208;1
177209;1
177210;1
177216;1
177217;1
177218;1
177219;1
177220;1
177221;1
177222;1
177223;1
177224;1
177225;1
177226;1
177227;1
177228;1
177237;2
177239;1
177240;1
177242;1
177243;5
177244;5
177252;1
177259;1
177260;5
177261;2
177262;5
177263;1
177264;5
177268;1
177270;1
177273;5
177274;2
177277;1
177278;5
177279;1
177280;1
177281;5
177282;5
177285;5
177289;1
177290;5
177291;2
177292;2
177293;1
177294;1
177295;5
177296;5
177297;1
177301;1
177302;5
177303;1
177304;1
177307;1
177308;1
177311;2
177313;1
177314;1
177316;1
177317;1
177318;1
177319;1
177320;1
177322;2
177323;2
177324;2
177325;2
177326;2
177327;2
177328;2
177329;2
177331;1
177332;5
177333;5
177335;5
177340;1
177341;1
177342;1
177345;1
177346;2
177347;1
177348;2
177349;2
177350;2
177351;1
177355;1
177356;1
177357;1
177358;1
177359;5
177360;1
177361;1
177362;2
177363;2
177369;2
177370;1
177372;1
177376;1
177377;1
177380;1
177381;1
177382;1
177383;1
177384;1
177386;2
177387;1
177388;1
177391;5
177392;5
177393;5
177394;5
177395;1
177398;1
177399;1
177400;1
177401;1
177402;1
177403;1
177404;1
177405;5
177406;5
177407;5
177408;5
177409;5
177410;1
177411;1
177413;1
177416;1
177417;5
177418;1
177420;5
177426;1
177429;2
177430;2
177431;2
177432;1
177433;1
177436;2
177437;2
177438;1
177441;2
177442;5
177443;5
177445;1
177446;1
177447;1
177453;5
177454;5
177455;5
177456;5
177457;5
177458;5
177459;5
177462;5
177463;5
177465;5
177468;1
177469;1
177475;5
177476;1
177477;1
177478;2
177479;2
177481;1
177482;1
177483;1
177485;1
177486;1
177487;2
177488;1
177489;1
177490;2
177491;1
177492;2
177494;2
177495;2
177496;2
177497;2
177498;2
177501;1
177504;1
177505;1
177506;2
177511;5
177512;1
177521;1
177522;1
177524;1
177525;1
177527;1
177529;1
177532;1
177549;1
177564;1
177565;1
177687;1
177691;1
177692;1
177693;1
177694;1
177696;1
177698;1
177699;1
177700;1
177701;1
177702;1
177705;1
177706;1
177708;1
177709;1
177710;1
177711;1
177712;1
177715;1
177778;1
177779;1
177780;1
177781;1
177782;1
177783;1
177784;1
177785;1
177786;1
177787;1
177788;1
177789;1
177790;1
177809;1
177810;1
177816;1
177817;1
177818;1
177819;1
177820;1
177821;1
177822;1
177823;1
177824;1
177825;1
177826;1
177827;1
177828;1
177831;1
177832;1
177833;1
177844;1
177850;1
177851;1
177852;1
177853;1
177854;1
177855;1
177856;1
177857;1
177858;1
177859;1
177860;1
177861;1
177862;1
177864;1
177865;1
177867;1
177868;1
177869;1
177870;1
177872;1
177873;1
177874;1
177875;1
177876;1
177877;1
177879;1
177880;1
177883;1
177896;1
177897;1
177899;1
177908;1
177909;1
177910;1
177911;1
177912;1
177913;1
177914;1
177917;1
177918;1
177919;1
177921;1
177923;1
177924;1
177925;1
177926;1
177927;1
177928;1
177929;1
177930;1
177931;1
177932;1
177933;1
177934;1
177935;1
177939;1
177941;1
177942;1
177944;1
177945;1
177947;1
177950;1
177953;1
177954;1
177957;1
177958;1
177959;1
177960;1
177962;1
177963;1
177965;1
177968;1
177970;1
177972;1
177975;1
177977;1
177979;1
177980;1
177985;1
177988;1
177990;1
177996;1
177998;1
178003;1
178004;1
178007;1
178008;1
178009;1
178012;1
178018;1
178020;1
178023;1
178024;1
178026;1
178028;1
178030;1
178031;1
178032;1
178033;1
178034;1
178035;1
178036;1
178037;1
178038;1
178039;1
178040;1
178041;1
178042;1
178043;1
178044;1
178045;1
178050;1
178051;1
178053;1
178055;1
178056;1
178057;1
178058;1
178059;1
178066;1
178067;1
178068;1
178069;1
178070;1
178071;1
178077;1
178078;1
178079;1
178080;1
178081;1
178082;1
178083;1
178084;1
178085;1
178086;1
178087;1
178088;1
178089;1
178091;1
178092;1
178093;1
178094;1
178095;1
178098;1
178099;1
178100;1
178102;1
178103;1
178104;1
178105;5
178106;5
178107;1
178108;1
178109;1
178110;1
178111;1
178112;1
178113;1
178114;1
178115;1
178116;1
178117;1
178120;1
178121;1
178122;1
178124;1
178125;1
178126;1
178127;1
178130;1
178131;1
178132;1
178133;1
178134;1
178135;1
178136;1
178137;1
178138;1
178139;1
178140;1
178142;1
178143;1
178144;1
178145;1
178147;1
178148;1
178149;1
178150;1
178151;1
178152;1
178153;1
178154;1
178155;1
178156;1
178157;1
178158;1
178159;1
178160;1
178162;1
178163;1
178164;1
178165;1
178166;1
178167;1
178168;1
178169;1
178171;1
178172;1
178173;1
178174;1
178175;5
178177;1
178178;1
178179;1
178180;1
178181;1
178183;1
178184;1
178185;1
178186;1
178187;1
178188;1
178189;1
178191;1
178192;1
178193;1
178194;1
178195;1
178196;1
178197;1
178198;1
178199;1
178200;1
178201;1
178202;1
178204;1
178205;1
178206;1
178207;1
178209;1
178214;1
178215;1
178217;1
178218;1
178219;1
178220;1
178221;1
178222;1
178223;1
178224;1
178225;1
178226;1
178227;1
178228;1
178229;1
178231;1
178232;1
178235;1
178236;1
178237;1
178238;1
178239;1
178240;1
178241;1
178242;1
178243;1
178245;1
178246;1
178247;1
178248;1
178249;1
178250;1
178251;1
178252;1
178253;1
178254;1
178255;1
178256;1
178257;1
178258;1
178259;1
178260;1
178261;1
178262;1
178263;1
178264;1
178265;1
178266;1
178267;1
178268;1
178269;1
178270;1
178271;1
178272;1
178275;1
178276;1
178277;1
178278;1
178281;1
178284;1
178285;1
178286;1
178287;1
178290;1
178291;1
178292;1
178293;2
178294;2
178296;1
178297;1
178298;1
178299;1
178301;1
178303;1
178304;1
178305;1
178306;1
178309;1
178310;1
178312;1
178313;1
178314;1
178315;1
178316;1
178317;1
178318;1
178319;1
178320;1
178321;1
178322;1
178325;1
178326;1
178327;1
178328;1
178329;1
178330;1
178331;1
178332;1
178333;1
178335;1
178338;1
178339;1
178340;1
178341;1
178342;1
178343;1
178344;1
178345;1
178347;1
178348;5
178352;1
178356;1
178362;1
178363;1
178364;1
178365;1
178366;1
178367;1
178368;1
178369;1
178370;1
178371;1
178372;1
178373;1
178374;1
178375;1
178376;1
178377;1
178378;1
178379;1
178380;1
178381;1
178382;1
178383;1
178384;1
178385;1
178386;1
178387;1
178388;1
178389;1
178390;1
178391;1
178392;1
178393;1
178394;1
178395;1
178396;1
178397;1
178398;1
178400;1
178401;1
178402;1
178403;1
178405;1
178406;1
178407;1
178408;1
178409;1
178410;1
178411;1
178412;1
178414;1
178415;1
178416;1
178417;1
178418;1
178419;1
178420;1
178421;1
178422;1
178423;1
178425;1
178427;1
178428;1
178432;1
178433;1
178434;1
178435;1
178436;1
178437;1
178438;1
178439;1
178440;1
178441;5
178442;1
178443;1
178444;1
178450;1
178451;1
178452;1
178453;1
178455;1
178456;1
178461;1
178462;1
178467;1
178468;1
178469;1
178470;1
178471;1
178472;1
178475;1
178476;1
178480;1
178481;1
178482;1
178483;1
178484;1
178486;1
178488;1
178489;1
178490;1
178491;1
178492;1
178493;1
178494;1
178495;1
178496;1
178497;1
178498;1
178499;1
178501;1
178502;1
178503;1
178504;1
178505;1
178506;1
178507;1
178508;1
178509;1
178510;1
178511;1
178512;1
178513;1
178514;1
178515;1
178516;1
178517;1
178518;1
178519;1
178520;1
178521;1
178522;1
178523;1
178524;1
178525;1
178526;1
178527;1
178528;1
178529;1
178530;1
178531;1
178532;1
178533;1
178534;1
178535;1
178536;1
178537;1
178538;1
178539;1
178540;1
178541;1
178542;1
178543;1
178544;1
178545;1
178546;1
178547;1
178548;1
178549;1
178550;1
178551;1
178552;1
178554;1
178555;1
178556;1
178558;1
178559;1
178560;1
178562;1
178563;1
178564;1
178565;1
178567;1
178568;1
178570;1
178571;1
178575;1
178576;1
178577;1
178578;1
178579;1
178580;1
178581;1
178582;1
178585;1
178586;1
178587;1
178588;1
178590;1
178591;1
178594;1
178597;1
178598;1
178600;1
178601;1
178602;1
178603;1
178604;1
178605;1
178606;1
178607;1
178608;1
178609;1
178610;1
178611;1
178614;1
178615;1
178616;1
178617;1
178618;1
178619;1
178620;1
178621;1
178622;1
178624;1
178625;1
178626;1
178627;1
178628;1
178629;1
178630;1
178631;1
178632;1
178633;1
178634;1
178635;1
178636;1
178637;1
178638;1
178639;1
178640;1
178641;1
178642;1
178643;1
178644;1
178645;1
178646;1
178647;1
178648;1
178649;1
178650;1
178651;1
178652;1
178653;1
178654;1
178655;1
178656;1
178657;1
178659;1
178660;1
178661;1
178662;1
178663;1
178664;1
178665;1
178666;1
178667;1
178668;1
178670;1
178671;1
178673;1
178674;1
178675;1
178676;1
178677;1
178678;1
178679;1
178680;1
178681;1
178686;2
178687;3
178690;1
178691;1
178692;1
178693;1
178694;1
178695;1
178696;1
178697;1
178698;1
178699;1
178700;1
178701;1
178705;1
178706;1
178707;1
178708;1
178709;1
178712;1
178713;1
178714;1
178715;1
178716;1
178718;1
178719;1
178720;1
178721;1
178722;1
178723;1
178724;1
178725;2
178726;1
178727;1
178728;1
178729;1
178730;1
178731;1
178732;1
178735;1
178736;1
178737;1
178738;1
178739;1
178742;1
178743;1
178744;1
178745;1
178746;1
178747;1
178748;5
178749;1
178750;1
178751;1
178758;1
178759;1
178760;1
178763;1
178764;1
178765;1
178766;1
178767;1
178768;1
178769;1
178771;1
178772;1
178774;1
178775;1
178777;1
178778;1
178782;1
178785;1
178786;1
178793;1
178794;1
178798;1
178800;1
178801;1
178803;1
178804;1
178808;1
178809;1
178810;1
178811;1
178813;1
178814;1
178826;5
178827;5
178828;5
178829;5
178830;1
178832;1
178833;1
178837;5
178838;5
178840;5
178842;5
178845;5
178846;1
178850;1
178857;1
178859;1
178863;1
178864;1
178865;1
178872;1
178875;1
178876;1
178877;1
178878;1
178881;1
178883;1
178884;1
178885;1
178889;1
178890;1
178893;1
178895;1
178896;1
178898;1
178907;1
178908;1
178911;1
178912;1
178914;1
178915;1
178916;1
178918;1
178921;1
178923;1
178924;1
178925;1
178927;1
178928;1
178930;1
178931;1
178932;1
178934;1
178935;5
178936;5
178938;5
178940;1
178941;1
178944;1
178945;1
178946;1
178948;1
178949;1
178952;5
178956;1
178958;1
178961;2
178962;2
178963;5
178964;5
178965;5
178966;5
178967;2
178972;1
178973;1
178975;1
178977;1
178980;1
178984;1
178985;1
178989;1
178992;1
178994;1
178995;1
178996;1
178997;1
179000;1
179002;1
179003;1
179007;1
179010;1
179011;1
179012;2
179016;1
179017;1
179018;5
179019;5
179020;1
179021;1
179022;1
179023;1
179024;1
179028;5
179029;1
179030;1
179031;1
179033;1
179036;1
179038;1
179040;1
179041;1
179043;2
179046;1
179048;1
179049;1
179050;1
179056;1
179058;2
179060;2
179063;5
179065;1
179066;5
179067;5
179068;1
179069;1
179074;5
179075;2
179076;2
179077;5
179078;1
179079;1
179080;1
179081;1
179082;1
179083;1
179084;1
179086;2
179090;1
179091;1
179093;2
179094;1
179095;2
179098;1
179103;1
179104;1
179105;1
179109;1
179110;2
179112;2
179113;2
179114;1
179115;1
179116;1
179117;5
179120;5
179121;1
179123;1
179124;1
179125;1
179127;1
179128;2
179129;1
179136;5
179137;5
179138;5
179140;1
179141;1
179142;1
179143;1
179145;1
179146;1
179149;5
179150;1
179151;1
179153;1
179154;5
179155;1
179156;1
179158;1
179159;1
179160;5
179161;1
179163;1
179164;1
179167;1
179170;1
179171;1
179173;1
179174;1
179177;1
179178;1
179179;5
179180;1
179181;5
179182;5
179183;1
179185;1
179187;1
179188;1
179190;1
179192;1
179195;2
179199;5
179200;5
179201;1
179202;1
179203;1
179208;1
179209;1
179210;1
179212;1
179213;1
179219;2
179220;2
179221;2
179224;1
179226;1
179227;5
179228;1
179229;1
179230;1
179231;5
179232;1
179233;1
179234;1
179235;1
179236;5
179237;5
179238;5
179239;1
179240;5
179241;5
179242;1
179245;1
179247;1
179248;5
179249;5
179250;1
179251;1
179252;1
179257;1
179258;5
179260;1
179261;5
179262;1
179263;1
179264;1
179266;5
179267;5
179268;5
179277;1
179279;2
179280;2
179281;2
179282;2
179283;2
179284;2
179285;1
179286;1
179288;1
179289;1
179290;1
179292;1
179294;2
179296;2
179298;5
179299;5
179300;1
179301;1
179303;1
179304;1
179305;1
179307;1
179310;2
179311;1
179315;1
179316;2
179317;5
179318;1
179319;1
179325;1
179326;2
179329;2
179333;1
179336;1
179338;1
179340;5
179343;1
179346;1
179347;1
179348;1
179350;1
179351;1
179352;1
179353;1
179354;1
179355;1
179356;1
179357;1
179358;1
179359;1
179360;1
179362;1
179363;1
179364;1
179365;1
179368;1
179369;1
179370;1
179371;1
179372;1
179373;1
179374;1
179376;1
179377;1
179378;1
179380;1
179381;1
179382;1
179394;1
179395;1
179396;1
179397;1
179398;1
179399;1
179400;1
179401;1
179402;1
179403;1
179404;1
179405;1
179407;1
179408;1
179409;1
179410;1
179411;1
179412;1
179413;1
179415;1
179416;1
179417;1
179418;1
179419;2
179420;5
179421;1
179423;1
179424;1
179425;1
179426;1
179427;1
179429;1
179433;1
179434;1
179435;1
179436;1
179437;5
179438;5
179439;5
179440;5
179442;1
179443;1
179445;1
179447;1
179448;1
179449;1
179450;1
179451;1
179452;1
179453;1
179455;1
179456;1
179457;1
179458;1
179459;2
179460;1
179461;1
179462;1
179463;1
179464;1
179465;1
179466;1
179467;1
179468;1
179470;1
179471;5
179474;1
179475;1
179476;1
179477;1
179478;1
179479;1
179480;1
179481;1
179482;1
179483;1
179485;1
179486;1
179487;1
179488;1
179489;1
179491;1
179493;1
179496;1
179497;1
179498;1
179499;1
179500;1
179502;1
179506;1
179508;1
179511;5
179512;5
179513;1
179528;1
179531;1
179532;1
179533;1
179534;1
179538;1
179539;1
179548;1
179558;1
179559;1
179560;1
179571;1
179572;1
179573;1
179574;1
179575;1
179576;1
179583;2
179591;2
179593;1
179594;2
179595;5
179596;1
179598;1
179601;1
179602;1
179603;1
179604;1
179605;1
179606;1
179609;1
179610;1
179612;1
179613;1
179620;1
179624;1
179626;1
179627;1
179640;5
179641;5
179642;5
179643;5
179644;5
179645;1
179646;1
179647;1
179662;1
179663;1
179667;5
179668;5
179669;5
179671;1
179672;1
179673;1
179674;1
179675;1
179676;1
179679;5
179680;5
179681;5
179682;5
179683;5
179684;5
179685;5
179686;5
179687;5
179688;5
179689;5
179690;5
179691;5
179692;5
179693;5
179694;5
179695;5
179696;5
179697;5
179699;5
179700;5
179701;5
179702;5
179703;5
179704;5
179705;5
179706;5
179709;5
179710;5
179711;5
179712;5
179713;5
179714;5
179715;5
179716;5
179717;5
179718;5
179719;5
179720;5
179722;1
179723;1
179724;1
179725;1
179731;1
179733;1
179734;1
179737;1
179738;1
179739;1
179742;1
179744;1
179745;2
179746;1
179749;1
179750;1
179751;1
179752;1
179753;1
179755;1
179756;1
179757;1
179758;1
179760;1
179761;1
179762;1
179763;1
179764;1
179765;1
179766;1
179767;1
179768;5
179769;1
179770;5
179771;1
179774;1
179775;1
179777;1
179778;1
179779;1
179780;1
179781;1
179782;1
179783;1
179784;1
179786;1
179787;1
179788;1
179789;1
179790;5
179791;5
179793;1
179794;1
179795;1
179796;1
179797;1
179798;1
179800;1
179806;5
179807;5
179808;5
179809;5
179811;5
179812;5
179816;5
179818;1
179820;1
179821;1
179822;1
179823;1
179824;1
179825;1
179827;1
179828;1
179829;1
179830;5
179831;1
179832;5
179833;1
179834;1
179835;1
179836;1
179838;1
179839;1
179840;1
179841;1
179842;1
179843;1
179845;1
179846;1
179847;1
179849;1
179850;1
179851;1
179852;1
179853;1
179854;1
179855;1
179856;1
179857;1
179858;1
179859;1
179860;5
179861;1
179862;2
179864;1
179868;5
179869;1
179870;1
179872;1
179873;1
179874;1
179875;1
179876;1
179877;1
179878;1
179880;1
179881;1
179882;1
179884;1
179885;1
179886;1
179887;1
179888;1
179889;1
179890;1
179891;1
179892;1
179893;1
179894;1
179895;1
179896;1
179897;1
179898;1
179899;1
179900;1
179901;1
179902;1
179903;1
179904;1
179905;1
179906;1
179908;1
179909;1
179910;1
179911;1
179912;1
179913;1
179914;1
179915;1
179916;1
179917;1
179918;1
179921;2
179922;1
179927;5
179929;1
179931;5
179934;1
179935;1
179936;5
179938;1
179944;1
179945;1
179948;1
179955;1
179956;1
179957;1
179958;1
179959;1
179960;1
179961;1
179962;1
179963;1
179964;5
179965;1
179966;1
179967;1
179968;1
179970;1
179971;1
179972;1
179973;1
179974;1
179975;5
179976;5
179977;5
179978;5
179979;5
179980;5
179981;5
179982;5
179983;5
179984;5
179985;5
179986;5
179987;5
179988;5
179989;5
179990;5
179991;5
179992;5
179993;5
179994;5
179995;5
179996;5
179997;5
179998;5
180000;1
180002;1
180004;1
180007;2
180012;5
180013;5
180014;5
180015;5
180016;2
180023;1
180026;1
180027;1
180028;1
180031;5
180032;5
180033;1
180035;1
180038;2
180040;1
180041;1
180042;1
180043;1
180044;1
180045;1
180046;1
180047;1
180048;1
180049;1
180050;1
180051;1
180052;5
180053;5
180054;5
180055;5
180056;5
180057;5
180058;2
180060;2
180063;2
180065;1
180068;2
180069;5
180070;5
180071;5
180072;1
180073;1
180077;1
180081;1
180090;1
180092;1
180093;1
180094;1
180097;1
180099;1
180100;1
180101;1
180103;1
180104;1
180105;1
180106;1
180107;1
180110;1
180113;1
180116;2
180117;2
180118;1
180119;1
180120;1
180121;1
180122;1
180124;1
180125;1
180126;1
180127;1
180128;1
180129;1
180131;1
180133;1
180134;1
180135;2
180137;1
180138;1
180139;1
180140;1
180141;1
180143;1
180146;2
180148;1
180149;1
180150;5
180151;1
180152;1
180153;5
180155;5
180156;5
180159;1
180160;1
180161;2
180162;1
180163;1
180164;5
180167;1
180168;1
180173;1
180174;1
180178;5
180179;1
180181;1
180183;1
180184;1
180185;1
180187;1
180188;1
180189;2
180192;1
180193;1
180194;1
180198;1
180200;1
180201;2
180202;2
180203;1
180204;1
180205;1
180206;5
180207;5
180209;1
180211;2
180212;1
180213;1
180214;5
180215;5
180219;5
180220;1
180223;1
180224;1
180225;5
180227;1
180228;1
180231;1
180232;1
180233;1
180234;1
180237;1
180238;1
180240;1
180241;5
180242;5
180243;2
180249;1
180251;1
180252;5
180253;1
180256;5
180257;1
180258;1
180261;1
180262;1
180263;1
180265;1
180266;1
180267;1
180268;1
180269;2
180275;1
180276;5
180277;1
180284;1
180285;5
180287;1
180289;5
180291;1
180294;2
180296;1
180298;5
180299;1
180300;1
180302;1
180303;1
180306;1
180308;1
180309;1
180311;5
180312;1
180317;5
180319;1
180321;5
180322;1
180323;1
180327;5
180328;1
180329;1
180330;2
180331;1
180332;1
180333;1
180334;2
180335;2
180336;2
180337;1
180338;1
180339;1
180340;1
180341;2
180343;5
180345;1
180346;1
180347;1
180349;5
180350;5
180351;2
180352;2
180353;1
180354;1
180355;5
180357;5
180359;1
180360;1
180361;1
180362;1
180363;1
180364;1
180365;5
180367;5
180368;5
180369;5
180371;1
180372;3
180373;3
180374;1
180376;5
180377;5
180378;1
180380;1
180382;5
180383;1
180384;5
180385;5
180387;1
180390;1
180391;1
180392;1
180401;2
180402;1
180405;5
180406;1
180407;1
180408;1
180409;1
180410;1
180414;1
180418;1
180419;1
180420;1
180421;1
180422;1
180423;1
180427;1
180428;1
180430;1
180431;5
180434;1
180435;1
180437;1
180439;1
180440;1
180441;1
180448;1
180449;1
180452;1
180453;1
180454;1
180455;1
180456;1
180457;1
180458;1
180459;1
180462;1
180463;1
180464;1
180468;1
180469;1
180483;5
180484;1
180485;5
180486;1
180487;1
180489;1
180490;5
180491;5
180492;1
180495;2
180496;1
180501;1
180502;1
180503;1
180504;5
180505;1
180507;1
180509;1
180510;1
180511;1
180512;1
180513;1
180514;1
180515;5
180516;1
180517;1
180520;1
180521;1
180522;1
180523;1
180524;1
180525;1
180526;1
180527;1
180528;1
180529;1
180531;1
180532;1
180533;1
180534;1
180535;1
180536;1
180537;1
180538;1
180539;1
180540;1
180541;1
180542;1
180543;5
180545;1
180546;5
180548;1
180551;1
180552;1
180555;1
180557;1
180561;2
180564;2
180565;1
180569;1
180570;1
180580;1
180581;5
180582;1
180583;5
180585;1
180588;1
180589;1
180590;5
180591;5
180592;5
180593;5
180594;1
180595;1
180599;5
180602;2
180603;5
180604;5
180605;1
180607;5
180608;1
180609;1
180610;1
180612;1
180613;1
180615;1
180616;5
180617;5
180620;1
180622;5
180623;1
180624;1
180625;1
180626;5
180627;5
180628;1
180629;1
180630;1
180631;1
180632;1
180633;5
180634;5
180635;1
180636;1
180637;1
180638;1
180639;1
180640;5
180641;5
180642;1
180643;1
180644;5
180646;1
180647;1
180649;5
180651;1
180652;1
180653;1
180654;1
180655;1
180656;1
180657;5
180658;1
180659;1
180661;1
180662;5
180663;5
180665;5
180667;5
180670;1
180671;1
180672;5
180673;1
180674;1
180675;1
180676;2
180678;1
180679;1
180682;1
180685;1
180686;1
180687;1
180688;1
180689;1
180691;5
180693;1
180696;1
180697;1
180698;1
180699;1
180700;5
180701;5
180702;5
180703;5
180704;5
180705;5
180706;5
180708;1
180709;1
180711;2
180712;2
180714;1
180723;2
180724;1
180725;5
180726;1
180727;1
180728;1
180729;1
180730;1
180731;1
180733;1
180734;1
180735;1
180736;1
180737;1
180738;1
180739;1
180741;1
180742;5
180743;5
180744;5
180745;5
180759;2
180760;1
180762;2
180764;1
180766;2
180769;1
180770;1
180772;2
180773;1
180774;1
180775;1
180776;1
180779;1
180780;1
180781;1
180782;1
180783;1
180788;1
180789;1
180790;1
180791;1
180793;1
180795;1
180796;1
180797;1
180798;1
180799;5
180800;1
180801;1
180802;1
180803;1
180805;2
180806;1
180811;1
180815;1
180816;1
180817;1
180820;1
180823;5
180825;1
180833;1
180834;1
180835;1
180836;1
180837;1
180838;2
180839;1
180840;2
180841;2
180842;1
180844;1
180845;1
180847;1
180850;1
180851;5
180852;5
180853;1
180854;1
180856;1
180858;1
180859;1
180865;1
180867;5
180868;1
180869;2
180872;1
180873;5
180874;1
180875;2
180882;1
180885;3
180886;1
180887;1
180889;1
180890;5
180893;1
180894;1
180898;1
180899;5
180909;1
180910;2
180911;1
180912;1
180913;1
180915;5
180920;5
180921;5
180922;5
180923;1
180925;1
180926;1
180929;1
180934;1
180935;1
180936;2
180937;2
180938;2
180939;1
180940;1
180941;1
180942;1
180946;5
180968;5
180969;1
180973;1
180974;1
180975;1
180976;1
180981;1
180982;1
180984;1
180985;1
180986;1
180987;1
180988;2
180991;1
180993;2
180994;5
180995;5
180997;2
180999;5
181000;5
181001;2
181003;2
181004;2
181006;5
181007;1
181008;1
181011;1
181027;1
181031;1
181034;1
181036;1
181037;1
181038;1
181039;2
181040;2
181043;1
181051;5
181054;1
181055;1
181056;1
181057;1
181058;1
181059;1
181061;1
181062;5
181063;5
181065;5
181066;5
181068;1
181070;1
181072;1
181073;5
181075;2
181076;1
181078;5
181079;1
181084;1
181085;5
181086;5
181087;5
181088;5
181089;5
181096;5
181097;5
181098;5
181099;1
181100;1
181103;1
181104;1
181105;2
181106;5
181107;1
181108;1
181109;1
181110;1
181111;1
181112;2
181113;2
181114;5
181115;1
181117;1
181119;5
181123;1
181124;1
181125;1
181126;1
181135;1
181136;1
181137;1
181138;1
181139;1
181140;1
181141;1
181144;1
181147;1
181148;5
181149;1
181150;1
181151;1
181156;1
181157;2
181167;1
181168;5
181169;5
181171;5
181173;5
181174;5
181176;1
181177;1
181178;1
181179;1
181180;1
181181;2
181183;1
181184;1
181185;1
181186;1
181187;1
181190;1
181191;1
181192;1
181193;1
181194;1
181195;1
181196;1
181197;1
181198;1
181199;1
181200;1
181201;5
181202;1
181203;1
181204;1
181205;1
181208;2
181209;5
181210;1
181212;1
181213;1
181214;1
181215;1
181216;2
181217;2
181218;1
181219;1
181220;1
181221;1
181222;1
181223;1
181226;1
181234;1
181239;1
181240;1
181241;1
181244;1
181245;5
181246;5
181248;1
181249;2
181250;5
181251;1
181252;1
181255;5
181256;1
181257;1
181259;5
181260;1
181262;5
181263;5
181264;5
181266;5
181267;5
181268;5
181269;5
181270;5
181271;1
181272;1
181273;1
181280;1
181282;1
181283;1
181284;1
181285;1
181287;1
181288;1
181289;1
181290;1
181291;1
181292;1
181293;1
181294;1
181295;1
181296;2
181297;2
181298;1
181299;1
181301;1
181302;1
181303;1
181304;1
181305;1
181306;1
181307;1
181308;1
181320;1
181323;5
181324;1
181326;1
181327;1
181328;1
181329;1
181330;1
181331;1
181332;5
181333;5
181334;3
181335;1
181336;1
181337;1
181338;5
181339;2
181342;5
181346;5
181348;1
181349;1
181350;5
181351;1
181358;5
181360;2
181361;2
181362;1
181363;5
181365;5
181369;1
181370;5
181371;5
181372;2
181373;1
181374;1
181375;1
181376;1
181377;5
181380;1
181381;5
181382;5
181383;1
181384;1
181386;1
181387;1
181388;1
181389;1
181390;1
181391;1
181392;2
181399;5
181400;5
181401;2
181402;2
181403;2
181404;2
181405;5
181406;2
181407;5
181411;1
181412;1
181414;1
181415;1
181416;2
181417;1
181420;1
181424;1
181425;1
181426;5
181427;1
181428;1
181429;1
181430;1
181431;1
181432;1
181435;1
181436;1
181437;1
181444;1
181445;1
181446;1
181447;1
181448;1
181449;1
181450;1
181451;1
181452;1
181456;3
181457;1
181458;1
181462;2
181463;2
181464;5
181467;1
181469;1
181470;1
181479;1
181480;1
181484;1
181486;1
181487;1
181488;1
181490;2
181492;2
181497;5
181506;1
181507;2
181508;1
181509;1
181511;1
181512;1
181513;2
181515;1
181516;1
181518;1
181519;1
181521;1
181523;1
181524;2
181525;1
181526;2
181527;1
181529;1
181530;1
181531;2
181532;1
181533;1
181536;5
181537;2
181538;1
181539;1
181548;1
181549;1
181550;1
181551;1
181553;5
181556;1
181557;1
181558;1
181571;2
181572;1
181573;2
181575;2
181576;2
181577;2
181578;2
181579;2
181580;2
181581;1
181582;1
181583;1
181584;1
181585;1
181586;1
181587;1
181589;1
181590;1
181591;1
181592;5
181593;1
181594;1
181596;1
181597;5
181598;2
181600;5
181603;5
181604;1
181605;5
181606;1
181607;1
181614;2
181615;2
181616;1
181617;1
181618;5
181619;1
181620;1
181621;5
181622;5
181623;1
181624;1
181625;5
181626;5
181627;1
181628;2
181632;1
181633;1
181634;2
181636;5
181637;1
181638;1
181639;1
181640;5
181646;5
181649;5
181650;1
181651;5
181652;1
181654;5
181655;1
181656;1
181657;1
181658;1
181659;1
181660;1
181661;1
181662;1
181663;1
181664;1
181665;1
181666;1
181667;5
181668;1
181669;1
181670;1
181673;1
181674;5
181675;5
181676;1
181677;1
181685;1
181686;1
181688;1
181693;1
181694;5
181695;5
181696;5
181699;1
181700;1
181701;1
181702;1
181703;1
181704;1
181705;1
181706;1
181708;1
181709;1
181710;1
181712;1
181715;2
181717;5
181718;1
181720;1
181721;2
181722;2
181723;2
181724;2
181725;1
181728;1
181729;1
181730;1
181731;1
181732;1
181733;1
181736;1
181737;2
181738;2
181740;1
181741;1
181742;5
181743;5
181744;5
181745;2
181748;2
181749;2
181750;2
181751;2
181752;2
181753;2
181754;2
181755;1
181756;2
181759;1
181760;1
181761;1
181762;5
181763;5
181764;1
181765;1
181766;1
181767;1
181768;1
181769;1
181771;5
181772;2
181773;5
181774;1
181775;1
181776;1
181778;1
181779;1
181780;1
181781;1
181787;1
181788;1
181789;1
181791;1
181792;1
181793;1
181794;1
181795;1
181796;5
181797;2
181798;2
181799;2
181800;5
181802;1
181803;2
181804;1
181805;1
181806;1
181807;1
181808;1
181817;5
181818;5
181819;5
181820;5
181821;5
181822;5
181823;5
181824;5
181825;5
181826;5
181827;5
181828;5
181829;5
181831;5
181832;5
181833;5
181835;1
181836;2
181837;5
181838;1
181839;1
181840;1
181842;1
181843;1
181844;1
181846;2
181847;1
181849;1
181850;1
181851;1
181853;1
181854;1
181858;1
181863;5
181864;5
181865;5
181866;1
181869;1
181870;1
181871;5
181872;1
181874;1
181875;1
181876;1
181877;1
181883;1
181884;1
181885;1
181886;5
181888;5
181890;1
181891;1
181892;1
181893;1
181894;1
181895;1
181896;1
181897;1
181898;1
181899;1
181900;1
181901;1
181902;1
181903;1
181904;1
181905;1
181909;2
181910;1
181911;1
181913;1
181914;1
181915;1
181916;1
181917;1
181918;1
181919;1
181920;5
181921;1
181922;1
181923;1
181924;1
181925;1
181926;1
181927;1
181928;2
181931;1
181932;1
181933;5
181934;5
181935;1
181938;5
181939;5
181940;5
181942;5
181943;5
181944;5
181945;5
181946;1
181947;1
181948;1
181949;1
181951;1
181952;1
181954;1
181955;1
181956;1
181957;2
181958;1
181960;1
181961;1
181962;1
181963;1
181964;5
181965;1
181966;1
181967;1
181968;1
181969;1
181970;1
181971;1
181972;1
181973;1
181974;1
181975;1
181976;1
181979;1
181980;1
181981;1
181983;1
181984;1
181985;1
181986;1
181987;1
181988;1
181989;1
181990;1
181991;1
181992;1
181993;2
181994;2
181995;2
181997;1
181998;3
181999;3
182001;5
182002;1
182006;2
182007;1
182008;5
182009;5
182011;1
182012;1
182013;1
182015;1
182017;1
182018;1
182019;5
182020;5
182021;5
182022;1
182023;1
182024;5
182025;5
182026;5
182027;1
182030;1
182031;1
182032;1
182033;1
182034;1
182035;1
182036;1
182038;1
182039;1
182043;2
182044;2
182045;1
182046;2
182047;2
182049;1
182050;2
182051;2
182052;1
182054;1
182055;1
182057;1
182058;1
182059;1
182061;1
182063;1
182064;1
182065;1
182066;1
182067;1
182068;1
182069;1
182071;1
182073;1
182074;1
182075;1
182077;1
182078;1
182079;1
182080;1
182082;2
182083;2
182084;1
182085;1
182087;1
182088;5
182089;1
182090;5
182091;1
182092;2
182093;1
182094;1
182095;1
182097;1
182099;5
182100;5
182101;5
182102;1
182107;2
182109;2
182111;1
182115;1
182116;5
182117;1
182118;1
182119;5
182120;5
182121;5
182122;1
182123;1
182124;2
182129;2
182130;5
182131;5
182132;5
182133;5
182135;5
182136;1
182137;1
182140;1
182141;1
182142;5
182143;1
182144;1
182145;1
182146;1
182147;1
182148;1
182153;1
182154;5
182156;1
182157;5
182158;1
182161;1
182162;1
182167;5
182169;1
182170;1
182171;1
182172;1
182175;1
182176;1
182177;1
182178;1
182179;1
182180;1
182181;1
182183;1
182184;1
182185;1
182186;1
182187;1
182188;1
182192;1
182195;1
182198;1
182199;1
182201;1
182202;1
182203;1
182204;1
182205;5
182206;5
182207;5
182208;1
182209;1
182210;1
182215;1
182216;1
182217;1
182218;1
182219;1
182220;1
182221;1
182222;1
182223;5
182224;5
182225;5
182226;1
182227;2
182228;2
182229;1
182230;1
182233;2
182234;2
182235;2
182237;1
182240;5
182243;1
182244;5
182245;1
182246;5
182247;1
182253;2
182254;5
182256;1
182257;1
182258;1
182259;1
182260;1
182261;1
182262;2
182263;1
182264;1
182265;1
182266;1
182267;1
182268;1
182269;1
182272;5
182274;1
182275;1
182276;1
182277;1
182278;1
182279;2
182280;1
182281;1
182282;1
182283;5
182285;2
182286;2
182287;1
182288;1
182290;1
182292;5
182293;1
182294;5
182295;1
182296;1
182297;1
182298;1
182299;1
182302;1
182303;2
182306;1
182307;2
182309;5
182310;5
182311;1
182312;5
182313;5
182316;1
182317;5
182318;1
182319;5
182320;5
182321;5
182322;1
182330;2
182331;1
182333;1
182337;1
182339;1
182343;1
182346;1
182349;1
182844;5
182845;1
182846;1
182847;1
182850;5
182851;1
182855;1
182856;1
182857;1
182858;1
182859;1
182861;1
182862;1
182864;1
182865;1
182866;1
182867;1
182868;1
182869;1
182870;1
182871;5
182872;5
182873;5
182876;1
182877;5
182878;5
182879;5
182880;5
182881;1
182882;1
182883;1
182884;1
182885;1
182886;1
182887;1
182888;5
182889;1
182890;5
182891;5
182892;5
182893;5
182894;5
182895;5
182896;5
182897;5
182898;5
182899;5
182900;5
182901;5
182902;5
182903;5
182904;5
182905;5
182906;5
182907;5
182908;5
182909;5
182910;1
182911;1
182912;1
182914;1
182915;1
182916;1
182917;1
182918;1
182919;1
182920;1
182921;1
182923;1
182924;1
182925;5
182926;5
182927;5
182928;5
182929;5
182930;5
182931;5
182932;5
182933;1
182934;1
182935;1
182936;5
182939;5
182940;1
182941;1
182942;1
182943;1
182944;1
182945;1
182946;1
182947;1
182948;5
182953;1
182955;5
182956;1
182957;1
182958;1
182959;1
182963;1
182966;1
182967;1
182968;1
182969;2
182971;1
182972;1
182973;1
182975;5
182976;2
182977;1
182978;1
182979;1
182980;1
182982;1
182983;1
182984;1
182986;2
182987;2
182988;2
182989;1
182990;1
182991;1
182992;1
182993;1
182994;1
182995;1
182996;1
182998;1
182999;5
183003;5
183004;5
183005;5
183006;5
183007;1
183008;5
183009;5
183010;5
183013;2
183014;2
183015;2
183016;1
183017;1
183018;1
183019;1
183020;1
183021;2
183022;1
183023;1
183024;1
183025;5
183026;2
183027;1
183029;5
183030;5
183031;5
183032;5
183033;5
183034;5
183035;5
183037;1
183038;5
183039;5
183040;5
183043;2
183044;2
183045;1
183046;5
183047;1
183048;1
183049;1
183050;1
183051;1
183052;1
183053;1
183054;1
183055;5
183056;1
183057;5
183060;1
183061;1
183065;1
183066;1
183068;1
183069;1
183070;5
183071;5
183072;1
183074;1
183075;1
183076;1
183077;2
183078;2
183079;1
183080;1
183081;5
183082;5
183083;1
183085;2
183086;5
183087;1
183088;1
183089;1
183090;1
183092;1
183093;1
183094;1
183095;1
183096;1
183097;1
183098;1
183099;1
183100;1
183106;1
183107;2
183108;1
183109;1
183110;1
183111;1
183112;1
183113;1
183114;1
183115;1
183116;1
183117;1
183118;1
183119;1
183120;5
183121;1
183122;1
183123;1
183124;1
183125;1
183126;5
183127;1
183128;1
183129;1
183130;1
183131;1
183132;1
183133;1
183134;1
183135;5
183136;5
183138;1
183139;1
183140;2
183141;2
183142;2
183143;5
183144;5
183145;2
183146;1
183148;1
183149;5
183150;1
183151;1
183152;5
183153;1
183154;1
183155;5
183156;5
183157;1
183158;1
183159;1
183160;1
183161;1
183162;1
183163;1
183164;1
183165;5
183166;5
183167;1
183168;1
183169;1
183170;1
183171;1
183173;1
183174;1
183175;5
183176;1
183177;1
183178;5
183179;1
183180;5
183181;2
183182;1
183183;1
183184;1
183185;2
183186;2
183187;2
183188;2
183189;2
183190;2
183192;2
183193;2
183194;2
183195;5
183196;5
183197;2
183200;1
183202;1
183203;1
183204;1
183205;1
183206;1
183207;1
183208;1
183209;2
183210;2
183211;2
183213;2
183214;2
183215;1
183219;1
183221;1
183222;1
183223;1
183224;1
183225;1
183226;1
183227;1
183228;1
183229;5
183234;5
183240;1
183241;1
183243;1
183244;1
183245;1
183246;1
183247;1
183249;1
183251;1
183252;1
183253;1
183254;1
183255;1
183256;1
183257;1
183258;1
183259;1
183260;1
183261;1
183262;1
183263;1
183264;1
183265;1
183266;1
183267;1
183268;1
183269;1
183270;1
183272;1
183273;1
183274;5
183275;5
183276;1
183277;1
183279;1
183280;1
183281;5
183282;5
183285;1
183286;1
183287;1
183288;1
183291;1
183292;1
183293;1
183294;2
183295;2
183296;5
183297;1
183298;1
183299;1
183300;1
183301;1
183302;1
183303;5
183304;1
183308;1
183311;1
183312;1
183313;2
183314;1
183315;1
183316;5
183317;1
183318;1
183319;1
183320;1
183321;1
183323;5
183325;1
183326;1
183327;1
183328;1
183329;5
183330;5
183332;1
183333;1
183334;1
183335;1
183336;1
183337;1
183338;1
183339;1
183340;1
183341;1
183342;1
183343;1
183344;5
183345;5
183346;1
183347;5
183348;1
183349;1
183350;1
183351;1
183352;1
183353;1
183354;1
183355;1
183356;1
183359;5
183360;1
183361;1
183362;1
183363;5
183364;5
183365;2
183366;1
183367;1
183368;5
183371;1
183372;1
183373;1
183374;1
183375;1
183376;2
183377;5
183379;1
183380;1
183381;1
183382;1
183383;1
183384;2
183385;2
183387;1
183388;1
183389;1
183390;1
183391;1
183392;1
183393;5
183394;5
183395;5
183396;1
183397;1
183399;1
183400;1
183401;1
183402;1
183403;1
183404;1
183405;1
183406;1
183407;1
183408;1
183409;1
183410;1
183411;1
183412;5
183413;1
183414;5
183415;5
183416;1
183417;1
183418;1
183419;2
183421;2
183422;2
183423;2
183424;1
183425;1
183426;1
183427;1
183428;1
183429;1
183430;1
183431;1
183433;1
183434;1
183435;1
183436;5
183437;5
183438;1
183439;1
183440;2
183441;3
183442;1
183443;1
183444;1
183446;1
183447;5
183448;1
183449;5
183450;1
183451;5
183452;5
183454;1
183455;1
183456;1
183457;5
183458;2
183461;1
183462;1
183463;1
183464;5
183465;1
183466;1
183467;1
183468;1
183469;1
183470;1
183471;2
183472;2
183473;1
183474;1
183475;1
183476;1
183477;1
183478;2
183479;2
183480;2
183481;2
183482;2
183483;2
183484;2
183485;2
183486;2
183487;2
183488;2
183489;2
183490;2
183491;2
183492;2
183493;2
183494;2
183495;1
183496;1
183497;1
183498;1
183499;1
183500;1
183501;1
183502;1
183503;1
183504;1
183505;1
183506;1
183507;1
183508;1
183509;1
183510;1
183511;1
183512;1
183513;1
183514;1
