GID;Acumulacion_general
176346;6
182296;6
129611;6
102359;6
138762;6
138724;6
138761;6
138796;6
138797;6
183207;6
105556;6
105558;6
137512;6
181993;6
183470;6
181853;6
134642;6
134719;6
134630;6
183425;6
107588;6
107599;6
183463;6
181381;6
181720;6
181704;6
170352;6
170372;6
182920;6
143752;6
124657;6
183585;6
129281;6
164878;6
101524;6
183166;6
129392;6
102205;6
102161;6
115258;6
102195;6
102194;6
102197;6
102169;6
102215;6
174072;6
101564;6
104420;6
104422;6
104380;6
104376;6
104366;6
115758;6
129399;6
101590;6
142214;6
142264;6
142275;6
142244;6
142195;6
183026;6
134182;6
175101;6
181403;6
181404;6
142269;6
179043;6
134368;6
159812;6
107663;6
107664;6
107621;6
180101;6
181467;6
107711;6
177274;6
180401;6
107748;6
180910;6
181105;6
125016;6
125044;6
142211;6
142172;6
180097;6
113872;6
107649;6
183007;6
125036;6
125038;6
181949;6
107640;6
107641;6
107643;6
179170;6
107718;6
163852;6
107665;6
180915;6
180241;6
102413;6
180723;6
115697;6
181250;6
114451;6
100442;6
124721;6
105365;6
180988;6
107642;6
181068;6
181072;6
154772;6
107660;6
181027;6
107662;6
142290;6
176067;6
105345;6
105307;6
115709;6
114470;6
114472;6
119192;6
114456;6
118372;6
114458;6
181784;6
182156;6
101512;6
182293;6
183419;6
183377;6
124766;6
124768;6
133948;6
142251;6
129440;6
129456;6
129217;6
179989;6
154413;6
179993;6
114394;6
177497;6
175492;6
129133;6
117180;6
129104;6
114404;6
114241;6
183366;6
177479;6
114246;6
114315;6
172173;6
180994;6
114328;6
105381;6
105310;6
142437;6
181886;6
100577;6
169712;6
124735;6
124713;6
182953;6
133962;6
183149;6
124962;6
176216;6
180847;6
114527;6
114511;6
114490;6
118832;6
116781;6
183229;6
101661;6
124920;6
183422;6
136832;6
116637;6
116665;6
178809;6
182177;6
182932;6
141633;6
175883;6
141440;6
180770;6
141388;6
141432;6
141389;6
141434;6
141375;6
124742;6
124693;6
177393;6
177458;6
175347;6
141351;6
141486;6
141544;6
141543;6
183611;6
181437;6
146712;6
146752;6
101873;6
124540;6
141472;6
124578;6
176325;6
124398;6
175491;6
124396;6
124473;6
124475;6
124476;6
105247;6
177182;6
177166;6
178175;6
176126;6
124581;6
163753;6
177120;6
124837;6
124142;6
100630;6
125930;6
124439;6
124438;6
124728;6
129529;6
183121;6
142109;6
142078;6
142606;6
183029;6
131093;6
180155;6
180150;6
179154;6
107796;6
179160;6
107447;6
141714;6
183509;6
182254;6
179250;6
183414;6
124435;6
124447;6
125092;6
180256;6
147532;6
124201;6
124234;6
124233;6
124826;6
176947;6
142547;6
181220;6
142517;6
181382;6
177024;6
178830;6
182130;6
183471;6
181826;6
182020;6
180311;6
180627;6
183547;6
105685;6
100611;6
124377;6
183417;6
182119;6
181219;6
101332;6
105438;6
124298;6
141745;6
181717;6
141662;6
141664;6
142551;6
124203;6
124270;6
100711;6
100764;6
100765;6
124247;6
175032;6
124195;6
124215;6
124194;6
183154;6
124281;6
124256;6
124183;6
124182;6
124184;6
124246;6
124180;6
124282;6
179208;6
124700;6
178935;6
124746;6
180609;6
183436;6
181694;6
100760;6
183280;6
160012;6
124319;6
183447;6
180032;6
124871;6
124854;6
124793;6
180113;6
179129;6
106997;6
138672;6
183192;6
182332;6
129357;6
129338;6
134704;6
179077;6
176133;6
183472;6
182330;6
134759;6
183185;6
134784;6
182046;6
134810;6
183294;6
180495;6
107191;6
180676;6
134736;6
124981;6
182870;5
182337;5
182889;5
182339;5
182914;5
175405;5
142218;5
180189;5
183296;5
138738;5
138729;5
182928;5
180974;5
180973;5
129469;5
129443;5
129424;5
177290;5
129461;5
129463;5
129394;5
141926;5
141979;5
142012;5
141816;5
141929;5
141918;5
176990;5
176991;5
141980;5
141981;5
183157;5
141982;5
141989;5
141991;5
142016;5
141990;5
141871;5
142514;5
141995;5
141992;5
149954;5
141996;5
141997;5
141998;5
141886;5
141853;5
141938;5
141884;5
141887;5
146612;5
141940;5
141925;5
182975;5
177407;5
142487;5
142488;5
142489;5
183180;5
124177;5
124231;5
176992;5
176994;5
176995;5
141917;5
141919;5
141920;5
141869;5
141870;5
142163;5
142165;5
142166;5
142167;5
166012;5
124099;5
159034;5
124149;5
142527;5
142492;5
146173;5
142569;5
142493;5
142529;5
177405;5
177406;5
179248;5
179249;5
177443;5
177442;5
105294;5
180382;5
181209;5
124101;5
124100;5
124098;5
124095;5
115652;5
124117;5
142116;5
142113;5
142114;5
105254;5
177455;5
166692;5
105260;5
177456;5
117832;5
101920;5
115663;5
115665;5
115664;5
115645;5
124230;5
177408;5
177409;5
177453;5
177454;5
129657;5
129635;5
180851;5
129636;5
129659;5
129660;5
129662;5
141535;5
183055;5
115650;5
129551;5
129556;5
181913;5
105293;5
180369;5
105292;5
177394;5
180626;5
183046;5
177392;5
105268;5
105269;5
105270;5
105271;5
118612;5
179231;5
129673;5
129596;5
180852;5
129632;5
129656;5
129634;5
129648;5
180644;5
129674;5
129609;5
143715;5
143718;5
141571;5
141595;5
183569;5
141196;5
183234;5
172452;5
129651;5
129476;5
177457;5
177420;5
136352;5
129654;5
129671;5
175938;5
129669;5
173033;5
129652;5
182133;5
129650;5
129647;5
129601;5
129600;5
129598;5
131792;5
129597;5
135992;5
179800;5
178785;5
183409;5
181331;5
181332;5
116677;5
116729;5
180249;5
116679;5
116748;5
116707;5
180434;5
155052;5
116800;5
178883;5
129621;5
175390;5
105274;5
177462;5
179219;5
179220;5
179221;5
162055;5
163212;5
183554;5
183555;5
105933;5
105932;5
116801;5
116668;5
152195;5
116682;5
180875;5
180269;5
180007;5
105375;5
105378;5
105329;5
105379;5
105330;5
176574;5
116704;5
116736;5
116737;5
131492;5
179816;5
179944;5
105272;5
129432;5
129405;5
129369;5
129379;5
105373;5
105372;5
182243;5
142322;5
142325;5
142289;5
105341;5
105340;5
120992;5
120972;5
105391;5
176129;5
183440;5
183214;5
182286;5
163012;5
142284;5
142280;5
142285;5
142378;5
142371;5
129427;5
129434;5
129409;5
129411;5
129407;5
129408;5
129389;5
142324;5
142323;5
105321;5
105322;5
181593;5
105367;5
181661;5
183517;5
181594;5
105325;5
129377;5
129428;5
129439;5
174572;5
174592;5
183376;5
129453;5
129459;5
129395;5
129397;5
180252;5
129464;5
181626;5
182850;5
101577;5
100467;5
105308;5
105348;5
109032;5
105409;5
142288;5
142360;5
182085;5
180691;5
129465;5
129400;5
129401;5
129467;5
129435;5
129376;5
129419;5
129421;5
129417;5
183557;5
176723;5
100485;5
100451;5
100487;5
182987;5
182986;5
183558;5
181339;5
176724;5
182107;5
182109;5
142265;5
160652;5
142219;5
142205;5
142206;5
142203;5
142189;5
142204;5
182084;5
152114;5
129423;5
102223;5
182346;5
183349;5
181203;5
182154;5
129468;5
129402;5
129466;5
180667;5
129444;5
129372;5
129449;5
181550;5
182988;5
182912;5
182871;5
182930;5
129613;5
102361;5
182918;5
182917;5
180984;5
182343;5
182915;5
182916;5
182910;5
182911;5
182929;5
142215;5
142216;5
141993;5
141937;5
141923;5
141883;5
141924;5
141885;5
181334;5
141977;5
141978;5
142009;5
141984;5
141985;5
177303;5
125031;5
102371;5
182919;5
100402;4
177041;4
107953;4
107952;4
107849;4
107918;4
107917;4
107903;4
107896;4
182017;4
180714;4
107170;4
107172;4
107171;4
138601;4
138566;4
107181;4
183176;4
181954;4
107126;4
107193;4
107194;4
107127;4
182158;4
129344;4
129355;4
129290;4
129335;4
129291;4
129336;4
129287;4
107123;4
107146;4
160872;4
160892;4
107161;4
160912;4
129332;4
180357;4
129305;4
129334;4
129333;4
129289;4
181675;4
181196;4
107847;4
179212;4
107901;4
179247;4
174092;4
107881;4
107904;4
182906;4
182905;4
182903;4
107911;4
107910;4
181804;4
107908;4
180077;4
107906;4
100398;4
132632;4
100415;4
100400;4
155372;4
100392;4
100393;4
100341;4
100342;4
100394;4
107381;4
182263;4
124594;4
124658;4
124659;4
181660;4
181329;4
181637;4
181488;4
181486;4
181487;4
182925;4
182926;4
182907;4
129286;4
129285;4
129282;4
129343;4
180665;4
181464;4
181553;4
129283;4
183359;4
107374;4
107375;4
107378;4
107368;4
107369;4
107366;4
107362;4
107363;4
107920;4
182909;4
182908;4
107921;4
147893;4
147896;4
118712;4
180028;4
108212;4
108172;4
108153;4
108132;4
147913;4
129330;4
100386;4
100413;4
183134;4
100388;4
100389;4
100396;4
100397;4
100343;4
100344;4
100345;4
100933;4
100383;4
157867;4
100340;4
183243;4
102192;4
170692;4
102198;4
181051;4
102193;4
113232;4
113992;4
113972;4
142261;4
176330;4
145852;4
142270;4
142236;4
145833;4
142234;4
142256;4
142207;4
142226;4
181749;4
178967;4
145772;4
181748;4
142223;4
142224;4
180275;4
134450;4
176352;4
134504;4
134463;4
134464;4
134503;4
179242;4
134491;4
179041;4
134501;4
151872;4
134445;4
134413;4
134437;4
134411;4
179864;4
181990;4
134494;4
134409;4
134449;4
176364;4
134495;4
143652;4
175751;4
141092;4
181795;4
141112;4
137154;4
134306;4
134307;4
134327;4
137134;4
183023;4
134408;4
145032;4
134410;4
134423;4
134424;4
134457;4
134489;4
179098;4
107587;4
107517;4
107586;4
107516;4
107575;4
107518;4
107592;4
113812;4
107591;4
180987;4
180986;4
109092;4
107571;4
107570;4
180004;4
137133;4
134350;4
134313;4
181330;4
140852;4
181632;4
181633;4
134348;4
107555;4
107580;4
107579;4
179304;4
107521;4
107574;4
179109;4
180670;4
179303;4
179305;4
180595;4
179116;4
179115;4
134345;4
134347;4
134346;4
181412;4
170452;4
134396;4
180729;4
181251;4
134362;4
137132;4
134404;4
134403;4
134402;4
134383;4
180179;4
134241;4
180392;4
181470;4
159572;4
181905;4
134202;4
134239;4
182302;4
172112;4
134299;4
170472;4
180728;4
134303;4
134302;4
183106;4
134213;4
134214;4
182123;4
134270;4
134211;4
134261;4
134269;4
134209;4
134210;4
134297;4
134381;4
134378;4
134377;4
134376;4
134390;4
134343;4
180427;4
180428;4
177086;4
180371;4
183488;4
183487;4
183486;4
183485;4
183483;4
183484;4
176267;4
134300;4
134266;4
134219;4
134298;4
134212;4
134293;4
134285;4
155819;4
159832;4
179182;4
181636;4
179181;4
176512;4
180276;4
134284;4
134258;4
137092;4
137076;4
137075;4
137072;4
137074;4
161433;4
183489;4
180592;4
176238;4
180591;4
180590;4
176237;4
176236;4
171772;4
170092;4
183482;4
183481;4
173452;4
134256;4
134257;4
134291;4
134216;4
134221;4
134268;4
134267;4
134224;4
134220;4
134273;4
180491;4
134272;4
134197;4
134289;4
180298;4
143812;4
183491;4
183490;4
180593;4
134249;4
134250;4
137352;4
134254;4
134215;4
107564;4
107563;4
107562;4
107565;4
107508;4
107567;4
179094;4
158432;4
107506;4
107557;4
107556;4
107554;4
107553;4
107552;4
107576;4
134203;4
107507;4
107607;4
107523;4
107543;4
107542;4
107549;4
107532;4
107531;4
179113;4
107530;4
181580;4
113892;4
107524;4
107528;4
134262;4
134245;4
134246;4
134247;4
134248;4
158532;4
158516;4
180602;4
181426;4
107534;4
107533;4
117392;4
107541;4
107540;4
179093;4
107513;4
180762;4
174012;4
107544;4
179719;4
134102;4
134180;4
183020;4
181837;4
134178;4
134133;4
177446;4
183017;4
177447;4
134118;4
134120;4
134101;4
183019;4
134100;4
134131;4
181901;4
134132;4
134170;4
134171;4
176565;4
176510;4
181854;4
134130;4
134103;4
142852;4
134176;4
181794;4
134135;4
173272;4
181902;4
134173;4
179065;4
134113;4
134098;4
107754;4
177346;4
179921;4
177348;4
179086;4
177350;4
177349;4
156413;4
107760;4
107759;4
175336;4
107762;4
107764;4
107765;4
179110;4
179112;4
175423;4
142399;4
180146;4
142395;4
142396;4
181846;4
181218;4
175792;4
181212;4
176739;4
176738;4
176737;4
176736;4
176735;4
176734;4
176733;4
176732;4
180652;4
176730;4
177268;4
176729;4
176755;4
176754;4
176753;4
176752;4
177006;4
176750;4
176749;4
179870;4
176748;4
176747;4
176746;4
176745;4
176744;4
176743;4
176742;4
176741;4
176740;4
177481;4
176762;4
176761;4
176760;4
176759;4
176758;4
177289;4
179849;4
181591;4
176756;4
142014;4
142013;4
167072;4
180148;4
182876;4
142020;4
142000;4
182299;4
142001;4
141999;4
142008;4
142007;4
149973;4
176138;4
142026;4
142027;4
180893;4
180894;4
142002;4
101425;4
181665;4
179336;4
101424;4
181914;4
176080;4
101339;4
101427;4
101428;4
101423;4
156533;4
101431;4
101434;4
101356;4
101355;4
101416;4
179945;4
179965;4
177123;4
177122;4
177129;4
177252;4
177128;4
177127;4
177126;4
177125;4
177124;4
124572;4
124673;4
160732;4
124649;4
124646;4
124647;4
179979;4
179978;4
179977;4
182283;4
179976;4
124672;4
176550;4
181731;4
183439;4
181255;4
181257;4
181256;4
176257;4
124601;4
124638;4
181891;4
181890;4
179981;4
179980;4
141307;4
180504;4
141303;4
141296;4
141332;4
180296;4
141342;4
180769;4
141448;4
141445;4
141444;4
141441;4
141311;4
141312;4
180374;4
180489;4
180513;4
180514;4
180512;4
180511;4
141300;4
180487;4
141310;4
141261;4
180517;4
180516;4
141308;4
141313;4
141314;4
141322;4
141321;4
141316;4
141340;4
141262;4
179311;4
175106;4
141284;4
180490;4
180505;4
141348;4
141206;4
179987;4
179986;4
179985;4
179984;4
179983;4
179669;4
179668;4
179667;4
182319;4
179982;4
141209;4
141251;4
180632;4
183112;4
176603;4
183497;4
176601;4
183115;4
180816;4
176600;4
176599;4
180815;4
176598;4
176597;4
176596;4
176612;4
176611;4
176610;4
176609;4
180935;4
183111;4
176608;4
183117;4
183116;4
180896;4
183113;4
183272;4
176607;4
176606;4
176605;4
176604;4
176617;4
176616;4
176615;4
101930;4
176613;4
124628;4
124602;4
124618;4
124651;4
124616;4
124645;4
101925;4
124615;4
124643;4
124644;4
124627;4
124598;4
183312;4
124642;4
124624;4
179020;4
167193;4
124607;4
124664;4
168772;4
124669;4
124667;4
124668;4
118045;4
183525;4
183526;4
118106;4
118037;4
118036;4
160532;4
163372;4
118033;4
183514;4
183513;4
118081;4
118080;4
118040;4
118060;4
181144;4
152232;4
118092;4
118093;4
118034;4
177512;4
181389;4
181388;4
124662;4
124597;4
180205;4
181391;4
181390;4
118035;4
162872;4
118090;4
183456;4
118079;4
118038;4
118046;4
118084;4
118115;4
118114;4
118068;4
118111;4
118112;4
118083;4
124665;4
177511;4
118082;4
118110;4
118109;4
177372;4
118062;4
118041;4
118061;4
182935;4
118075;4
118116;4
180173;4
118087;4
140154;4
118069;4
118098;4
118099;4
118097;4
118096;4
175928;4
178059;4
118067;4
179150;4
179151;4
181183;4
118095;4
118051;4
118048;4
118047;4
118085;4
118043;4
118118;4
169392;4
118044;4
118076;4
180887;4
180886;4
118100;4
180406;4
118105;4
100395;4
125063;3
124996;3
124995;3
124975;3
124976;3
124990;3
124991;3
124992;3
125048;3
125014;3
125013;3
125050;3
125049;3
107877;3
107878;3
129358;3
182027;3
129308;3
180333;3
180140;3
180141;3
180139;3
175694;3
107154;3
107179;3
107178;3
107177;3
107176;3
107158;3
107159;3
181774;3
117189;3
125892;3
162332;3
125836;3
171972;3
125841;3
132812;3
179398;3
178285;3
125837;3
162352;3
125809;3
180640;3
172032;3
176215;3
117206;3
129134;3
183426;3
129071;3
178218;3
129070;3
129053;3
180213;3
183404;3
183405;3
176322;3
117193;3
176242;3
117200;3
117201;3
176370;3
176619;3
116857;3
116827;3
116828;3
116815;3
116854;3
116775;3
166453;3
166452;3
116813;3
116826;3
137832;3
116830;3
116763;3
116762;3
175897;3
129152;3
129057;3
129054;3
129158;3
183427;3
116853;3
116852;3
116851;3
116770;3
116769;3
116812;3
136112;3
168033;3
121355;3
116858;3
116759;3
116760;3
116793;3
116825;3
116824;3
116810;3
129154;3
183428;3
129061;3
129118;3
129145;3
129117;3
129116;3
129115;3
129135;3
129146;3
180081;3
129114;3
116773;3
116772;3
116782;3
126104;3
126106;3
126077;3
126049;3
126047;3
126046;3
126076;3
126052;3
179935;3
116757;3
121417;3
116768;3
116767;3
116849;3
116850;3
116836;3
116835;3
116834;3
116766;3
120252;3
116806;3
116847;3
183274;3
116804;3
116803;3
116809;3
116823;3
137812;3
137752;3
116820;3
116819;3
116818;3
116817;3
161812;3
116755;3
116780;3
173052;3
116837;3
116754;3
116833;3
116777;3
171953;3
116753;3
173092;3
116848;3
101688;3
101632;3
101658;3
101668;3
101656;3
101657;3
101645;3
101662;3
101660;3
101659;3
101663;3
155552;3
101634;3
101667;3
116786;3
180212;3
101680;3
180312;3
101682;3
181377;3
156412;3
180363;3
116844;3
116842;3
116798;3
116797;3
180484;3
116840;3
116841;3
178719;3
179348;3
101653;3
116648;3
116634;3
116633;3
172893;3
172892;3
169352;3
101666;3
101664;3
101675;3
144552;3
101672;3
101676;3
183061;3
183060;3
101678;3
101681;3
170012;3
116630;3
180703;3
180704;3
180706;3
180705;3
180701;3
180700;3
180702;3
116610;3
116742;3
116741;3
116705;3
116636;3
116651;3
116594;3
116586;3
165612;3
116600;3
116601;3
169412;3
135892;3
116581;3
116628;3
116606;3
183171;3
116627;3
181807;3
181850;3
116660;3
116659;3
116632;3
180035;3
175921;3
169433;3
170432;3
116602;3
116647;3
116592;3
116591;3
116625;3
116654;3
116641;3
116609;3
116590;3
116589;3
181808;3
180858;3
116652;3
116653;3
116642;3
183168;3
116643;3
183251;3
116620;3
169192;3
183565;3
183169;3
116605;3
116619;3
116656;3
116655;3
116580;3
116618;3
129074;3
129119;3
129072;3
129159;3
129147;3
116577;3
116617;3
116576;3
116575;3
180853;3
180854;3
180856;3
116579;3
116578;3
135872;3
116623;3
101692;3
101691;3
181919;3
101696;3
176614;3
176676;3
180557;3
176668;3
129106;3
129073;3
129067;3
129063;3
129123;3
129065;3
129064;3
129121;3
101648;3
101725;3
176254;3
101639;3
116573;3
116638;3
116597;3
116604;3
116603;3
143714;3
181918;3
181376;3
101635;3
181373;3
101697;3
121532;3
116598;3
116639;3
116612;3
116572;3
129062;3
178058;3
178026;3
114389;3
114434;3
114407;3
114400;3
183365;3
177490;3
114432;3
181375;3
101665;3
177495;3
114421;3
114386;3
177494;3
176595;3
176594;3
176593;3
176592;3
143713;3
143712;3
143694;3
143693;3
143692;3
176259;3
116615;3
116574;3
183264;3
180653;3
180615;3
180682;3
101638;3
101647;3
101651;3
101642;3
101641;3
101649;3
101652;3
101643;3
113572;3
153252;3
114433;3
177487;3
176560;3
176559;3
176558;3
176557;3
176591;3
176590;3
176589;3
176588;3
176587;3
180865;3
176586;3
176584;3
176583;3
183499;3
183498;3
176577;3
114416;3
177492;3
114413;3
114411;3
114412;3
177386;3
178725;3
114390;3
114408;3
114435;3
114397;3
114427;3
114428;3
180583;3
141238;3
180265;3
101715;3
101714;3
101722;3
101721;3
101720;3
101719;3
101718;3
101723;3
175915;3
114424;3
114401;3
181249;3
114396;3
177496;3
114418;3
114415;3
179066;3
183450;3
141431;3
141354;3
141429;3
141302;3
149932;3
180486;3
101711;3
101646;3
183504;3
183505;3
183506;3
182079;3
182078;3
182077;3
141397;3
141358;3
141357;3
114423;3
114392;3
114420;3
114334;3
114361;3
114345;3
114360;3
114370;3
114350;3
114359;3
178938;3
176309;3
179067;3
141423;3
175913;3
164332;3
141374;3
141372;3
141370;3
180510;3
180509;3
141396;3
141435;3
124787;3
125192;3
124870;3
124868;3
124869;3
141390;3
141418;3
179739;3
141416;3
141414;3
180911;3
141410;3
141409;3
141408;3
141407;3
141428;3
141426;3
141425;3
124867;3
141381;3
141379;3
175912;3
141412;3
183449;3
141405;3
141406;3
141401;3
141400;3
141415;3
141363;3
141362;3
141399;3
141369;3
141368;3
141366;3
141421;3
141350;3
141349;3
176555;3
176554;3
176552;3
177280;3
176578;3
176581;3
176580;3
183263;3
183266;3
176564;3
176563;3
183267;3
183265;3
176562;3
176561;3
141413;3
124599;3
124609;3
124629;3
124608;3
180188;3
181619;3
114430;3
182022;3
114398;3
181086;3
181085;3
181089;3
181088;3
176310;3
176312;3
176556;3
124801;3
124537;3
183050;3
183051;3
183056;3
183052;3
183053;3
183054;3
172474;3
124670;3
124611;3
124630;3
124610;3
124634;3
124612;3
124632;3
177130;3
124515;3
124514;3
124501;3
124500;3
124498;3
179938;3
124541;3
124539;3
124840;3
124866;3
124785;3
124786;3
124803;3
161172;3
124802;3
101591;3
181374;3
183571;3
124569;3
124568;3
124579;3
124571;3
179595;3
176125;3
124563;3
166314;3
177135;3
177134;3
183495;3
177132;3
177131;3
124862;3
180013;3
175911;3
142169;3
114348;3
180206;3
180207;3
114377;3
114376;3
114362;3
114336;3
114373;3
114375;3
114335;3
114353;3
177475;3
147172;3
180014;3
124860;3
124834;3
181333;3
183003;3
182999;3
181864;3
124838;3
124784;3
124836;3
124809;3
165952;3
124865;3
124863;3
124800;3
142155;3
146772;3
183135;3
142094;3
183025;3
180012;3
142093;3
142092;3
142168;3
142115;3
165656;3
142162;3
142112;3
142159;3
142158;3
142164;3
142082;3
142151;3
146692;3
142085;3
181888;3
142148;3
142147;3
175365;3
142080;3
175910;3
142111;3
142110;3
179587;3
142108;3
180015;3
183136;3
179809;3
179812;3
179807;3
179808;3
142071;3
183518;3
142074;3
142073;3
142127;3
142091;3
175369;3
142088;3
142087;3
142086;3
142131;3
164213;3
179806;3
142106;3
142105;3
146652;3
142142;3
142141;3
142126;3
142098;3
142102;3
180890;3
142149;3
142079;3
142077;3
142076;3
142146;3
142170;3
142096;3
142150;3
142134;3
142139;3
142095;3
142121;3
142135;3
142133;3
142132;3
142138;3
142144;3
142070;3
142069;3
142068;3
179811;3
142067;3
142631;3
146372;3
146412;3
142613;3
142608;3
142603;3
142605;3
142604;3
142601;3
142588;3
142100;3
142099;3
182207;3
182206;3
142140;3
142097;3
176980;3
176979;3
176978;3
176977;3
176976;3
176975;3
176974;3
176973;3
176972;3
176971;3
176970;3
101421;3
101420;3
142634;3
183345;3
183344;3
181863;3
183004;3
124832;3
178966;3
178963;3
178964;3
178965;3
181371;3
181370;3
181640;3
176955;3
176954;3
176953;3
176983;3
176982;3
180837;3
176898;3
176897;3
176896;3
176969;3
176966;3
176968;3
176965;3
176964;3
176963;3
176962;3
176961;3
176960;3
176959;3
176958;3
176957;3
176956;3
176949;3
176948;3
176946;3
124828;3
124859;3
124875;3
124825;3
124824;3
124822;3
124823;3
176945;3
176944;3
176943;3
176942;3
176941;3
176899;3
114339;3
114384;3
176777;3
114352;3
114367;3
176887;3
176886;3
176885;3
176884;3
179676;3
176882;3
176881;3
176880;3
176952;3
176951;3
176950;3
179506;3
176891;3
176890;3
176889;3
176888;3
101596;3
101552;3
101553;3
183570;3
101554;3
101621;3
182157;3
101707;3
101706;3
181796;3
114385;3
183034;3
183120;3
183035;3
124844;3
181400;3
181399;3
124807;3
124808;3
179317;3
176253;3
176866;3
176865;3
176864;3
176895;3
176894;3
176893;3
114368;3
114356;3
114382;3
114381;3
180663;3
180662;3
180968;3
181087;3
114463;3
114461;3
172472;3
114459;3
177088;3
114460;3
114442;3
114443;3
124732;3
124730;3
183371;3
183434;3
183433;3
124325;3
124323;3
124318;3
124317;3
179263;3
124294;3
172612;3
178948;3
183031;3
183033;3
183032;3
183158;3
181292;3
181291;3
124354;3
124292;3
183367;3
183368;3
124333;3
124347;3
183438;3
183308;3
183372;3
124372;3
182023;3
181693;3
124699;3
176878;3
176877;3
176876;3
176875;3
176874;3
176873;3
176872;3
176871;3
176870;3
176869;3
176868;3
176867;3
141768;3
124358;3
179264;3
124384;3
176861;3
176860;3
181656;3
176859;3
176858;3
176857;3
176856;3
180555;3
176854;3
176853;3
176852;3
176851;3
181646;3
181063;3
105518;3
176879;3
124385;3
168592;3
124355;3
124334;3
181007;3
181820;3
181821;3
181822;3
180622;3
105500;3
183452;3
179261;3
105506;3
181062;3
176863;3
176862;3
125472;3
181920;3
182019;3
181817;3
181818;3
181819;3
183418;3
166812;3
182982;3
182983;3
125272;3
124393;3
179090;3
124360;3
124357;3
124386;3
114341;3
181336;3
181337;3
181335;3
183037;3
114447;3
183027;3
114467;3
114468;3
180565;3
176806;3
176805;3
176804;3
176803;3
176802;3
105503;3
181115;3
114449;3
181781;3
181779;3
181780;3
114445;3
114477;3
114479;3
114478;3
114484;3
114485;3
114455;3
114454;3
114342;3
114344;3
114343;3
180737;3
179232;3
179229;3
180736;3
180735;3
179301;3
160272;3
139102;3
139193;3
181191;3
181190;3
180741;3
114466;3
114465;3
180874;3
181114;3
139157;3
139156;3
139110;3
139153;3
139125;3
139124;3
181193;3
139175;3
139154;3
164652;3
139190;3
139099;3
139120;3
139173;3
139092;3
180738;3
139174;3
178507;3
178506;3
139116;3
179233;3
139141;3
139169;3
176655;3
179230;3
139111;3
139112;3
139180;3
139127;3
139108;3
139194;3
181362;3
105429;3
176199;3
105507;3
179258;3
179471;3
105442;3
105443;3
125452;3
105427;3
105489;3
179266;3
180617;3
180616;3
105497;3
166972;3
176209;3
177311;3
180116;3
180117;3
105689;3
177429;3
105688;3
181831;3
183008;3
173852;3
105691;3
179927;3
118692;3
105693;3
141052;3
105430;3
156392;3
105678;3
124389;3
124285;3
124309;3
180612;3
180143;3
181293;3
180610;3
183374;3
124300;3
124311;3
183373;3
124348;3
183416;3
183140;3
105686;3
114452;3
105639;3
105673;3
177436;3
105683;3
179459;3
181372;3
179674;3
105631;3
105630;3
181828;3
105632;3
180161;3
105641;3
105681;3
105679;3
177430;3
114457;3
114476;3
114441;3
183363;3
183551;3
183552;3
115689;3
115721;3
115720;3
183005;3
183006;3
115704;3
115686;3
115695;3
115703;3
182202;3
177398;3
107425;3
107482;3
107483;3
107484;3
107426;3
107427;3
107405;3
107473;3
107408;3
176226;3
118592;3
177433;3
177432;3
177431;3
107422;3
107416;3
177402;3
107398;3
167792;3
138052;3
138054;3
179029;3
177401;3
107419;3
177400;3
177399;3
176130;3
179251;3
107479;3
182203;3
107467;3
107468;3
173592;3
177404;3
177403;3
177416;3
107413;3
180760;3
177313;3
177314;3
107400;3
107415;3
107474;3
183383;3
107463;3
107421;3
124336;3
124391;3
124392;3
124301;3
182984;3
181008;3
182201;3
139207;3
181793;3
183047;3
139290;3
181521;3
107395;3
107455;3
173812;3
133632;3
124406;3
124423;3
124426;3
179596;3
124427;3
181638;3
181639;3
124428;3
124434;3
124422;3
124433;3
124421;3
124418;3
179609;3
124419;3
124390;3
181000;3
124463;3
124461;3
124460;3
124478;3
124459;3
124452;3
124451;3
180582;3
181649;3
142386;3
182226;3
181458;3
155517;3
124474;3
124407;3
124692;3
124698;3
176789;3
176788;3
124727;3
124743;3
124741;3
124740;3
124739;3
124482;3
124468;3
139222;3
181840;3
139273;3
181839;3
180999;3
124430;3
124429;3
181244;3
180709;3
180203;3
180204;3
181806;3
124404;3
124465;3
124466;3
124462;3
124464;3
176775;3
124697;3
124729;3
124695;3
105384;3
177391;3
105333;3
105336;3
105410;3
183385;3
183384;3
105389;3
105338;3
105337;3
105390;3
175611;3
175609;3
175608;3
124432;3
124431;3
124690;3
124688;3
170996;3
124681;3
124682;3
105347;3
176377;3
183500;3
168192;3
105332;3
180542;3
179011;3
181972;3
183124;3
183122;3
105388;3
142439;3
142461;3
142404;3
142462;3
142460;3
142436;3
142403;3
176774;3
176773;3
176772;3
124955;3
175479;3
181156;3
124691;3
176967;3
124687;3
124774;3
142434;3
142455;3
142431;3
142453;3
181798;3
142430;3
142382;3
142454;3
142417;3
142465;3
142441;3
181217;3
142463;3
142405;3
142438;3
142458;3
142402;3
142456;3
181800;3
181799;3
168693;3
124715;3
168512;3
124680;3
124733;3
124679;3
124678;3
124777;3
124752;3
124775;3
180331;3
142416;3
142415;3
124772;3
181624;3
124767;3
124769;3
181621;3
181622;3
181659;3
181623;3
124763;3
124711;3
181657;3
181658;3
124710;3
175490;3
124707;3
163192;3
163172;3
183146;3
125011;3
181036;3
125008;3
124989;3
175766;3
124997;3
181587;3
124988;3
142181;3
180058;3
142248;3
142249;3
124703;3
124722;3
124702;3
124718;3
180410;3
124720;3
124759;3
124674;3
124716;3
156034;3
142250;3
142246;3
145932;3
124709;3
124708;3
124724;3
179178;3
107691;3
182269;3
182268;3
163672;3
176345;3
176344;3
125043;3
125046;3
167172;3
100424;3
147792;3
100426;3
125007;3
124677;3
124723;3
107698;3
179022;3
107697;3
181530;3
180104;3
107678;3
107636;3
165812;3
120174;3
107693;3
107632;3
166992;3
107703;3
180103;3
107700;3
107699;3
107676;3
180107;3
179183;3
107682;3
107681;3
176281;3
181529;3
107627;3
107684;3
107628;3
180065;3
107690;3
109872;3
180106;3
107616;3
180105;3
115730;3
115728;3
115710;3
115696;3
115690;3
115726;3
181259;3
181338;3
107680;3
107683;3
179187;3
179185;3
107688;3
107689;3
168352;3
181285;3
180138;3
125054;3
125053;3
125058;3
125052;3
142279;3
142278;3
142277;3
114453;3
115691;3
115701;3
115694;3
115731;3
115712;3
115711;3
115729;3
142273;3
142262;3
142178;3
142179;3
142180;3
142274;3
142247;3
142276;3
125047;3
125042;3
125040;3
172312;3
172313;3
181620;3
128193;3
125041;3
180227;3
182294;3
115715;3
161032;3
142209;3
145912;3
142238;3
181750;3
181751;3
181752;3
181753;3
180063;3
180060;3
142194;3
142245;3
142185;3
134145;3
134146;3
134143;3
101575;3
101710;3
101576;3
101516;3
101515;3
101581;3
101579;3
101578;3
101584;3
101583;3
101582;3
101592;3
101585;3
115719;3
115718;3
115713;3
115732;3
115733;3
115734;3
115692;3
115693;3
115717;3
115716;3
115698;3
115791;3
115821;3
180671;3
180492;3
173332;3
115797;3
115835;3
115819;3
115788;3
115789;3
183275;3
115831;3
183181;3
115699;3
183142;3
134107;3
155952;3
181903;3
180657;3
115735;3
115702;3
134435;3
134436;3
137412;3
143872;3
182111;3
143632;3
134448;3
134144;3
134106;3
134142;3
134105;3
115820;3
179012;3
115828;3
115827;3
115798;3
180561;3
115833;3
150092;3
115808;3
115814;3
115800;3
115801;3
115807;3
115792;3
115799;3
115822;3
115836;3
115837;3
115790;3
180840;3
134447;3
115825;3
115794;3
115795;3
115834;3
180564;3
183078;3
183077;3
115811;3
115813;3
115802;3
115810;3
183141;3
159972;3
142268;3
181405;3
183145;3
181149;3
181151;3
181407;3
181406;3
181402;3
181401;3
142258;3
142257;3
142229;3
142230;3
142191;3
142228;3
145892;3
115796;3
115816;3
115824;3
144532;3
144512;3
176572;3
115771;3
115754;3
115760;3
115744;3
115761;3
115770;3
115753;3
181361;3
181360;3
115817;3
115818;3
102112;3
181150;3
102054;3
102038;3
158032;3
102033;3
102032;3
180925;3
180926;3
102433;3
150532;3
181589;3
181590;3
143613;3
180129;3
180128;3
177345;3
177501;3
177148;3
131352;3
167452;3
102107;3
102106;3
102138;3
102113;3
102136;3
102051;3
122392;3
102137;3
102053;3
102052;3
102057;3
102056;3
102055;3
102084;3
102083;3
102412;3
102118;3
181849;3
129912;3
102119;3
102067;3
172753;3
102042;3
140032;3
179948;3
102062;3
102069;3
102041;3
122312;3
102100;3
131433;3
144052;3
102133;3
102131;3
102035;3
102134;3
172712;3
172732;3
103273;3
160072;3
102045;3
102080;3
102079;3
102078;3
102085;3
153292;3
181076;3
102037;3
102036;3
172752;3
102068;3
112893;3
102087;3
120332;3
102095;3
179033;3
102097;3
102096;3
102098;3
102103;3
102102;3
131332;3
131454;3
183563;3
173932;3
116512;3
102081;3
102086;3
102092;3
181043;3
102101;3
102046;3
116052;3
102048;3
101572;3
101570;3
101569;3
180731;3
180726;3
134388;3
134387;3
134312;3
180734;3
134311;3
150813;3
134375;3
134358;3
134357;3
180727;3
134322;3
134324;3
134328;3
134364;3
101566;3
101530;3
101538;3
101537;3
177304;3
166892;3
101536;3
183119;3
101534;3
163532;3
101532;3
115793;3
180841;3
175358;3
115774;3
134323;3
175393;3
115766;3
115759;3
115750;3
115745;3
115785;3
156772;3
115783;3
115762;3
180335;3
180334;3
115755;3
115756;3
115767;3
115741;3
101567;3
183564;3
101557;3
101555;3
165572;3
101563;3
101562;3
101514;3
101561;3
101559;3
101565;3
115232;3
101573;3
115743;3
134337;3
134338;3
134330;3
180724;3
115786;3
115780;3
115779;3
115775;3
115763;3
102213;3
102152;3
102212;3
183285;3
183287;3
183286;3
134458;3
131272;3
101517;3
101612;3
178944;3
178945;3
178946;3
178994;3
134315;3
181706;3
181705;3
181252;3
134353;3
176841;3
134332;3
134305;3
115742;3
115739;3
115737;3
179224;3
182972;3
182973;3
182967;3
182966;3
102248;3
181173;3
181171;3
102260;3
102211;3
180859;3
102214;3
183351;3
102256;3
171653;3
102165;3
134993;3
102261;3
102158;3
102157;3
102183;3
102182;3
102181;3
102247;3
102255;3
181174;3
102254;3
178997;3
178996;3
179239;3
180299;3
178995;3
145872;3
100407;3
100350;3
100351;3
100421;3
100353;3
179056;3
100335;3
100332;3
106452;3
100361;3
102154;3
142752;3
102175;3
102172;3
113532;3
133873;3
146812;3
132512;3
100417;3
100428;3
100429;3
100370;3
167152;3
167153;3
100373;3
100410;3
134538;3
125051;3
100430;3
100347;3
100348;3
100349;3
177237;3
105547;3
105546;3
180936;3
134539;3
134536;3
134537;3
134583;3
134512;3
134513;3
100418;3
100362;3
100363;3
100336;3
100364;3
100427;3
182976;3
117613;3
117612;3
105524;3
105543;3
102263;3
106892;3
181350;3
142753;3
183292;3
179031;3
101525;3
101520;3
101523;3
101630;3
105549;3
134547;3
176903;3
182969;3
179594;3
134514;3
173292;3
105534;3
105607;3
105533;3
105606;3
105605;3
105604;3
105603;3
105602;3
180938;3
180937;3
105609;3
183501;3
134550;3
169772;3
169774;3
100338;3
139992;3
100375;3
100376;3
100354;3
100355;3
100356;3
100357;3
100359;3
181858;3
121513;3
105529;3
105566;3
105528;3
105538;3
105616;3
105615;3
105614;3
176212;3
105537;3
105613;3
160832;3
183607;3
105526;3
105612;3
105525;3
105610;3
134708;3
155798;3
105598;3
180352;3
180351;3
105531;3
105623;3
105622;3
105620;3
105619;3
105618;3
105523;3
128032;3
128052;3
105521;3
105520;3
105577;3
105578;3
105579;3
105580;3
105581;3
105582;3
105583;3
105586;3
105585;3
105584;3
177437;3
105595;3
105601;3
105600;3
105972;3
134706;3
105555;3
105575;3
180294;3
183458;3
183457;3
175854;3
175853;3
175855;3
179128;3
105589;3
105590;3
105591;3
134715;3
181634;3
134716;3
105592;3
134618;3
134657;3
181756;3
140932;3
134617;3
179095;3
134671;3
134669;3
161532;3
180772;3
134707;3
134621;3
170392;3
134679;3
105560;3
175094;3
135312;3
134678;3
134676;3
134645;3
134620;3
182047;3
181995;3
181994;3
182006;3
134714;3
134713;3
183021;3
174412;3
134698;3
134681;3
134712;3
183524;3
183523;3
183522;3
134659;3
134680;3
134615;3
134625;3
134626;3
134633;3
134650;3
134623;3
134718;3
134624;3
175341;3
175340;3
180441;3
181263;3
105196;3
139492;3
134634;3
100419;3
100337;3
100366;3
171492;3
100368;3
100369;3
183544;3
134720;3
180174;3
105243;3
105241;3
105242;3
102179;3
180696;3
129360;3
174952;3
105564;3
105562;3
105561;3
105548;3
105237;3
105236;3
180649;3
105238;3
115992;3
116012;3
180603;3
181264;3
105569;3
105567;3
115473;3
138879;3
105565;3
101629;3
160053;3
101529;3
101528;3
104332;3
101527;3
132752;3
101620;3
101618;3
135012;3
181294;3
134754;3
181262;3
180672;3
105197;3
163272;3
105245;3
105244;3
134776;3
134775;3
183043;3
182227;3
105530;3
105553;3
105572;3
105571;3
105570;3
134760;3
134757;3
152052;3
134726;3
180759;3
134725;3
158801;3
158813;3
138133;3
134772;3
137592;3
134763;3
179076;3
179075;3
134768;3
183492;3
134765;3
181628;3
134818;3
134782;3
159853;3
180068;3
134781;3
134758;3
147212;3
134727;3
134755;3
183213;3
134797;3
183210;3
183209;3
176134;3
134796;3
101607;3
101606;3
101605;3
101518;3
101624;3
152474;3
101616;3
101604;3
101603;3
101602;3
101601;3
177297;3
101614;3
158774;3
107923;3
182921;3
182924;3
182923;3
182878;3
115748;3
182279;3
115787;3
115764;3
115757;3
115768;3
183211;3
134743;3
134822;3
181297;3
181296;3
134771;3
132492;3
182228;3
183044;3
107183;3
175765;3
107192;3
180125;3
107190;3
107380;3
100411;3
100377;3
100412;3
100339;3
100378;3
100379;3
183118;3
107153;3
111872;3
107156;3
107155;3
182879;3
182880;3
182873;3
182872;3
182927;3
182902;3
129320;3
157412;3
129361;3
129311;3
183291;3
183293;3
107149;3
107148;3
107147;3
129362;3
129312;3
129318;3
129315;3
131552;3
183071;3
182899;3
183070;3
182877;3
107152;3
107122;3
107118;3
107151;3
129310;3
129298;3
167353;3
129297;3
129299;3
129307;3
129337;3
129356;3
129317;3
181427;3
107145;3
107189;3
180353;3
107186;3
107187;3
107134;3
107852;3
125062;3
182298;3
182297;3
125021;3
125004;3
107898;3
107897;3
107900;3
138445;3
180323;3
129314;3
129313;3
129301;3
129293;3
129292;3
180332;3
107876;3
107893;3
107872;3
107871;3
107870;3
107895;3
107845;3
175436;3
107844;3
181805;3
107843;3
107873;3
107894;3
107848;3
107899;3
125028;2
125995;2
125975;2
125964;2
100488;2
100489;2
180376;2
100491;2
100492;2
100493;2
100444;2
100484;2
100486;2
100475;2
140012;2
121672;2
100498;2
107087;2
107029;2
107088;2
180552;2
107030;2
107090;2
107091;2
107031;2
107092;2
107032;2
107033;2
107093;2
181603;2
124986;2
124984;2
124983;2
107040;2
107108;2
107109;2
107044;2
107048;2
153073;2
175691;2
175692;2
107045;2
107110;2
107111;2
107046;2
107112;2
107047;2
180071;2
107086;2
147755;2
147756;2
147758;2
147759;2
180240;2
179104;2
179103;2
107115;2
107116;2
107103;2
175427;2
107104;2
183572;2
107105;2
183574;2
183573;2
106948;2
106949;2
106950;2
106955;2
106954;2
106938;2
118432;2
106917;2
179290;2
172252;2
106935;2
106951;2
106952;2
106936;2
106953;2
120132;2
106976;2
106977;2
106975;2
182015;2
106978;2
106958;2
106959;2
106919;2
106914;2
147612;2
147592;2
180319;2
181272;2
106956;2
106957;2
179292;2
109172;2
106966;2
179288;2
106967;2
106969;2
138681;2
138657;2
138677;2
106970;2
106971;2
180912;2
106973;2
106974;2
106915;2
106916;2
179289;2
138679;2
138678;2
182036;2
175337;2
181415;2
106983;2
179285;2
179286;2
106933;2
106934;2
181327;2
107520;2
107572;2
107573;2
180782;2
106988;2
180038;2
138616;2
181416;2
183545;2
138666;2
180418;2
138656;2
143112;2
138634;2
138633;2
143113;2
138632;2
138676;2
181791;2
181673;2
138658;2
183539;2
138619;2
138618;2
183313;2
183189;2
138693;2
183314;2
138684;2
183538;2
183315;2
138665;2
138664;2
169932;2
138662;2
183546;2
182124;2
138673;2
138680;2
138642;2
138628;2
181462;2
181463;2
183190;2
151752;2
151772;2
138655;2
138637;2
138640;2
179862;2
183494;2
183493;2
181909;2
138704;2
138702;2
138710;2
138711;2
138708;2
138709;2
176202;2
138706;2
138694;2
138627;2
138695;2
138696;2
179419;2
138621;2
138643;2
138671;2
126774;2
180913;2
106982;2
138707;2
181986;2
182007;2
154352;2
138650;2
138697;2
183194;2
183193;2
183197;2
138699;2
170492;2
138703;2
138705;2
182847;2
138585;2
183462;2
138578;2
107000;2
106931;2
107568;2
106991;2
106992;2
106994;2
106995;2
179282;2
106998;2
179283;2
179284;2
106979;2
138581;2
138547;2
138548;2
138580;2
182057;2
138584;2
182055;2
138583;2
138537;2
182039;2
183579;2
182045;2
183578;2
138549;2
138544;2
182846;2
183576;2
183580;2
138563;2
138557;2
138555;2
138559;2
138558;2
138561;2
138560;2
138562;2
138570;2
138571;2
138573;2
182066;2
138579;2
138582;2
138575;2
138576;2
182068;2
182064;2
138535;2
182067;2
138512;2
138514;2
138596;2
181320;2
181299;2
181298;2
182149;2
182049;2
183577;2
138611;2
107005;2
106920;2
106921;2
179280;2
106925;2
179294;2
106926;2
183423;2
107001;2
166595;2
108372;2
106929;2
179281;2
182069;2
138587;2
138574;2
107020;2
107066;2
106942;2
106945;2
106946;2
181581;2
106924;2
106912;2
106923;2
107007;2
107008;2
107009;2
106939;2
107006;2
180805;2
179279;2
107082;2
178290;2
107094;2
180238;2
180233;2
107034;2
107097;2
107035;2
107098;2
107036;2
107037;2
107099;2
107100;2
107018;2
181125;2
181126;2
107057;2
107067;2
107021;2
107068;2
107069;2
107070;2
107071;2
107072;2
107073;2
107074;2
107075;2
107076;2
107023;2
107079;2
107080;2
107081;2
107059;2
107060;2
107025;2
107083;2
107026;2
107027;2
107084;2
107028;2
107049;2
107050;2
107051;2
107052;2
181668;2
181669;2
181670;2
107056;2
181414;2
155772;2
134649;2
107199;2
107129;2
118892;2
108872;2
107173;2
107174;2
147632;2
107182;2
107184;2
107197;2
107142;2
107198;2
107011;2
175456;2
134556;2
180599;2
182223;2
182224;2
105230;2
136174;2
134695;2
137552;2
134636;2
134638;2
134631;2
139472;2
180642;2
181240;2
181241;2
134523;2
134565;2
134952;2
152512;2
183468;2
134603;2
134578;2
134579;2
158412;2
134593;2
134594;2
134534;2
134597;2
134596;2
134533;2
134555;2
183467;2
183465;2
140352;2
134572;2
140332;2
175460;2
135812;2
134591;2
134554;2
134526;2
181991;2
134525;2
134524;2
134602;2
183603;2
158175;2
138788;2
138719;2
138720;2
183298;2
183301;2
179333;2
138786;2
183200;2
134529;2
171115;2
134530;2
134611;2
134540;2
134521;2
134520;2
134571;2
174372;2
152294;2
174392;2
138789;2
138785;2
138737;2
138784;2
181324;2
138787;2
138734;2
138758;2
183299;2
183206;2
183300;2
138757;2
183302;2
138763;2
138735;2
138790;2
171172;2
181992;2
153552;2
134585;2
155024;2
137492;2
135832;2
155312;2
134587;2
134586;2
181181;2
134589;2
134546;2
181984;2
181983;2
181985;2
179604;2
179603;2
179601;2
179602;2
138793;2
183303;2
180872;2
177301;2
138760;2
138759;2
138726;2
182199;2
138798;2
175371;2
175372;2
175373;2
160152;2
181301;2
156672;2
141132;2
141133;2
138795;2
181960;2
138764;2
138800;2
138801;2
155293;2
177085;2
179315;2
138721;2
138722;2
144414;2
144432;2
144434;2
179531;2
138775;2
162614;2
138778;2
183510;2
138810;2
166552;2
181701;2
181702;2
183297;2
181107;2
174573;2
134559;2
134567;2
134561;2
177322;2
181725;2
181703;2
181947;2
181987;2
181988;2
138732;2
181417;2
181975;2
138782;2
138741;2
138736;2
134518;2
134549;2
134557;2
134551;2
134545;2
180201;2
180211;2
134612;2
150613;2
134569;2
180202;2
134607;2
134608;2
137612;2
134558;2
134517;2
183320;2
183254;2
183256;2
183255;2
183252;2
183253;2
183304;2
183202;2
183321;2
181448;2
181451;2
181445;2
181444;2
181420;2
134584;2
134598;2
107600;2
107601;2
181579;2
181578;2
181577;2
181576;2
181575;2
181573;2
183240;2
183241;2
181447;2
183203;2
183204;2
183205;2
181446;2
183319;2
182855;2
182856;2
105212;2
176376;2
176375;2
176374;2
105232;2
105195;2
107590;2
107589;2
107538;2
107514;2
107511;2
160632;2
121932;2
107526;2
135732;2
134318;2
134349;2
134316;2
134393;2
134395;2
166652;2
105231;2
183107;2
150612;2
179296;2
182225;2
180867;2
176373;2
176371;2
176372;2
134374;2
180730;2
181946;2
134394;2
134391;2
134336;2
134334;2
177277;2
181989;2
136534;2
134373;2
134365;2
134405;2
134406;2
183022;2
134320;2
135632;2
134276;2
168952;2
134277;2
134392;2
134317;2
134359;2
134369;2
180733;2
134401;2
107561;2
179114;2
180638;2
134367;2
134366;2
134339;2
182996;2
182136;2
134117;2
181904;2
134192;2
136779;2
134153;2
134152;2
175730;2
176240;2
176570;2
180646;2
183605;2
134282;2
134281;2
134274;2
150877;2
140633;2
140772;2
182137;2
134186;2
181900;2
134138;2
134136;2
134110;2
179260;2
177382;2
143233;2
181851;2
155333;2
134111;2
134190;2
134016;2
134027;2
183013;2
181723;2
181836;2
181724;2
137012;2
149552;2
134187;2
134189;2
182122;2
134188;2
182995;2
180623;2
134141;2
176571;2
175661;2
180044;2
175664;2
180661;2
175663;2
176437;2
180110;2
182074;2
176243;2
107671;2
175674;2
181722;2
134031;2
134032;2
134029;2
183014;2
134074;2
134001;2
181614;2
176246;2
176245;2
179021;2
180798;2
182073;2
175627;2
176438;2
176439;2
183123;2
183092;2
177032;2
175678;2
175662;2
134068;2
134073;2
180991;2
134011;2
144972;2
134013;2
134015;2
183015;2
134049;2
181040;2
181039;2
181615;2
134033;2
134034;2
134035;2
181571;2
134045;2
134040;2
181686;2
181699;2
134000;2
134063;2
136892;2
134046;2
167972;2
177292;2
177291;2
161497;2
134048;2
181721;2
134028;2
161472;2
165734;2
180679;2
179190;2
182851;2
134072;2
179140;2
179141;2
134021;2
134070;2
145053;2
145072;2
145092;2
182038;2
136912;2
134010;2
134044;2
134082;2
134039;2
173992;2
107715;2
107716;2
107717;2
107712;2
107713;2
107719;2
179174;2
158572;2
180939;2
180124;2
179173;2
107708;2
107709;2
180099;2
180100;2
181700;2
134092;2
134076;2
181685;2
134078;2
134036;2
134041;2
181411;2
134043;2
134042;2
134058;2
164053;2
178984;2
179074;2
180192;2
134004;2
183024;2
180712;2
105361;2
178293;2
178294;2
105352;2
105353;2
105354;2
105355;2
105356;2
156584;2
105349;2
105312;2
179171;2
136972;2
182087;2
180711;2
181898;2
134038;2
180419;2
133996;2
133997;2
133995;2
133998;2
133999;2
134065;2
175355;2
181899;2
134014;2
182971;2
182277;2
134664;2
180420;2
181755;2
180193;2
134002;2
134005;2
181895;2
173372;2
134064;2
181896;2
133994;2
134007;2
181897;2
134084;2
134083;2
133896;2
133897;2
134832;2
182276;2
182275;2
182274;2
133986;2
133988;2
133911;2
177360;2
177361;2
133910;2
133955;2
133917;2
133954;2
181792;2
133973;2
180673;2
133919;2
133918;2
180340;2
180339;2
133922;2
133892;2
182031;2
182032;2
182033;2
133893;2
176418;2
176419;2
176420;2
176421;2
176984;2
181516;2
176404;2
176405;2
176406;2
105405;2
105407;2
105302;2
105303;2
105304;2
105402;2
158672;2
117332;2
105401;2
180135;2
181216;2
180327;2
105266;2
172812;2
105403;2
118632;2
183421;2
176422;2
176423;2
176424;2
176425;2
176904;2
136812;2
136813;2
183542;2
183541;2
183543;2
176388;2
176389;2
177459;2
105253;2
180607;2
181497;2
105279;2
105280;2
105282;2
183009;2
177463;2
177465;2
105281;2
105249;2
175312;2
183010;2
176400;2
176401;2
176407;2
176408;2
176440;2
176409;2
176410;2
176411;2
180000;2
176413;2
176414;2
176415;2
176416;2
176417;2
176386;2
176387;2
176383;2
176384;2
176385;2
142418;2
142422;2
142424;2
179338;2
180364;2
176392;2
176393;2
176394;2
176395;2
176396;2
176397;2
176398;2
176399;2
148032;2
148052;2
142423;2
171452;2
142467;2
181715;2
182092;2
142409;2
181598;2
182285;2
142469;2
142468;2
142389;2
176379;2
176380;2
181607;2
142412;2
148092;2
142390;2
142411;2
181001;2
142393;2
142392;2
142391;2
142394;2
178962;2
142442;2
142470;2
177261;2
142445;2
164893;2
182025;2
141675;2
141654;2
141715;2
148053;2
142476;2
142475;2
142474;2
142473;2
142478;2
142477;2
142452;2
179583;2
182307;2
142449;2
142481;2
148077;2
141720;2
141719;2
141718;2
141697;2
141659;2
141696;2
141695;2
180739;2
141712;2
141674;2
141673;2
141672;2
149632;2
141653;2
141652;2
180365;2
180637;2
180801;2
181539;2
139149;2
183503;2
176652;2
139119;2
139163;2
181538;2
139096;2
141656;2
179340;2
141676;2
141658;2
141657;2
141717;2
181287;2
180302;2
139170;2
180802;2
181288;2
181176;2
179228;2
139097;2
180300;2
139172;2
179319;2
180435;2
181662;2
181663;2
181664;2
180636;2
181939;2
181940;2
181938;2
105464;2
105420;2
105459;2
105419;2
179298;2
181833;2
181832;2
183502;2
139129;2
139138;2
148975;2
139094;2
139135;2
181934;2
182021;2
181823;2
181066;2
105462;2
105413;2
105446;2
105416;2
105417;2
162952;2
105451;2
105450;2
181942;2
181829;2
105453;2
179299;2
105432;2
105508;2
105509;2
177281;2
180069;2
175418;2
181824;2
181825;2
179267;2
105479;2
179268;2
173772;2
125132;2
177282;2
105433;2
181933;2
179318;2
139189;2
139162;2
139191;2
139192;2
139167;2
139118;2
180234;2
139168;2
139164;2
139165;2
141072;2
139188;2
139187;2
139185;2
181827;2
183379;2
176997;2
180261;2
176998;2
180800;2
176999;2
181925;2
181924;2
177000;2
177001;2
177002;2
177003;2
177004;2
105496;2
105505;2
105488;2
179300;2
139134;2
177008;2
177009;2
177010;2
177011;2
177012;2
177013;2
177014;2
182162;2
182161;2
177017;2
177018;2
177019;2
177020;2
177021;2
177043;2
181926;2
181927;2
177045;2
177046;2
181802;2
177005;2
139184;2
182117;2
182118;2
139152;2
179508;2
181222;2
181223;2
181192;2
181289;2
181213;2
181214;2
177058;2
177059;2
177060;2
177061;2
177062;2
180263;2
177023;2
180268;2
177025;2
177026;2
177027;2
177028;2
177029;2
177042;2
183581;2
177068;2
180545;2
177071;2
177072;2
177073;2
177074;2
182257;2
177077;2
177049;2
177050;2
182204;2
177051;2
177053;2
177054;2
180306;2
177030;2
177384;2
177031;2
176681;2
176682;2
176683;2
176684;2
176685;2
176686;2
177063;2
179127;2
177065;2
180797;2
180796;2
180795;2
183582;2
176694;2
176695;2
176696;2
176697;2
176698;2
180277;2
182258;2
182259;2
176702;2
181349;2
181273;2
177076;2
177078;2
177079;2
177080;2
177082;2
176710;2
176711;2
176712;2
177370;2
176713;2
176714;2
176715;2
176716;2
176717;2
176687;2
176688;2
176689;2
176690;2
176691;2
176692;2
176693;2
176720;2
176703;2
139183;2
141660;2
179931;2
176319;2
141727;2
180355;2
181709;2
181710;2
176704;2
176705;2
176706;2
176707;2
176708;2
176709;2
141724;2
180367;2
141701;2
141728;2
181771;2
141708;2
141707;2
141705;2
141681;2
145972;2
181363;2
145992;2
141678;2
141698;2
176719;2
180833;2
168492;2
180604;2
141738;2
141740;2
141739;2
176793;2
176794;2
176795;2
176796;2
177270;2
176798;2
176799;2
176800;2
176718;2
141725;2
166792;2
180209;2
176810;2
176811;2
176812;2
176813;2
176814;2
141730;2
141735;2
181597;2
141732;2
146012;2
180823;2
141699;2
174492;2
146032;2
141711;2
181326;2
181695;2
181696;2
182167;2
182120;2
182121;2
141690;2
141692;2
172792;2
141749;2
141780;2
141779;2
141751;2
176801;2
176807;2
176808;2
141840;2
141796;2
141797;2
141775;2
141774;2
141754;2
141805;2
141753;2
171572;2
171372;2
180380;2
170772;2
170814;2
170852;2
170872;2
141806;2
141847;2
141833;2
141832;2
141834;2
141760;2
141762;2
141761;2
141784;2
141783;2
141782;2
179612;2
179613;2
141835;2
141838;2
141836;2
141839;2
141771;2
141772;2
141763;2
141842;2
141841;2
141843;2
141844;2
166172;2
141846;2
141765;2
141766;2
141767;2
141829;2
141769;2
141770;2
141773;2
146092;2
142511;2
142513;2
142554;2
142555;2
142556;2
142557;2
142560;2
142536;2
142537;2
142483;2
142552;2
142550;2
142549;2
142485;2
142546;2
142534;2
142538;2
142539;2
142490;2
146112;2
181651;2
142521;2
180151;2
180152;2
142523;2
146132;2
142515;2
142516;2
142519;2
142558;2
142548;2
142499;2
142502;2
142545;2
142497;2
142503;2
142543;2
142575;2
142576;2
142563;2
142564;2
142541;2
142533;2
146193;2
180153;2
142582;2
142540;2
181078;2
142531;2
154993;2
154994;2
154995;2
142579;2
142580;2
142581;2
142542;2
142583;2
142584;2
142571;2
142570;2
142494;2
142573;2
142572;2
141494;2
141462;2
141459;2
141519;2
141466;2
176494;2
141496;2
181944;2
142504;2
142509;2
142544;2
142577;2
142574;2
142496;2
142498;2
142578;2
183599;2
141521;2
141522;2
141465;2
141523;2
141468;2
141488;2
141489;2
141490;2
141491;2
141469;2
180783;2
147032;2
141460;2
141517;2
141493;2
177165;2
181765;2
177167;2
177168;2
177169;2
177170;2
177171;2
177172;2
177173;2
177157;2
181766;2
177158;2
141463;2
181194;2
181195;2
141495;2
177179;2
177180;2
177181;2
177183;2
177184;2
177185;2
177186;2
177187;2
177188;2
177189;2
177159;2
177160;2
177161;2
177162;2
177163;2
177164;2
177195;2
177196;2
177197;2
177198;2
177199;2
177200;2
177201;2
180448;2
180449;2
176910;2
176911;2
177174;2
177175;2
177176;2
177177;2
177178;2
180628;2
180629;2
180630;2
181875;2
181874;2
181876;2
183342;2
183343;2
183340;2
183341;2
176924;2
177190;2
177191;2
177192;2
177194;2
177193;2
181386;2
181877;2
180414;2
181295;2
176928;2
176929;2
176930;2
176931;2
176932;2
176933;2
176934;2
176912;2
176913;2
181432;2
180793;2
176915;2
141500;2
141501;2
141473;2
183153;2
141492;2
176935;2
176936;2
176937;2
176938;2
176939;2
176940;2
176925;2
176926;2
176927;2
181387;2
179177;2
141475;2
141515;2
141476;2
141502;2
141505;2
141504;2
141470;2
141471;2
141524;2
141525;2
141526;2
141527;2
175463;2
175464;2
175465;2
175466;2
141478;2
141481;2
141485;2
141539;2
141452;2
141454;2
141474;2
141529;2
141528;2
141531;2
141530;2
141532;2
141533;2
141503;2
141513;2
141514;2
171412;2
141482;2
147052;2
141545;2
141541;2
181759;2
141458;2
141534;2
141506;2
141508;2
175357;2
141507;2
141477;2
141538;2
141480;2
141479;2
181764;2
141594;2
141597;2
141393;2
141442;2
141457;2
141546;2
141547;2
141552;2
141453;2
141450;2
176136;2
141509;2
141512;2
141511;2
141484;2
141602;2
141603;2
141628;2
141601;2
141629;2
141559;2
141558;2
141556;2
141557;2
141618;2
141579;2
141553;2
141621;2
141624;2
141623;2
141625;2
141560;2
147072;2
141581;2
141606;2
141605;2
147075;2
141562;2
141563;2
141608;2
181365;2
174452;2
183512;2
182230;2
182229;2
141627;2
141555;2
141564;2
141609;2
141565;2
141647;2
141646;2
141648;2
141645;2
141570;2
141569;2
141630;2
141643;2
141631;2
141580;2
141632;2
141644;2
141604;2
178598;2
178934;2
179353;2
178620;2
178621;2
178622;2
178652;2
179369;2
179458;2
179460;2
179461;2
178889;2
178890;2
179462;2
179463;2
178893;2
118074;2
118102;2
118104;2
118103;2
118073;2
122492;2
118054;2
178568;2
180160;2
178570;2
179355;2
179356;2
178571;2
179354;2
178597;2
178925;2
181280;2
182116;2
179235;2
183131;2
114488;2
179307;2
176627;2
176628;2
176629;2
176630;2
176631;2
176632;2
176633;2
181844;2
176644;2
118101;2
176839;2
177358;2
128592;2
128612;2
114536;2
179236;2
179237;2
176645;2
176646;2
176647;2
176648;2
177413;2
176649;2
176657;2
176658;2
176659;2
114494;2
114509;2
114512;2
177259;2
114525;2
114499;2
114497;2
175891;2
114516;2
183132;2
114517;2
114502;2
114504;2
114505;2
114533;2
114528;2
114501;2
114307;2
114308;2
114310;2
176493;2
114309;2
114300;2
114311;2
179238;2
114522;2
114523;2
114492;2
114530;2
114493;2
114495;2
179591;2
180997;2
180995;2
114325;2
114302;2
114496;2
179245;2
114498;2
129066;2
129056;2
129060;2
129069;2
129052;2
117352;2
114531;2
114500;2
157712;2
114283;2
114282;2
181003;2
181928;2
181112;2
114326;2
114290;2
176900;2
180993;2
180336;2
114317;2
181490;2
181492;2
179745;2
114327;2
181531;2
114316;2
114304;2
114296;2
176776;2
181754;2
114298;2
114299;2
114305;2
181004;2
114319;2
114293;2
114321;2
181392;2
179195;2
114294;2
180330;2
177279;2
114232;2
114256;2
114255;2
177476;2
177477;2
177478;2
114244;2
172174;2
180016;2
114289;2
114313;2
114314;2
114284;2
114303;2
114329;2
183164;2
114247;2
114240;2
114263;2
114253;2
152953;2
114254;2
114264;2
176221;2
176222;2
114306;2
114276;2
183130;2
114250;2
181117;2
183562;2
114272;2
176918;2
114265;2
114266;2
114267;2
114234;2
114268;2
180803;2
114235;2
114257;2
121172;2
114245;2
176778;2
114275;2
114259;2
183451;2
129075;2
129120;2
129122;2
129141;2
129093;2
129078;2
129079;2
129092;2
129090;2
129091;2
129098;2
129100;2
129080;2
180496;2
114242;2
114243;2
129101;2
180289;2
179120;2
180384;2
129126;2
129125;2
129088;2
135192;2
129131;2
129129;2
129130;2
114238;2
119492;2
177483;2
114251;2
179192;2
129086;2
179200;2
180385;2
129084;2
129085;2
129143;2
117210;2
117174;2
117173;2
114273;2
114269;2
177482;2
129124;2
129095;2
129097;2
129094;2
117152;2
129169;2
129261;2
129262;2
129231;2
129225;2
129226;2
129185;2
129188;2
129173;2
129186;2
129089;2
129132;2
129082;2
129083;2
129136;2
129199;2
129221;2
129220;2
129235;2
129203;2
129204;2
129228;2
129205;2
182955;2
129167;2
129249;2
129250;2
129242;2
117153;2
177260;2
183081;2
179875;2
179876;2
179877;2
179888;2
129206;2
129207;2
129210;2
129215;2
129252;2
180485;2
180164;2
129256;2
129254;2
129255;2
135572;2
129244;2
179851;2
179852;2
179853;2
179889;2
179890;2
179891;2
179892;2
179893;2
179894;2
179895;2
179896;2
179897;2
179898;2
179899;2
179873;2
179874;2
179833;2
179834;2
179835;2
179836;2
182963;2
179878;2
179880;2
179881;2
179882;2
180581;2
179884;2
179885;2
179886;2
179887;2
180969;2
179850;2
181469;2
183087;2
179820;2
179821;2
179822;2
179823;2
179854;2
179855;2
179856;2
179857;2
179858;2
179859;2
179860;2
179861;2
179869;2
179872;2
179832;2
179777;2
179778;2
179779;2
179780;2
179781;2
179838;2
179839;2
179840;2
179841;2
179842;2
179843;2
179844;2
179845;2
179846;2
179847;2
179818;2
179768;2
179769;2
179770;2
180689;2
180688;2
179824;2
179825;2
180159;2
179827;2
179828;2
183520;2
183519;2
179830;2
181847;2
179831;2
182979;2
179752;2
179753;2
179755;2
179756;2
179757;2
179782;2
179783;2
179784;2
182282;2
179786;2
179787;2
179788;2
179789;2
179790;2
179791;2
179767;2
179644;2
179709;2
179710;2
179711;2
179712;2
179771;2
180687;2
180698;2
180699;2
180686;2
180685;2
183182;2
181351;2
179774;2
179775;2
181625;2
182320;2
182309;2
182310;2
179640;2
179641;2
179758;2
181167;2
179760;2
179761;2
179762;2
179763;2
179764;2
179765;2
179766;2
180697;2
179695;2
179696;2
179697;2
180225;2
180922;2
179699;2
180920;2
180921;2
179700;2
179713;2
179714;2
179749;2
179750;2
179751;2
181346;2
182272;2
179680;2
179681;2
179682;2
179683;2
179684;2
179685;2
179686;2
179687;2
179688;2
182311;2
179642;2
182321;2
182312;2
179643;2
182313;2
179694;2
147232;2
104353;2
104356;2
183133;2
179689;2
179690;2
179691;2
179692;2
179693;2
179701;2
179702;2
179703;2
179704;2
179705;2
179706;2
179679;2
104374;2
133692;2
181762;2
181763;2
104435;2
113332;2
135034;2
182097;2
104436;2
104368;2
104369;2
180090;2
150392;2
104410;2
179123;2
112872;2
104393;2
152973;2
104392;2
183391;2
150393;2
104362;2
104363;2
104364;2
104406;2
155592;2
143533;2
182246;2
182244;2
143293;2
143272;2
104373;2
182898;2
182900;2
182901;2
182904;2
182888;2
182890;2
182891;2
182892;2
182893;2
160393;2
160392;2
182896;2
181742;2
181773;2
181743;2
181744;2
129565;2
129550;2
129571;2
129569;2
129574;2
166912;2
136473;2
161392;2
136493;2
180122;2
182959;2
182958;2
154112;2
182894;2
182895;2
182897;2
124157;2
129486;2
129483;2
129484;2
129478;2
129521;2
181452;2
129543;2
129559;2
165232;2
129497;2
129498;2
129500;2
129525;2
129527;2
129546;2
124081;2
124080;2
124153;2
124103;2
124072;2
124073;2
176208;2
124108;2
124075;2
124105;2
124074;2
124120;2
124106;2
176367;2
124156;2
124076;2
124083;2
124085;2
124084;2
124158;2
124121;2
124122;2
124123;2
124124;2
124077;2
124078;2
124159;2
124110;2
124109;2
182266;2
124125;2
124126;2
182943;2
182945;2
124087;2
124134;2
124152;2
124082;2
124155;2
124154;2
124160;2
124128;2
180361;2
180360;2
180359;2
124127;2
124130;2
124129;2
124167;2
176062;2
179744;2
124170;2
179048;2
124118;2
124131;2
124119;2
124132;2
180362;2
181248;2
182940;2
182946;2
182944;2
182941;2
182942;2
129523;2
129531;2
129533;2
129547;2
129530;2
124133;2
124135;2
124114;2
124090;2
176366;2
124091;2
179084;2
124092;2
124094;2
124137;2
124138;2
124146;2
124141;2
124143;2
124173;2
124147;2
124144;2
129522;2
129524;2
129532;2
129499;2
171552;2
129535;2
129536;2
129534;2
129526;2
129528;2
129539;2
132852;2
181674;2
129501;2
129502;2
129540;2
129506;2
183057;2
180220;2
135252;2
182215;2
124171;2
124172;2
180258;2
124140;2
125174;2
126012;2
126011;2
125981;2
183395;2
183394;2
181148;2
124179;2
124178;2
124232;2
124267;2
124268;2
124217;2
129488;2
129541;2
129580;2
129504;2
177489;2
100756;2
178992;2
169792;2
170252;2
124188;2
124275;2
117207;2
117194;2
152152;2
117162;2
117161;2
163792;2
125980;2
126013;2
182135;2
179024;2
124274;2
124209;2
124255;2
124239;2
124276;2
126016;2
137113;2
125960;2
137772;2
100712;2
100749;2
148172;2
165452;2
177486;2
177488;2
124241;2
124240;2
124242;2
124243;2
124245;2
179610;2
124211;2
124212;2
124210;2
124181;2
183311;2
124237;2
124204;2
124207;2
124259;2
124273;2
100770;2
100772;2
100773;2
100768;2
100762;2
171612;2
124789;2
124788;2
179136;2
179137;2
179138;2
124283;2
124278;2
124277;2
183521;2
124280;2
177333;2
177335;2
124842;2
182142;2
124778;2
124780;2
124856;2
176505;2
165532;2
151992;2
181740;2
181741;2
164536;2
100755;2
144794;2
100787;2
181676;2
100766;2
100767;2
100720;2
100758;2
100759;2
165472;2
177491;2
177143;2
180643;2
166572;2
181380;2
166493;2
166494;2
177331;2
177332;2
109392;2
100780;2
100779;2
100775;2
100776;2
100777;2
100778;2
100774;2
175448;2
143553;2
183356;2
183355;2
100661;2
179125;2
100663;2
100664;2
100615;2
100654;2
140212;2
183148;2
183150;2
183151;2
182093;2
183279;2
100676;2
137912;2
100679;2
134972;2
122772;2
181480;2
181479;2
165132;2
100625;2
182280;2
100668;2
108432;2
100670;2
100656;2
121518;2
176241;2
181342;2
100693;2
100665;2
100687;2
183353;2
183354;2
181948;2
100690;2
179538;2
100636;2
100685;2
149412;2
100682;2
100683;2
100684;2
100700;2
100631;2
100633;2
100697;2
100698;2
100699;2
100622;2
100623;2
100624;2
124394;2
124408;2
180127;2
183288;2
126992;2
100616;2
100629;2
100695;2
100691;2
100646;2
100647;2
100642;2
100643;2
182281;2
100641;2
100639;2
100637;2
100638;2
100618;2
100635;2
100634;2
100617;2
125912;2
125962;2
182001;2
125971;2
125969;2
131694;2
125985;2
125987;2
124405;2
124437;2
125988;2
126002;2
125940;2
125936;2
125931;2
100650;2
100651;2
171512;2
100619;2
100645;2
125932;2
125933;2
125965;2
180349;2
124440;2
124441;2
125944;2
125941;2
125942;2
180178;2
125983;2
125967;2
126014;2
126019;2
181871;2
126003;2
100601;2
100558;2
100600;2
100536;2
125968;2
126006;2
100538;2
137892;2
100559;2
100535;2
131472;2
100569;2
100570;2
100571;2
100573;2
100574;2
100575;2
100562;2
100563;2
100564;2
125928;2
125943;2
100566;2
100567;2
150652;2
100599;2
100588;2
100587;2
100556;2
100581;2
100582;2
100892;2
100584;2
100585;2
100586;2
100576;2
100537;2
100560;2
100578;2
100579;2
158692;2
174352;2
100533;2
100431;2
183040;2
183039;2
183038;2
100452;2
100503;2
100796;2
183352;2
180825;2
100557;2
100565;2
100790;2
100791;2
100794;2
100788;2
100572;2
174912;2
100510;2
175914;2
100511;2
175343;2
100512;2
100513;2
100433;2
182939;2
100514;2
100434;2
100504;2
100505;2
100506;2
100508;2
100509;2
100449;2
100454;2
100455;2
120112;2
100457;2
100458;2
100459;2
100435;2
100460;2
100461;2
100462;2
100482;2
100483;2
100463;2
100464;2
100436;2
100465;2
176349;2
100437;2
100476;2
100474;2
100443;2
100472;2
100473;2
100466;2
100438;2
100468;2
182931;2
123094;2
175768;2
100507;2
100439;2
100469;2
100471;2
100450;2
100453;2
100494;2
179539;2
100496;2
100477;2
100479;2
100480;2
100481;2
126010;2
125069;2
179049;2
125034;2
124987;2
125030;2
125032;2
181600;2
181358;2
125973;2
126004;2
125934;2
125993;2
126005;2
125996;2
155073;2
124982;2
124985;2
125064;2
125978;2
125915;2
125948;2
179936;2
180405;2
125954;2
125950;2
125951;2
125921;2
125920;2
125922;2
125923;2
125924;2
137217;1
100299;1
100300;1
100288;1
130016;1
100302;1
100290;1
155752;1
100293;1
100292;1
100240;1
100291;1
158912;1
144272;1
180543;1
100597;1
100596;1
100595;1
100594;1
100593;1
100592;1
183316;1
167292;1
100540;1
124977;1
177342;1
177341;1
177340;1
125067;1
179050;1
125026;1
181596;1
125977;1
180214;1
125976;1
125919;1
125918;1
143932;1
137212;1
126008;1
124876;1
180052;1
180053;1
180054;1
180055;1
180056;1
180057;1
124939;1
181616;1
181617;1
181618;1
124978;1
124980;1
180835;1
124994;1
124993;1
180072;1
124937;1
124938;1
181097;1
181096;1
181098;1
124936;1
168112;1
124931;1
168092;1
124969;1
124972;1
124971;1
124970;1
124944;1
124899;1
154619;1
124898;1
180031;1
124881;1
124897;1
124895;1
124896;1
177388;1
176768;1
176769;1
181179;1
180337;1
124968;1
180073;1
124967;1
124966;1
124904;1
124905;1
124924;1
180051;1
180050;1
176305;1
124902;1
124880;1
124907;1
124893;1
158279;1
124964;1
124892;1
124942;1
124961;1
154632;1
179036;1
124415;1
124413;1
124416;1
124456;1
180839;1
179500;1
124400;1
157052;1
181976;1
175946;1
175945;1
124950;1
124951;1
124887;1
124886;1
180421;1
124330;1
176358;1
183473;1
176357;1
124304;1
124350;1
124305;1
183475;1
182978;1
182977;1
124409;1
124411;1
124446;1
124445;1
124469;1
124289;1
124314;1
124288;1
182267;1
124286;1
168498;1
182980;1
124351;1
124382;1
124380;1
124379;1
183437;1
183448;1
183435;1
124375;1
124376;1
124265;1
179742;1
124200;1
183548;1
169692;1
124191;1
124190;1
124189;1
124214;1
124187;1
124185;1
124341;1
124340;1
124349;1
124338;1
124337;1
183413;1
124254;1
183608;1
124252;1
124251;1
124176;1
124253;1
124196;1
124199;1
179511;1
179512;1
179513;1
124175;1
124223;1
124263;1
124264;1
183415;1
183412;1
182240;1
183144;1
124174;1
179498;1
124221;1
180257;1
124248;1
124249;1
124271;1
124206;1
124216;1
124220;1
124219;1
124229;1
115637;1
115641;1
176479;1
182948;1
115682;1
156133;1
183364;1
115681;1
175929;1
165933;1
115649;1
115644;1
180725;1
115661;1
115639;1
115674;1
181245;1
181246;1
115679;1
156152;1
179019;1
179018;1
115655;1
115646;1
166732;1
115648;1
115647;1
175894;1
115672;1
176340;1
115684;1
115640;1
177210;1
177209;1
180040;1
177208;1
177207;1
177206;1
177205;1
177228;1
177227;1
177226;1
177225;1
177224;1
179040;1
177223;1
181205;1
115636;1
181099;1
177244;1
177243;1
177242;1
177240;1
177239;1
180045;1
177222;1
177221;1
177220;1
177219;1
182998;1
177218;1
177778;1
177217;1
177216;1
124524;1
182237;1
124522;1
181729;1
181730;1
181728;1
182080;1
176545;1
177150;1
176544;1
176543;1
176542;1
177204;1
177203;1
177202;1
181100;1
124546;1
124547;1
124574;1
179528;1
124553;1
124554;1
180788;1
124552;1
124550;1
124551;1
124542;1
124549;1
124566;1
124567;1
124526;1
124525;1
176531;1
176530;1
124533;1
124534;1
176640;1
124493;1
175359;1
180791;1
180790;1
183610;1
183609;1
181931;1
181932;1
124545;1
177468;1
124543;1
124503;1
124502;1
180347;1
176541;1
176540;1
182260;1
182247;1
176537;1
176536;1
181718;1
176535;1
180266;1
176534;1
180817;1
176533;1
183128;1
124511;1
178936;1
178952;1
124507;1
124508;1
178197;1
124576;1
178198;1
180742;1
180743;1
180744;1
180745;1
124585;1
124536;1
124538;1
124520;1
183129;1
176528;1
180267;1
176527;1
176526;1
176525;1
179605;1
179606;1
180291;1
124560;1
124557;1
124556;1
124577;1
124512;1
180799;1
124587;1
123989;1
123990;1
123988;1
124026;1
160252;1
124025;1
181572;1
180836;1
163752;1
177357;1
177356;1
177355;1
124000;1
123999;1
123997;1
176529;1
156895;1
178352;1
156913;1
177387;1
101432;1
179252;1
175906;1
101419;1
180409;1
180408;1
180407;1
123993;1
123994;1
123991;1
183247;1
123992;1
181054;1
181059;1
183096;1
183098;1
183097;1
181058;1
181057;1
181056;1
181055;1
105114;1
174313;1
180985;1
101364;1
175489;1
181424;1
181425;1
181109;1
181110;1
181108;1
101372;1
173792;1
181760;1
181761;1
183100;1
183099;1
115332;1
182261;1
101350;1
101378;1
101377;1
182143;1
181348;1
177117;1
177116;1
177115;1
177114;1
177113;1
177112;1
177111;1
177110;1
177109;1
177108;1
101359;1
101358;1
101367;1
101418;1
101366;1
180940;1
101337;1
101336;1
183268;1
101383;1
181260;1
101406;1
150072;1
101409;1
101334;1
179188;1
104852;1
101410;1
150032;1
177121;1
177119;1
177118;1
101395;1
101394;1
101393;1
101398;1
147575;1
101401;1
101400;1
101435;1
183177;1
101333;1
101404;1
176073;1
101402;1
163732;1
175417;1
180845;1
177107;1
177106;1
177105;1
177104;1
177103;1
181079;1
177101;1
177100;1
177099;1
177098;1
177097;1
177096;1
180589;1
180588;1
177093;1
177092;1
176816;1
176835;1
176834;1
101390;1
175295;1
101388;1
176673;1
101387;1
101386;1
175099;1
101384;1
179007;1
101391;1
101396;1
177091;1
177090;1
176815;1
176833;1
176832;1
176831;1
176830;1
176829;1
176828;1
176826;1
176825;1
182102;1
181736;1
176823;1
176820;1
176819;1
176818;1
179002;1
175818;1
175817;1
175816;1
175814;1
175813;1
176843;1
175811;1
175810;1
175809;1
175808;1
175807;1
175806;1
175827;1
175825;1
175824;1
175823;1
181968;1
175804;1
175795;1
175794;1
175793;1
175791;1
175790;1
175789;1
175788;1
175787;1
175786;1
175785;1
175822;1
175821;1
175820;1
175819;1
175781;1
175780;1
175779;1
181961;1
175778;1
175777;1
175776;1
175775;1
175774;1
175904;1
175772;1
175771;1
175770;1
175805;1
181964;1
181967;1
175881;1
175880;1
175879;1
176230;1
175877;1
175876;1
175875;1
175874;1
181282;1
181283;1
181284;1
181922;1
181923;1
175784;1
175783;1
175782;1
175867;1
181215;1
175866;1
175865;1
176189;1
175864;1
175863;1
179163;1
175862;1
175861;1
175860;1
175859;1
175858;1
175769;1
175884;1
175882;1
183496;1
175848;1
175847;1
179675;1
179598;1
181965;1
181966;1
182865;1
182864;1
183559;1
175838;1
175837;1
175836;1
175873;1
175871;1
181921;1
182264;1
105658;1
105659;1
105636;1
175933;1
176141;1
175942;1
179277;1
175932;1
175931;1
105663;1
179180;1
179179;1
105637;1
175851;1
175850;1
107740;1
127832;1
133812;1
107741;1
107742;1
107743;1
180422;1
107815;1
180534;1
107818;1
105656;1
105655;1
180651;1
105635;1
105654;1
182265;1
107802;1
160192;1
107801;1
179155;1
107803;1
107808;1
107804;1
107806;1
107805;1
176077;1
107807;1
181221;1
180909;1
180309;1
180535;1
107809;1
107822;1
107821;1
180551;1
107820;1
181061;1
181558;1
181557;1
177035;1
179746;1
175096;1
163952;1
107824;1
179156;1
177347;1
181666;1
107797;1
181778;1
107784;1
107792;1
173832;1
107788;1
107787;1
107793;1
107736;1
107735;1
107791;1
107827;1
107734;1
179158;1
107790;1
107789;1
107795;1
107838;1
183269;1
183270;1
125293;1
125292;1
181123;1
181124;1
175481;1
179159;1
107751;1
107782;1
107842;1
177351;1
107786;1
153033;1
107731;1
107722;1
107837;1
107749;1
180678;1
180284;1
181767;1
179161;1
181768;1
181769;1
175494;1
179203;1
154712;1
107841;1
107840;1
107723;1
107839;1
181803;1
172352;1
180243;1
107454;1
150172;1
107504;1
107931;1
150212;1
107829;1
107828;1
107831;1
107773;1
175758;1
175097;1
182002;1
163812;1
182990;1
178771;1
107461;1
107441;1
166252;1
107442;1
107406;1
181957;1
107443;1
107444;1
163832;1
107446;1
182129;1
107464;1
175736;1
107410;1
107459;1
169752;1
179723;1
175834;1
175833;1
175832;1
179724;1
179725;1
175900;1
175857;1
176007;1
176006;1
176005;1
176191;1
176003;1
176002;1
177418;1
107500;1
107501;1
177498;1
107437;1
182253;1
182262;1
109013;1
109012;1
107404;1
107439;1
107397;1
107487;1
107430;1
107488;1
107489;1
167052;1
107434;1
107492;1
107471;1
183276;1
107493;1
107472;1
107494;1
107505;1
107392;1
107496;1
107497;1
181712;1
107498;1
107499;1
107440;1
175992;1
179078;1
175991;1
175990;1
175989;1
175988;1
175987;1
175986;1
107485;1
107486;1
177417;1
107429;1
107491;1
169592;1
107431;1
182198;1
183095;1
183382;1
183094;1
183334;1
176474;1
176473;1
177411;1
177151;1
180631;1
182115;1
179046;1
183093;1
176483;1
175995;1
180049;1
175993;1
180613;1
175967;1
176353;1
180501;1
175964;1
182993;1
180503;1
180502;1
178774;1
176446;1
176445;1
181963;1
181962;1
176516;1
175980;1
175979;1
175953;1
175952;1
175951;1
175950;1
175949;1
176119;1
176118;1
176117;1
175974;1
182148;1
183556;1
182147;1
175971;1
175970;1
177410;1
175969;1
180046;1
176110;1
176109;1
176108;1
176107;1
176106;1
176105;1
176104;1
182994;1
175961;1
182992;1
175959;1
175957;1
175956;1
175955;1
175954;1
181431;1
179738;1
179673;1
179672;1
179671;1
183444;1
183443;1
183442;1
176116;1
183335;1
181872;1
176114;1
176113;1
182256;1
176502;1
176111;1
176084;1
176083;1
176263;1
176081;1
176079;1
180322;1
176076;1
176075;1
176103;1
176102;1
176101;1
176100;1
176120;1
176099;1
176098;1
176097;1
176065;1
176064;1
176063;1
175614;1
175615;1
181969;1
175631;1
175625;1
176092;1
176091;1
176090;1
176089;1
176088;1
176087;1
176086;1
176085;1
175533;1
176140;1
175540;1
175543;1
175545;1
175561;1
158652;1
178348;1
176074;1
176072;1
176262;1
183381;1
176070;1
176448;1
176068;1
176066;1
181970;1
175546;1
183125;1
183336;1
175519;1
175528;1
181973;1
181935;1
175535;1
175623;1
175630;1
180043;1
175628;1
175622;1
175618;1
175616;1
181971;1
175526;1
175524;1
175518;1
178772;1
175633;1
179023;1
175635;1
180262;1
175514;1
175888;1
183332;1
183333;1
175887;1
176573;1
175610;1
180187;1
183068;1
175496;1
175495;1
176368;1
175486;1
175485;1
175484;1
175483;1
175454;1
175453;1
176061;1
176060;1
176059;1
181974;1
180033;1
107657;1
180093;1
175098;1
180092;1
181103;1
181104;1
107611;1
147653;1
105315;1
105364;1
105319;1
181208;1
105317;1
105316;1
183338;1
175501;1
176056;1
176055;1
176054;1
176053;1
176052;1
176051;1
176050;1
176049;1
176048;1
179593;1
180131;1
183380;1
176044;1
176043;1
107623;1
179167;1
176033;1
176032;1
176031;1
182862;1
182861;1
176027;1
180820;1
111832;1
179731;1
107650;1
180094;1
107654;1
107653;1
181070;1
176058;1
176057;1
176017;1
176016;1
176015;1
176014;1
176836;1
176013;1
176012;1
176042;1
176041;1
176040;1
181652;1
176038;1
176037;1
176036;1
176035;1
176034;1
179201;1
176289;1
176288;1
176287;1
176469;1
176467;1
176466;1
176026;1
176025;1
176024;1
180118;1
176021;1
176020;1
181842;1
181843;1
176018;1
176296;1
181708;1
176295;1
176294;1
176472;1
176471;1
180639;1
176781;1
176011;1
176290;1
180042;1
183568;1
179153;1
176447;1
180041;1
176470;1
176276;1
176275;1
176274;1
176273;1
181870;1
176271;1
176270;1
176465;1
176464;1
176463;1
176462;1
176461;1
176326;1
180834;1
181307;1
181306;1
176266;1
176265;1
176458;1
176457;1
179079;1
176456;1
176454;1
176453;1
180659;1
176284;1
176283;1
176282;1
176280;1
176279;1
176278;1
176277;1
175671;1
175669;1
177426;1
175575;1
180047;1
175602;1
183127;1
175639;1
175672;1
175673;1
182013;1
182012;1
175668;1
178304;1
176269;1
176268;1
181303;1
181383;1
181031;1
181304;1
181305;1
175604;1
180023;1
175637;1
180620;1
175638;1
177380;1
175676;1
181034;1
181384;1
182991;1
181894;1
180541;1
175572;1
175570;1
183126;1
175565;1
175562;1
175558;1
181677;1
182075;1
182145;1
182146;1
175536;1
180048;1
180625;1
180624;1
177383;1
176023;1
175505;1
175451;1
175450;1
175449;1
181650;1
175651;1
175650;1
175649;1
179722;1
179737;1
175643;1
175646;1
180163;1
180539;1
180540;1
175642;1
175641;1
179038;1
175550;1
175521;1
175512;1
175510;1
175539;1
175529;1
175557;1
175555;1
175547;1
175544;1
175542;1
175509;1
175506;1
175571;1
175569;1
175568;1
175567;1
175566;1
175564;1
175559;1
175585;1
175583;1
175640;1
175582;1
179262;1
179934;1
179955;1
175578;1
180162;1
175576;1
175574;1
175653;1
175654;1
181655;1
175655;1
175680;1
175679;1
181869;1
175659;1
175658;1
183159;1
182035;1
182034;1
176436;1
175573;1
176435;1
176434;1
176432;1
176431;1
176430;1
176429;1
176428;1
176427;1
176426;1
179030;1
175498;1
175382;1
180708;1
175380;1
105541;1
175577;1
183317;1
183221;1
183222;1
183223;1
183219;1
179548;1
183244;1
183224;1
183225;1
183226;1
183245;1
183246;1
183208;1
181450;1
181449;1
183464;1
138840;1
138896;1
138823;1
138894;1
138818;1
138822;1
138832;1
176300;1
176301;1
138830;1
138904;1
138829;1
138854;1
181323;1
138843;1
183318;1
138903;1
138900;1
138838;1
138837;1
138846;1
138890;1
139732;1
138824;1
138841;1
176233;1
138853;1
138826;1
138897;1
138825;1
138895;1
138839;1
138887;1
138888;1
138881;1
138883;1
178829;1
138884;1
143674;1
138819;1
138821;1
177278;1
138858;1
138892;1
138891;1
183196;1
139712;1
138902;1
183595;1
183594;1
138834;1
138880;1
181065;1
183086;1
138836;1
178828;1
138899;1
138845;1
178827;1
138886;1
138835;1
178826;1
179028;1
138852;1
138872;1
138851;1
176672;1
138869;1
183323;1
182086;1
138909;1
138919;1
138921;1
138874;1
183602;1
183601;1
183600;1
183598;1
183597;1
183596;1
179868;1
138861;1
138859;1
138865;1
183178;1
138863;1
138864;1
138914;1
138913;1
140132;1
138870;1
138873;1
138910;1
138911;1
138833;1
138871;1
107858;1
107880;1
107891;1
183277;1
183045;1
181952;1
175433;1
138815;1
138907;1
180946;1
138813;1
142992;1
138905;1
138848;1
151732;1
138850;1
107884;1
107869;1
107868;1
107883;1
107856;1
107865;1
107864;1
179124;1
107866;1
175696;1
183138;1
183139;1
107890;1
107859;1
107879;1
118852;1
181239;1
138860;1
138862;1
138868;1
175375;1
180387;1
138539;1
138567;1
138588;1
138589;1
138590;1
138568;1
138569;1
138520;1
138519;1
107861;1
182052;1
138604;1
138517;1
157912;1
169972;1
138603;1
138602;1
138607;1
138597;1
138599;1
138600;1
140312;1
138594;1
180868;1
107862;1
107885;1
182054;1
138527;1
182065;1
138528;1
180569;1
180570;1
182058;1
182059;1
182063;1
138529;1
138591;1
138508;1
183540;1
182071;1
169812;1
138609;1
138714;1
138647;1
180869;1
138649;1
183575;1
138543;1
182845;1
142912;1
138654;1
183195;1
138653;1
161872;1
138717;1
138675;1
138534;1
138515;1
138404;1
138382;1
138406;1
138405;1
138381;1
138402;1
183479;1
183478;1
182844;1
138342;1
138781;1
140432;1
138651;1
138674;1
138715;1
183085;1
138403;1
138338;1
152392;1
152374;1
181788;1
138336;1
138395;1
138398;1
138349;1
138350;1
138348;1
138396;1
138397;1
138357;1
138363;1
138407;1
183549;1
183550;1
180594;1
138374;1
138331;1
138328;1
138329;1
138330;1
138359;1
138362;1
138361;1
138347;1
138360;1
138341;1
177377;1
138340;1
138389;1
138390;1
138373;1
138383;1
138384;1
182349;1
138385;1
138386;1
138388;1
138371;1
182287;1
182288;1
181789;1
138399;1
177376;1
138351;1
177506;1
181075;1
138377;1
138376;1
138324;1
138327;1
138325;1
138326;1
138358;1
138322;1
138317;1
138316;1
165192;1
138392;1
180942;1
138391;1
177324;1
177325;1
177326;1
140792;1
138364;1
138368;1
138365;1
177327;1
177328;1
177329;1
178686;1
175377;1
138434;1
181073;1
177363;1
177362;1
138433;1
138431;1
138461;1
138426;1
182306;1
161734;1
182968;1
138425;1
138459;1
138458;1
143412;1
138457;1
177294;1
180838;1
138312;1
177323;1
138454;1
138453;1
138455;1
138450;1
138422;1
138449;1
138448;1
138447;1
138446;1
183273;1
138503;1
138501;1
138502;1
138428;1
138429;1
180941;1
138497;1
138498;1
138499;1
138421;1
138418;1
138419;1
138420;1
138442;1
151712;1
138443;1
144132;1
181688;1
182089;1
177293;1
177295;1
138452;1
182090;1
138494;1
138490;1
138491;1
138489;1
138414;1
138416;1
138468;1
138470;1
176304;1
138469;1
138471;1
181106;1
138464;1
138505;1
138500;1
138462;1
179913;1
179911;1
138412;1
138485;1
138484;1
138441;1
138410;1
181787;1
138411;1
138488;1
182061;1
138487;1
138486;1
182088;1
182091;1
138439;1
138437;1
138438;1
138482;1
138481;1
138480;1
138479;1
138478;1
138477;1
138476;1
138409;1
138475;1
138474;1
183477;1
138465;1
138463;1
138472;1
138473;1
183474;1
183476;1
138408;1
183188;1
134742;1
134741;1
179326;1
177441;1
134740;1
134735;1
134808;1
134734;1
138483;1
138440;1
107306;1
107121;1
107120;1
107141;1
107132;1
107140;1
107131;1
107139;1
107138;1
107130;1
107137;1
107136;1
107201;1
107128;1
107196;1
107195;1
107310;1
107311;1
107312;1
176338;1
107313;1
107314;1
107315;1
107307;1
107308;1
107300;1
107301;1
107302;1
107303;1
107304;1
107305;1
180844;1
107292;1
107326;1
175103;1
175102;1
181430;1
181429;1
107389;1
107323;1
107324;1
183606;1
107319;1
181428;1
180168;1
107316;1
181556;1
107309;1
107333;1
107334;1
107335;1
180635;1
107357;1
165652;1
107359;1
165752;1
107330;1
107299;1
175742;1
179091;1
107293;1
176247;1
107328;1
107325;1
156312;1
151013;1
179316;1
134792;1
134815;1
134814;1
171853;1
134813;1
183295;1
134811;1
180027;1
175394;1
107370;1
107367;1
107365;1
181951;1
134747;1
134824;1
183187;1
134823;1
183186;1
134785;1
107922;1
107376;1
107377;1
179000;1
177438;1
160298;1
134737;1
159132;1
147272;1
149312;1
161914;1
134699;1
167692;1
107379;1
134753;1
134801;1
134800;1
181157;1
180341;1
182043;1
182050;1
182051;1
182044;1
134751;1
179329;1
134791;1
134654;1
134661;1
135452;1
183469;1
134647;1
134646;1
154292;1
139452;1
134648;1
182331;1
139652;1
134703;1
134702;1
134692;1
134693;1
134701;1
142199;1
142188;1
142187;1
145732;1
134686;1
134684;1
134652;1
134691;1
134723;1
175338;1
175342;1
175339;1
134667;1
134640;1
134641;1
134639;1
142175;1
175400;1
142201;1
150293;1
177369;1
150292;1
142254;1
181737;1
181738;1
181745;1
142174;1
180766;1
142198;1
161252;1
142252;1
142173;1
134455;1
134453;1
177469;1
134432;1
134433;1
134421;1
134422;1
134428;1
134434;1
134419;1
134511;1
175402;1
161274;1
142255;1
175399;1
175401;1
134479;1
134477;1
134418;1
134487;1
134488;1
180674;1
180200;1
134484;1
134507;1
134508;1
134509;1
159532;1
175313;1
149572;1
134454;1
134483;1
134473;1
134506;1
134429;1
155022;1
165032;1
181234;1
181328;1
134416;1
134482;1
134492;1
134497;1
134441;1
144312;1
180440;1
134452;1
134415;1
177273;1
179227;1
183604;1
180194;1
180391;1
180198;1
183480;1
177040;1
177445;1
134414;1
134480;1
134505;1
177485;1
134451;1
177381;1
134475;1
170312;1
171712;1
139553;1
134122;1
180390;1
134162;1
134129;1
139612;1
183329;1
140612;1
180546;1
134229;1
134227;1
134193;1
134244;1
180343;1
179257;1
169132;1
134165;1
134166;1
183016;1
180439;1
134095;1
176511;1
142873;1
183018;1
134097;1
134160;1
134159;1
137333;1
134156;1
169112;1
149912;1
142327;1
142326;1
149892;1
142367;1
142311;1
142334;1
142310;1
142330;1
142331;1
142352;1
142307;1
178961;1
142309;1
165252;1
176329;1
142377;1
142375;1
142376;1
142349;1
142312;1
142302;1
142301;1
142347;1
142348;1
142296;1
142294;1
142354;1
142346;1
181772;1
142329;1
154932;1
142306;1
142300;1
142374;1
142341;1
142373;1
142340;1
142338;1
181797;1
182082;1
142368;1
142381;1
142345;1
142343;1
142344;1
142380;1
142342;1
142320;1
142319;1
142282;1
142283;1
181113;1
142281;1
142317;1
142318;1
176847;1
179060;1
176846;1
175105;1
175104;1
142291;1
142361;1
182083;1
133952;1
133972;1
133971;1
133934;1
133905;1
160353;1
161512;1
175478;1
175477;1
133966;1
142286;1
142287;1
142299;1
179058;1
179310;1
142321;1
133967;1
179533;1
179534;1
164073;1
133949;1
180675;1
133975;1
133930;1
180548;1
133965;1
133993;1
133915;1
133914;1
133912;1
133970;1
133969;1
133963;1
143772;1
133991;1
133964;1
180811;1
136254;1
135132;1
133946;1
133943;1
182278;1
183183;1
183184;1
183262;1
183261;1
156632;1
133903;1
143473;1
143472;1
133957;1
133974;1
133925;1
183249;1
133902;1
133924;1
133939;1
179532;1
133907;1
133908;1
181187;1
133909;1
133898;1
133900;1
181515;1
171473;1
171472;1
139212;1
182989;1
139211;1
163552;1
181457;1
139254;1
139234;1
181893;1
181290;1
139289;1
133899;1
133901;1
133956;1
139283;1
139253;1
139271;1
139270;1
139255;1
181537;1
139213;1
181526;1
181524;1
181513;1
139261;1
139217;1
181507;1
139282;1
139250;1
181506;1
144153;1
139247;1
139268;1
139269;1
139265;1
181536;1
144172;1
155492;1
182936;1
139267;1
139225;1
181210;1
182290;1
139209;1
180882;1
139232;1
178724;1
139241;1
181838;1
139200;1
139199;1
139243;1
139242;1
181518;1
139201;1
139202;1
181525;1
179105;1
181519;1
139224;1
139239;1
139249;1
181835;1
139198;1
139264;1
140672;1
139238;1
139237;1
139280;1
139281;1
139278;1
181508;1
181509;1
178985;1
181512;1
181523;1
181511;1
180345;1
178644;1
178641;1
178640;1
178639;1
178637;1
178635;1
178633;1
178631;1
178626;1
178619;1
178618;1
178617;1
182859;1
183567;1
182858;1
182857;1
178606;1
178605;1
178603;1
178601;1
178600;1
178591;1
179502;1
178587;1
179069;1
179068;1
181436;1
181435;1
178649;1
178648;1
178646;1
178645;1
178535;1
178534;1
141671;1
181654;1
141748;1
141663;1
141661;1
180348;1
141747;1
182024;1
141694;1
141691;1
178616;1
178610;1
178609;1
178607;1
178484;1
178483;1
178582;1
178580;1
178579;1
178578;1
178577;1
178575;1
178544;1
178543;1
178542;1
178541;1
178540;1
178538;1
178537;1
178536;1
178406;1
178405;1
178532;1
178531;1
178530;1
178529;1
178528;1
178527;1
178526;1
178525;1
178524;1
178523;1
178491;1
178490;1
178489;1
178488;1
178379;1
178518;1
178482;1
178481;1
178480;1
178941;1
178476;1
178475;1
178472;1
178471;1
178470;1
178469;1
178468;1
178467;1
178456;1
178455;1
141799;1
162132;1
178396;1
178395;1
178394;1
178393;1
178392;1
178388;1
178387;1
178386;1
178385;1
178384;1
178383;1
178382;1
178381;1
178380;1
141776;1
141791;1
141777;1
141800;1
182026;1
141790;1
141813;1
141812;1
141811;1
141788;1
141789;1
175392;1
141810;1
141809;1
141785;1
141808;1
141851;1
141819;1
141802;1
141820;1
141818;1
141803;1
141795;1
141849;1
141794;1
141850;1
141848;1
182205;1
141814;1
141801;1
141793;1
141792;1
141943;1
141942;1
141892;1
181456;1
141944;1
176201;1
180929;1
141828;1
141827;1
141826;1
141825;1
141824;1
141823;1
141852;1
141822;1
177262;1
141903;1
141901;1
141921;1
141857;1
183441;1
141878;1
141897;1
183553;1
141900;1
141899;1
141879;1
141890;1
141855;1
141896;1
141891;1
141894;1
141954;1
141880;1
141873;1
141906;1
141858;1
141907;1
141928;1
141927;1
141931;1
141930;1
141949;1
141904;1
181999;1
181998;1
141950;1
141946;1
141910;1
141909;1
141862;1
141908;1
141861;1
141860;1
156552;1
141859;1
141952;1
146573;1
141951;1
141922;1
141881;1
141935;1
141934;1
141933;1
178369;1
178368;1
178367;1
178366;1
178365;1
178341;1
178340;1
141912;1
141889;1
141874;1
141865;1
141888;1
141911;1
141875;1
141864;1
141863;1
142042;1
142041;1
173632;1
142038;1
141956;1
141958;1
141960;1
178378;1
178377;1
178376;1
178375;1
178374;1
178373;1
178372;1
178371;1
178370;1
141970;1
180885;1
178687;1
180372;1
180373;1
142048;1
142047;1
141967;1
141968;1
142046;1
142045;1
141965;1
141964;1
141963;1
142044;1
142043;1
142066;1
141974;1
180149;1
142065;1
142064;1
142058;1
142030;1
142029;1
142057;1
142056;1
142055;1
142054;1
142028;1
142053;1
141972;1
141971;1
178338;1
178335;1
178516;1
178949;1
179796;1
178332;1
178331;1
178330;1
178329;1
178328;1
178327;1
182181;1
182180;1
178322;1
178321;1
141973;1
178310;1
178309;1
179082;1
179081;1
178306;1
178305;1
178301;1
142015;1
142011;1
142010;1
141975;1
142033;1
176317;1
142035;1
142034;1
178339;1
178174;1
178173;1
178172;1
178171;1
183066;1
178496;1
178169;1
178319;1
178318;1
178317;1
178316;1
178315;1
178314;1
178313;1
178312;1
179010;1
178636;1
178634;1
178632;1
178630;1
178629;1
178628;1
178627;1
178511;1
178299;1
178298;1
178297;1
178296;1
178292;1
178291;1
178253;1
178252;1
182188;1
180378;1
178594;1
178590;1
178588;1
178586;1
178585;1
178168;1
178167;1
178166;1
178651;1
178650;1
178647;1
178643;1
178642;1
178638;1
178519;1
178517;1
178515;1
179797;1
178514;1
179560;1
178513;1
178625;1
178624;1
178615;1
178614;1
178611;1
178608;1
178604;1
178602;1
182187;1
142507;1
142506;1
142508;1
142491;1
142567;1
142566;1
146152;1
178581;1
181732;1
181733;1
178576;1
178539;1
178533;1
178522;1
178521;1
178520;1
178512;1
178510;1
178509;1
178508;1
178505;1
178504;1
178503;1
178502;1
178501;1
179559;1
179558;1
178499;1
178498;1
178497;1
178495;1
142505;1
178492;1
178863;1
178486;1
182218;1
182219;1
180525;1
180526;1
180527;1
178462;1
178461;1
178865;1
178864;1
180523;1
180524;1
178453;1
183466;1
178451;1
178450;1
177932;1
177931;1
177939;1
177941;1
177942;1
179380;1
177935;1
177934;1
177933;1
180608;1
179146;1
179145;1
178722;1
178493;1
142592;1
175482;1
146272;1
181945;1
166112;1
166132;1
176674;1
142674;1
146212;1
142590;1
142621;1
175764;1
142626;1
142625;1
179121;1
178452;1
142618;1
142617;1
142633;1
142632;1
142635;1
146332;1
142599;1
142662;1
180368;1
142661;1
158940;1
180070;1
177285;1
183592;1
142595;1
179929;1
178400;1
142675;1
183511;1
142682;1
146432;1
142669;1
181119;1
183560;1
142666;1
142665;1
142620;1
176902;1
142636;1
142641;1
142640;1
142639;1
183389;1
178721;1
178444;1
178443;1
178442;1
178441;1
178428;1
178427;1
182222;1
178425;1
178423;1
178422;1
179793;1
178403;1
178402;1
178401;1
177564;1
178398;1
178397;1
178391;1
178713;1
178712;1
178390;1
178389;1
178363;1
178723;1
178666;1
178665;1
180982;1
180981;1
183387;1
183388;1
178267;1
180522;1
178347;1
178345;1
178344;1
178343;1
178342;1
178333;1
178326;1
178325;1
178320;1
178303;1
178705;1
178070;1
178053;1
177565;1
183396;1
179164;1
177549;1
179575;1
177529;1
177522;1
178194;1
178193;1
178192;1
183535;1
178191;1
179080;1
178189;1
178188;1
178269;1
178268;1
183076;1
178266;1
178265;1
178264;1
178263;1
178257;1
178256;1
178255;1
178254;1
178251;1
178250;1
178249;1
178248;1
178247;1
178246;1
178245;1
178494;1
178243;1
178242;1
178241;1
178240;1
178239;1
183528;1
183527;1
178238;1
178237;1
178221;1
178220;1
178217;1
179480;1
183530;1
183529;1
178156;1
183075;1
178209;1
178207;1
178206;1
179571;1
178205;1
178204;1
178196;1
178195;1
178187;1
178186;1
183258;1
178185;1
178184;1
178183;1
178137;1
178136;1
178181;1
178180;1
178179;1
178178;1
178177;1
180656;1
178165;1
178163;1
178160;1
178159;1
178158;1
179481;1
179482;1
178157;1
178120;1
182179;1
178155;1
178154;1
178153;1
178152;1
178151;1
178150;1
178149;1
178148;1
178147;1
180585;1
179487;1
183516;1
183515;1
178145;1
178109;1
178108;1
178135;1
178134;1
178133;1
178132;1
181369;1
178131;1
178130;1
178127;1
178126;1
178125;1
178124;1
181084;1
178122;1
178121;1
178093;1
178092;1
182178;1
178117;1
178116;1
180655;1
180654;1
178115;1
178114;1
180346;1
179491;1
178113;1
179572;1
178112;1
178111;1
178110;1
178079;1
178078;1
178107;1
178106;1
178105;1
178104;1
178103;1
178102;1
179493;1
178100;1
179496;1
178099;1
178098;1
179083;1
178095;1
178094;1
179381;1
178028;1
178091;1
179003;1
179574;1
178089;1
178088;1
178087;1
178086;1
179497;1
178085;1
178084;1
178083;1
178082;1
178081;1
178080;1
177998;1
183400;1
178051;1
178050;1
180520;1
180521;1
179382;1
178044;1
178043;1
178039;1
178038;1
178035;1
178034;1
178032;1
178031;1
178030;1
177963;1
177962;1
178023;1
178020;1
178018;1
183162;1
183161;1
183160;1
183534;1
181140;1
181141;1
178009;1
178008;1
182186;1
178004;1
178003;1
177926;1
177925;1
177996;1
177990;1
177988;1
177985;1
179378;1
177980;1
177979;1
177977;1
177975;1
177972;1
182140;1
177970;1
177968;1
177965;1
142647;1
182295;1
177960;1
177959;1
177958;1
177957;1
177954;1
177953;1
177950;1
177947;1
177945;1
177944;1
177930;1
177929;1
177928;1
177927;1
165632;1
141327;1
141328;1
141292;1
141289;1
141263;1
141323;1
141320;1
141317;1
141318;1
141315;1
168132;1
142644;1
142670;1
142646;1
142645;1
141275;1
180507;1
141276;1
141343;1
141344;1
141345;1
141270;1
141271;1
141267;1
141272;1
141269;1
141331;1
165634;1
141266;1
141265;1
141329;1
177909;1
141257;1
180515;1
141338;1
141280;1
141281;1
141279;1
180423;1
180437;1
141253;1
141254;1
141335;1
141334;1
141274;1
141273;1
141277;1
177862;1
177924;1
177923;1
179377;1
177921;1
182192;1
177919;1
177918;1
177917;1
182185;1
182184;1
177914;1
177913;1
177912;1
177911;1
177910;1
141190;1
177908;1
177876;1
177875;1
177874;1
177873;1
177872;1
182172;1
177870;1
177869;1
177868;1
177867;1
179376;1
177865;1
177864;1
182183;1
141156;1
183337;1
141154;1
141157;1
141192;1
141191;1
141245;1
141244;1
150732;1
141216;1
141217;1
178980;1
183339;1
141152;1
180119;1
179325;1
141174;1
141249;1
141178;1
141248;1
141195;1
141222;1
141223;1
141220;1
141158;1
141204;1
141160;1
183411;1
183410;1
141219;1
183330;1
141155;1
141242;1
141200;1
141240;1
141241;1
141179;1
141180;1
141232;1
141181;1
156092;1
141230;1
153132;1
183360;1
141243;1
141194;1
141176;1
141193;1
141239;1
177861;1
177860;1
183392;1
183531;1
177858;1
177857;1
177856;1
177855;1
177854;1
177853;1
177852;1
177851;1
182221;1
182220;1
177833;1
141164;1
141225;1
179624;1
141162;1
183361;1
141237;1
176137;1
141236;1
141234;1
141197;1
141198;1
141233;1
141199;1
141201;1
141182;1
141183;1
141168;1
141165;1
141247;1
141170;1
141246;1
141169;1
141208;1
141229;1
183069;1
141207;1
141167;1
141228;1
141166;1
141226;1
141227;1
183362;1
181137;1
177828;1
177827;1
177826;1
177825;1
177824;1
177823;1
177822;1
177821;1
177820;1
177819;1
177818;1
141205;1
146552;1
141173;1
141171;1
177790;1
177789;1
177788;1
177787;1
177786;1
180181;1
177785;1
177784;1
180002;1
177783;1
177782;1
177781;1
181139;1
181138;1
177832;1
177831;1
177715;1
177712;1
177711;1
177710;1
177709;1
177708;1
177687;1
178932;1
178931;1
179478;1
178930;1
179477;1
177817;1
177816;1
177810;1
177809;1
181186;1
161012;1
141610;1
141611;1
141616;1
141614;1
141615;1
141612;1
141613;1
141573;1
153152;1
141572;1
177780;1
177779;1
179374;1
179373;1
141634;1
141589;1
141592;1
141590;1
141577;1
141567;1
141617;1
141575;1
158953;1
141576;1
141574;1
141578;1
141588;1
141586;1
141587;1
141583;1
178923;1
178921;1
179474;1
180338;1
178918;1
181892;1
178916;1
178915;1
178914;1
179794;1
178912;1
178908;1
183227;1
141593;1
141637;1
141635;1
183163;1
118030;1
117955;1
183173;1
183174;1
183566;1
182934;1
181776;1
181775;1
118032;1
177504;1
183167;1
141639;1
178928;1
178927;1
179476;1
183080;1
117989;1
183065;1
180774;1
180775;1
117935;1
117936;1
183446;1
117968;1
117988;1
183079;1
117966;1
117980;1
180776;1
180133;1
183165;1
173132;1
117941;1
118018;1
118013;1
143972;1
117954;1
117953;1
117939;1
117949;1
180134;1
117985;1
118014;1
117983;1
117984;1
179226;1
180773;1
117946;1
120312;1
143092;1
117945;1
180287;1
118019;1
126312;1
175761;1
118027;1
171912;1
183508;1
117942;1
117986;1
117987;1
117982;1
118015;1
179464;1
120412;1
118004;1
118005;1
145153;1
155992;1
130292;1
181011;1
117952;1
117951;1
117963;1
183507;1
182933;1
172952;1
173012;1
117974;1
179456;1
183228;1
178907;1
179470;1
183397;1
179468;1
178989;1
180528;1
179467;1
183537;1
183536;1
179466;1
179465;1
178896;1
178898;1
178895;1
179455;1
178872;1
179453;1
179452;1
179451;1
179450;1
179449;1
179448;1
178857;1
183259;1
178885;1
178884;1
181606;1
178881;1
179457;1
178878;1
179442;1
181136;1
181135;1
179485;1
179372;1
178846;1
178845;1
179440;1
179439;1
178842;1
179438;1
179486;1
178877;1
179483;1
178876;1
178875;1
179436;1
179435;1
178833;1
179371;1
178832;1
179434;1
179433;1
179795;1
180779;1
180780;1
180781;1
183260;1
179445;1
179443;1
183399;1
178850;1
179424;1
179423;1
178814;1
178813;1
179421;1
178811;1
178810;1
179420;1
179489;1
178808;1
179418;1
178840;1
179437;1
178838;1
178837;1
180658;1
116816;1
116790;1
180605;1
159872;1
176524;1
116711;1
130272;1
116712;1
116663;1
183090;1
173212;1
116714;1
179429;1
179427;1
179426;1
179425;1
178793;1
179410;1
180483;1
116709;1
175366;1
173552;1
116738;1
116765;1
116776;1
116799;1
116845;1
116794;1
116838;1
116671;1
116784;1
116832;1
116670;1
116666;1
179475;1
179417;1
179416;1
178804;1
178803;1
179415;1
178801;1
178800;1
182169;1
178798;1
179413;1
179412;1
179411;1
178794;1
152212;1
179149;1
181006;1
180317;1
116672;1
116743;1
116744;1
116732;1
116731;1
116730;1
116662;1
116720;1
116719;1
116718;1
116669;1
116717;1
116724;1
116722;1
116685;1
116684;1
116686;1
116706;1
116702;1
116703;1
180383;1
177308;1
177307;1
116733;1
116688;1
116699;1
116698;1
176650;1
178782;1
179404;1
179403;1
179402;1
178778;1
178777;1
116727;1
116747;1
116694;1
116735;1
116693;1
116691;1
116692;1
116675;1
116676;1
116723;1
178077;1
178720;1
178718;1
178716;1
178715;1
178714;1
179352;1
157372;1
183114;1
179409;1
179408;1
179407;1
179488;1
179370;1
178786;1
179405;1
178701;1
178700;1
178699;1
178698;1
178697;1
178696;1
179350;1
178695;1
178694;1
179401;1
179400;1
178977;1
179395;1
179394;1
179479;1
179368;1
178769;1
178768;1
180469;1
179573;1
178681;1
178680;1
178679;1
178678;1
178677;1
179351;1
178709;1
178708;1
178707;1
178706;1
182176;1
182175;1
179363;1
182141;1
178668;1
178667;1
178664;1
178663;1
178662;1
178661;1
178660;1
178693;1
178692;1
178691;1
178690;1
179359;1
179358;1
181981;1
179357;1
178659;1
178657;1
178656;1
178655;1
178654;1
178653;1
179399;1
178775;1
178676;1
178675;1
178674;1
178673;1
178671;1
178670;1
179362;1
178552;1
178551;1
178550;1
178549;1
178548;1
178547;1
178546;1
178545;1
178440;1
178439;1
178567;1
178565;1
178564;1
178924;1
178563;1
178562;1
178432;1
179397;1
178975;1
179396;1
178973;1
178972;1
178767;1
178766;1
178765;1
178764;1
178560;1
178559;1
178558;1
178556;1
178555;1
178554;1
178758;1
183532;1
183533;1
179143;1
179142;1
178751;1
178750;1
178749;1
178748;1
178747;1
178438;1
178437;1
178436;1
178435;1
178434;1
178433;1
178742;1
178940;1
178739;1
178738;1
178737;1
178736;1
178735;1
181177;1
181178;1
178732;1
178763;1
180121;1
180120;1
178760;1
178759;1
179360;1
178728;1
178727;1
178726;1
179576;1
178414;1
179365;1
179364;1
178287;1
178286;1
178284;1
182210;1
118086;1
178746;1
178745;1
178744;1
178743;1
178200;1
178199;1
178420;1
178419;1
178418;1
180185;1
180184;1
180183;1
178417;1
178416;1
178415;1
178421;1
118055;1
178731;1
178730;1
178729;1
182008;1
125885;1
125884;1
125893;1
149372;1
125868;1
175944;1
149612;1
125883;1
129113;1
129137;1
129109;1
182209;1
178281;1
178202;1
178201;1
125873;1
125874;1
125823;1
125797;1
167252;1
125821;1
125904;1
125820;1
125842;1
125843;1
125828;1
125829;1
125796;1
125911;1
125903;1
182009;1
125860;1
125890;1
145232;1
125889;1
125855;1
125854;1
125851;1
125798;1
125850;1
125849;1
183152;1
125887;1
125845;1
125844;1
125848;1
125875;1
180285;1
125896;1
125800;1
125802;1
125803;1
145192;1
155575;1
176232;1
125862;1
125857;1
125858;1
175899;1
125861;1
125859;1
179241;1
179240;1
125834;1
167232;1
180641;1
125830;1
171992;1
125864;1
125871;1
125872;1
173232;1
129032;1
180633;1
139053;1
139052;1
138972;1
138973;1
138974;1
178408;1
178407;1
178364;1
178362;1
180764;1
183048;1
183049;1
179343;1
178278;1
178277;1
178276;1
178275;1
172012;1
169552;1
167233;1
125866;1
178261;1
178260;1
178259;1
178258;1
178236;1
178235;1
179733;1
179734;1
178232;1
178356;1
178231;1
172052;1
178412;1
178411;1
178410;1
178409;1
178225;1
178224;1
178223;1
178222;1
178219;1
178164;1
178162;1
178144;1
178143;1
178142;1
178140;1
178272;1
178271;1
178270;1
182208;1
178262;1
177880;1
177879;1
177877;1
177850;1
177897;1
177896;1
177844;1
177706;1
177705;1
177702;1
177701;1
177700;1
178229;1
178228;1
178227;1
178226;1
177693;1
177692;1
177691;1
183215;1
178071;1
178069;1
178068;1
178067;1
178066;1
180452;1
180453;1
179346;1
178139;1
178138;1
177899;1
177883;1
178056;1
178055;1
178958;1
179347;1
178956;1
178042;1
178041;1
178040;1
178037;1
178036;1
178033;1
178024;1
177699;1
177698;1
177696;1
177694;1
183257;1
180529;1
178012;1
178007;1
183406;1
183407;1
178045;1
180456;1
180455;1
180454;1
180464;1
180463;1
180462;1
180459;1
180532;1
178057;1
182171;1
177532;1
183408;1
183401;1
183402;1
183403;1
180531;1
183110;1
177527;1
177525;1
183109;1
183108;1
177524;1
181911;1
179202;1
180533;1
181266;1
181268;1
181270;1
181269;1
183082;1
183282;1
183281;1
129183;1
183030;1
129175;1
129174;1
129176;1
129187;1
129168;1
180458;1
180457;1
129251;1
129216;1
129211;1
129209;1
129214;1
129234;1
129227;1
129165;1
129193;1
129191;1
129170;1
129162;1
129161;1
129164;1
132832;1
181267;1
129200;1
129202;1
129238;1
180431;1
129237;1
129180;1
129239;1
129178;1
129177;1
129218;1
143012;1
129181;1
129182;1
129240;1
129219;1
129236;1
179988;1
181910;1
177521;1
180468;1
177320;1
177319;1
177318;1
177316;1
177317;1
179998;1
179997;1
179996;1
179995;1
179994;1
179992;1
179991;1
182153;1
179968;1
179967;1
179966;1
179663;1
129201;1
129246;1
129245;1
129248;1
129247;1
129198;1
129197;1
129243;1
129241;1
180350;1
179990;1
179626;1
179646;1
179645;1
179647;1
179964;1
179963;1
179962;1
179961;1
179960;1
179959;1
179975;1
179974;1
179973;1
179972;1
179971;1
179970;1
129386;1
129385;1
129406;1
129438;1
181627;1
129382;1
129380;1
129422;1
180430;1
180231;1
129378;1
179662;1
182318;1
182316;1
182317;1
179627;1
143192;1
129452;1
129451;1
129454;1
129416;1
181549;1
181548;1
129391;1
180328;1
129448;1
129426;1
129410;1
129447;1
129388;1
129415;1
129414;1
179958;1
179957;1
179956;1
181592;1
179918;1
179917;1
179916;1
179915;1
179914;1
179912;1
179910;1
179909;1
179908;1
179906;1
179905;1
179904;1
104419;1
104425;1
166873;1
166872;1
183390;1
104375;1
180242;1
179720;1
179718;1
179717;1
179716;1
179715;1
179903;1
179902;1
179901;1
179900;1
117154;1
117168;1
117204;1
117175;1
117211;1
104418;1
104417;1
104428;1
183088;1
145352;1
104383;1
104384;1
104385;1
139933;1
104408;1
104415;1
181168;1
129347;1
145172;1
137792;1
129349;1
180219;1
180156;1
129272;1
129346;1
137794;1
129294;1
129350;1
117198;1
117199;1
117205;1
117155;1
179063;1
145152;1
161832;1
173152;1
129353;1
129341;1
129321;1
181169;1
129322;1
129340;1
129319;1
129339;1
129352;1
129351;1
129345;1
129302;1
181200;1
181199;1
181202;1
183346;1
183347;1
182101;1
182100;1
182099;1
102222;1
102162;1
139073;1
158152;1
181605;1
156273;1
150832;1
129277;1
164592;1
102231;1
102230;1
102229;1
180976;1
181271;1
180975;1
145692;1
102238;1
102236;1
183089;1
102244;1
129304;1
150632;1
181604;1
181201;1
182887;1
182884;1
182885;1
182886;1
182868;1
182869;1
182322;1
102316;1
102370;1
102245;1
102243;1
102242;1
102210;1
102163;1
102227;1
102226;1
179210;1
102366;1
102365;1
102364;1
180923;1
102290;1
102289;1
102288;1
140272;1
102381;1
183072;1
182867;1
182883;1
182882;1
182881;1
182866;1
117163;1
117179;1
117178;1
117202;1
117171;1
152252;1
117912;1
179117;1
117208;1
129365;1
181551;1
102277;1
102369;1
102368;1
179209;1
102367;1
129602;1
129641;1
129606;1
129585;1
129640;1
129582;1
129581;1
129583;1
129603;1
129587;1
129607;1
129605;1
129639;1
129610;1
129663;1
162412;1
129644;1
129614;1
182132;1
182131;1
129646;1
129612;1
129638;1
150552;1
129665;1
179199;1
129664;1
129589;1
159552;1
129590;1
129584;1
129604;1
129594;1
129631;1
129630;1
129628;1
129592;1
129624;1
129622;1
129593;1
129608;1
129626;1
129629;1
129627;1
129619;1
129591;1
129643;1
129642;1
102380;1
102378;1
102362;1
102375;1
102374;1
175896;1
102358;1
122072;1
102354;1
102355;1
102360;1
129618;1
129625;1
129623;1
129668;1
129666;1
101936;1
160512;1
101966;1
177359;1
101941;1
101940;1
101939;1
176250;1
101953;1
101884;1
101926;1
101935;1
101877;1
180873;1
165093;1
165072;1
101950;1
101948;1
101949;1
101879;1
101947;1
181865;1
101945;1
101944;1
101942;1
101956;1
180377;1
101875;1
144032;1
101929;1
101928;1
101937;1
181037;1
129494;1
129519;1
129561;1
173072;1
129490;1
129496;1
129513;1
129512;1
129514;1
129511;1
101883;1
101882;1
101881;1
101880;1
101872;1
149392;1
150852;1
129566;1
129545;1
129564;1
182030;1
129568;1
129562;1
129517;1
129491;1
180321;1
129563;1
136292;1
129518;1
182095;1
181038;1
101965;1
101885;1
101957;1
101968;1
101886;1
101973;1
101972;1
144092;1
101895;1
101894;1
101893;1
101892;1
181180;1
129573;1
129555;1
129567;1
101961;1
101959;1
101958;1
101960;1
129477;1
180634;1
129576;1
129575;1
129485;1
129473;1
182957;1
182956;1
129520;1
129548;1
101954;1
101967;1
101918;1
166512;1
101916;1
101915;1
101914;1
101912;1
101891;1
101888;1
101974;1
183350;1
101922;1
101897;1
177144;1
155532;1
160412;1
130652;1
129751;1
153472;1
150994;1
129773;1
129678;1
129676;1
170172;1
101908;1
181204;1
101907;1
101904;1
101905;1
101887;1
181527;1
101910;1
101909;1
129702;1
129748;1
129700;1
129717;1
129744;1
129747;1
129745;1
183155;1
183156;1
129681;1
129679;1
129768;1
129675;1
129772;1
129770;1
136313;1
129750;1
177264;1
138952;1
129704;1
129703;1
129705;1
131972;1
132016;1
132014;1
132012;1
131993;1
131974;1
131973;1
132019;1
132018;1
129701;1
126045;1
159592;1
126100;1
126101;1
126102;1
126044;1
181184;1
181185;1
117185;1
117169;1
117191;1
117157;1
176347;1
172972;1
177263;1
129763;1
126083;1
126064;1
126070;1
126123;1
126125;1
126124;1
135232;1
181111;1
152173;1
126121;1
151852;1
176523;1
169993;1
126062;1
176621;1
126032;1
180251;1
126090;1
126073;1
126072;1
126067;1
126066;1
126065;1
126088;1
126087;1
126089;1
126085;1
126086;1
126128;1
126127;1
126126;1
126084;1
126061;1
126036;1
126035;1
126033;1
126034;1
126075;1
181197;1
126059;1
126060;1
175923;1
126133;1
126093;1
126131;1
126130;1
126092;1
126091;1
126109;1
126108;1
126094;1
177505;1
126051;1
126050;1
180253;1
181198;1
183454;1
126040;1
126042;1
126041;1
126037;1
126039;1
126038;1
126134;1
175767;1
100805;1
100804;1
100809;1
176135;1
100807;1
100806;1
180224;1
180223;1
100725;1
180850;1
177395;1
153193;1
126099;1
126096;1
179798;1
181586;1
181584;1
181583;1
181582;1
100732;1
126105;1
126078;1
126107;1
180329;1
180232;1
172932;1
180167;1
126095;1
180889;1
126098;1
181997;1
173472;1
155616;1
100701;1
172132;1
100747;1
100730;1
100708;1
100707;1
100705;1
100728;1
100727;1
167932;1
182094;1
182018;1
177141;1
181585;1
100609;1
100608;1
100607;1
100606;1
100605;1
115172;1
100544;1
100543;1
100709;1
100731;1
182011;1
181866;1
100741;1
180842;1
173492;1
174692;1
155212;1
177302;1
100541;1
100546;1
163112;1
176348;1
143513;1
161936;1
100553;1
100552;1
100551;1
100591;1
100561;1
150654;1
100603;1
100610;1
100303;1
125916;1
180215;1
125999;1
125982;1
125998;1
125994;1
161413;1
161412;1
166352;1
100243;1
100242;1
100296;1
100295;1
143992;1
177296;1
126007;1
164012;1
164033;1
159312;1
125991;1
125972;1
125914;1
137193;1
100311;1
100310;1
100309;1
100308;1
100307;1
100306;1
100305;1
100304;1
