GID;RANGO UNAP
100242;1
100243;1
100288;1
100290;1
100293;1
100295;1
100296;1
100299;1
100300;1
100302;1
100303;1
100304;1
100305;1
100306;1
100343;5
100344;5
100353;5
100354;5
100395;5
100397;1
100417;1
100421;1
100424;5
100426;1
100427;1
100428;1
100431;1
100433;1
100434;1
100435;1
100436;1
100437;1
100438;1
100439;1
100443;1
100444;1
100446;1
100449;1
100450;1
100451;1
100452;1
100453;1
100454;1
100455;1
100457;1
100458;1
100459;1
100460;1
100461;1
100462;1
100463;1
100464;1
100465;1
100466;1
100467;1
100468;1
100469;3
100471;1
100472;1
100473;1
100474;1
100475;1
100476;1
100477;1
100479;1
100480;1
100481;1
100482;1
100483;1
100484;1
100486;1
100487;1
100488;1
100489;3
100491;3
100492;1
100493;1
100494;1
100496;1
100498;1
100499;1
100500;1
100501;1
100503;1
100504;1
100505;1
100506;1
100507;1
100508;1
100509;1
100510;1
100511;1
100512;1
100513;1
100514;1
100515;1
100532;1
100533;5
100535;1
100536;1
100537;1
100538;1
100540;1
100541;1
100543;1
100544;1
100546;1
100551;1
100552;1
100553;1
100556;1
100557;1
100558;1
100559;1
100560;1
100561;1
100562;1
100563;1
100564;1
100565;1
100566;1
100567;1
100569;1
100570;1
100571;5
100573;1
100574;1
100575;1
100576;1
100577;1
100578;1
100579;1
100581;1
100582;1
100584;1
100585;1
100586;1
100587;1
100588;1
100591;1
100592;1
100593;1
100594;1
100595;1
100596;1
100597;1
100599;1
100600;1
100601;1
100603;1
100605;1
100606;1
100607;1
100608;1
100609;1
100610;1
100611;2
100615;2
100616;1
100617;1
100618;1
100619;1
100621;1
100622;5
100623;5
100624;1
100625;1
100629;1
100630;5
100631;1
100633;1
100634;1
100635;1
100636;1
100637;1
100638;1
100639;1
100640;1
100641;1
100642;1
100643;1
100645;1
100646;1
100647;1
100650;1
100651;1
100654;1
100656;1
100661;1
100663;1
100664;1
100665;2
100668;1
100670;1
100676;1
100679;1
100682;2
100683;2
100684;2
100685;2
100687;2
100689;2
100690;2
100691;2
100693;2
100695;1
100697;1
100698;1
100699;1
100700;2
100701;1
100702;1
100705;1
100707;1
100709;1
100711;1
100712;1
100720;1
100725;1
100727;1
100728;1
100730;1
100731;1
100732;1
100741;1
100747;1
100749;1
100755;1
100756;1
100758;1
100759;1
100760;1
100762;1
100764;1
100765;1
100766;1
100767;1
100768;1
100770;1
100772;1
100773;1
100774;1
100775;1
100776;1
100777;1
100778;1
100779;1
100780;1
100787;1
100790;1
100791;1
100794;1
100796;1
100804;1
100805;1
100806;1
100807;1
100809;1
100892;1
101332;1
101333;1
101334;1
101336;1
101337;1
101339;1
101350;1
101355;1
101356;1
101358;1
101359;1
101364;1
101366;1
101367;1
101372;1
101377;1
101378;1
101383;1
101384;1
101386;1
101387;1
101388;1
101390;1
101391;1
101393;1
101394;1
101395;1
101396;1
101398;1
101400;1
101401;1
101402;1
101404;1
101406;1
101409;1
101410;1
101416;1
101418;1
101419;1
101420;1
101421;1
101423;1
101424;1
101425;1
101427;1
101428;1
101431;1
101432;1
101434;1
101435;1
101512;1
101514;1
101515;1
101516;1
101517;1
101518;5
101520;1
101523;1
101524;1
101525;1
101527;1
101528;1
101529;5
101530;1
101532;1
101534;1
101536;1
101537;1
101538;1
101552;1
101553;1
101554;1
101555;1
101557;1
101561;1
101562;1
101563;5
101564;5
101565;1
101566;1
101567;1
101568;1
101569;1
101570;1
101572;1
101573;1
101575;1
101576;1
101577;1
101578;1
101579;1
101581;1
101582;1
101583;1
101584;1
101585;1
101590;1
101591;1
101592;1
101596;1
101601;1
101602;1
101603;1
101604;1
101605;1
101606;1
101607;1
101612;1
101614;1
101616;5
101618;1
101620;1
101621;1
101624;1
101629;1
101630;1
101632;2
101634;2
101635;2
101638;1
101639;1
101641;1
101642;1
101643;1
101645;2
101646;2
101647;1
101648;5
101649;1
101651;1
101652;1
101653;2
101656;2
101657;2
101658;2
101659;2
101660;2
101661;2
101662;2
101663;2
101664;2
101665;2
101666;2
101667;2
101668;2
101672;2
101675;2
101676;2
101678;2
101680;2
101681;2
101682;2
101688;2
101691;2
101692;2
101696;2
101697;2
101706;1
101707;1
101710;1
101711;1
101714;1
101715;1
101718;1
101719;1
101721;1
101722;5
101723;5
101725;5
101872;1
101873;5
101875;1
101879;1
101880;1
101881;1
101882;1
101884;1
101885;1
101886;1
101887;1
101888;1
101891;1
101892;1
101893;1
101894;1
101895;1
101897;1
101898;1
101903;1
101904;1
101905;1
101907;1
101908;1
101909;1
101910;2
101912;1
101913;1
101914;1
101915;1
101916;5
101918;2
101920;1
101921;1
101922;1
101925;5
101926;1
101928;1
101929;1
101930;1
101935;5
101936;1
101937;1
101939;1
101940;1
101941;1
101942;1
101944;1
101945;1
101947;1
101948;1
101949;1
101950;1
101953;1
101954;1
101956;1
101957;1
101958;1
101959;1
101960;1
101961;1
101964;1
101965;1
101966;1
101967;1
101968;1
101972;1
101973;1
101974;1
102032;1
102033;1
102035;2
102036;2
102037;2
102038;2
102041;1
102042;1
102045;1
102046;1
102048;1
102051;2
102052;2
102053;2
102054;2
102055;2
102056;2
102057;2
102062;1
102067;1
102068;1
102069;1
102078;1
102079;1
102080;1
102081;1
102083;1
102084;1
102085;1
102086;1
102087;1
102092;1
102095;1
102096;1
102097;1
102098;1
102100;1
102101;1
102102;1
102103;1
102106;1
102107;1
102112;1
102113;1
102118;1
102119;1
102131;2
102133;2
102134;2
102136;2
102137;2
102138;1
102152;1
102153;1
102154;2
102157;2
102158;2
102161;5
102162;2
102163;1
102165;2
102169;2
102172;2
102175;2
102179;2
102181;2
102182;2
102183;2
102192;1
102193;1
102194;1
102195;1
102197;5
102198;5
102205;5
102210;2
102211;2
102212;1
102213;1
102214;2
102215;1
102222;2
102223;2
102225;2
102226;2
102227;5
102229;2
102230;2
102231;2
102234;2
102236;2
102238;2
102240;2
102242;2
102243;2
102244;2
102245;2
102247;5
102248;1
102254;2
102255;1
102256;2
102260;2
102261;5
102263;2
102277;3
102288;3
102289;3
102290;3
102316;1
102354;3
102355;3
102358;3
102359;3
102360;3
102361;1
102362;1
102364;3
102365;3
102366;3
102367;3
102368;3
102369;3
102370;3
102371;3
102374;3
102375;3
102378;3
102380;3
102381;3
102412;1
102433;1
103273;1
104332;1
104352;1
104353;1
104356;1
104358;1
104361;1
104362;1
104363;1
104364;1
104366;5
104368;1
104369;1
104373;1
104374;1
104375;1
104376;5
104380;5
104383;1
104384;1
104385;1
104392;1
104393;1
104394;1
104395;5
104406;1
104408;1
104410;1
104417;1
104418;1
104419;1
104420;1
104422;1
104425;1
104428;1
104435;1
104436;1
104852;1
105114;1
105195;1
105197;1
105212;1
105230;1
105231;1
105232;1
105244;1
105245;1
105247;5
105249;1
105253;1
105254;1
105260;1
105266;1
105268;1
105269;1
105270;2
105271;2
105272;2
105274;2
105279;1
105280;1
105281;1
105282;2
105292;1
105293;1
105294;1
105302;2
105303;2
105304;2
105307;5
105308;2
105310;5
105321;2
105322;2
105325;2
105329;2
105330;2
105332;2
105333;2
105336;2
105337;2
105338;2
105340;2
105341;2
105345;5
105347;2
105348;5
105365;5
105367;2
105372;2
105373;2
105375;2
105378;2
105379;2
105381;5
105384;2
105388;2
105389;2
105390;2
105391;2
105401;2
105402;2
105403;2
105405;2
105407;2
105409;2
105410;2
105413;1
105416;1
105417;5
105419;1
105420;1
105427;2
105429;1
105430;1
105432;1
105433;5
105438;2
105442;2
105443;5
105446;1
105450;1
105451;1
105453;1
105459;1
105462;1
105464;1
105479;1
105488;1
105489;2
105496;2
105497;2
105500;2
105503;2
105505;1
105506;1
105507;1
105508;1
105509;1
105518;2
105520;1
105521;1
105523;1
105524;1
105525;1
105526;1
105528;1
105529;1
105530;1
105531;1
105533;1
105534;1
105537;1
105538;1
105541;1
105542;1
105543;1
105546;1
105547;1
105549;1
105553;1
105566;1
105602;1
105603;1
105604;1
105605;1
105606;1
105607;1
105609;1
105610;1
105612;1
105613;1
105614;1
105615;1
105616;1
105618;1
105619;1
105620;1
105622;1
105623;1
105631;1
105632;1
105635;1
105636;1
105637;1
105639;5
105641;1
105654;1
105655;1
105656;1
105657;1
105658;1
105659;5
105663;1
105673;5
105678;1
105679;1
105681;1
105683;1
105685;1
105686;1
105688;1
105689;1
105691;1
105693;1
105932;2
105933;2
106892;5
106912;1
106914;1
106915;1
106916;1
106917;2
106919;1
106920;1
106921;1
106923;1
106924;1
106925;1
106929;1
106931;1
106933;1
106934;1
106935;2
106936;2
106938;2
106939;1
106942;1
106945;1
106946;1
106948;2
106949;2
106950;2
106951;2
106952;2
106953;2
106954;2
106955;2
106956;5
106957;2
106958;1
106959;1
106966;1
106967;1
106969;1
106970;1
106971;1
106973;1
106974;1
106975;1
106976;1
106977;1
106978;1
106979;1
106982;1
106983;1
106988;1
106991;1
106992;1
106994;1
106995;1
106997;1
106998;1
107000;1
107001;1
107005;1
107006;1
107007;1
107008;1
107009;1
107011;2
107018;2
107020;2
107021;2
107023;2
107025;2
107026;2
107027;2
107028;2
107029;1
107030;1
107031;1
107032;1
107033;1
107034;2
107035;2
107036;2
107037;2
107040;1
107044;1
107045;1
107046;1
107047;1
107048;1
107049;2
107050;2
107051;2
107052;2
107056;2
107057;2
107059;2
107060;2
107066;2
107067;2
107068;2
107069;2
107070;2
107071;2
107072;2
107073;2
107074;2
107075;2
107076;2
107079;2
107080;2
107081;2
107082;2
107083;2
107084;2
107086;1
107087;1
107088;1
107090;1
107091;1
107092;1
107093;1
107094;1
107097;2
107098;2
107099;2
107100;2
107103;1
107104;1
107105;1
107108;1
107109;1
107110;1
107111;1
107112;1
107115;1
107116;1
107118;1
107120;1
107121;1
107122;1
107123;1
107126;1
107127;1
107128;1
107129;1
107130;1
107131;1
107132;1
107134;1
107136;1
107137;1
107138;1
107139;1
107140;1
107141;1
107145;1
107146;1
107147;1
107148;1
107149;1
107151;1
107152;1
107153;1
107154;1
107155;1
107156;1
107158;1
107159;1
107161;1
107170;1
107171;1
107172;1
107173;1
107174;1
107176;1
107177;1
107178;1
107179;1
107181;1
107182;1
107183;1
107184;1
107186;1
107187;1
107189;1
107190;1
107191;1
107192;1
107193;1
107194;1
107195;1
107196;1
107197;1
107198;1
107199;1
107201;1
107292;1
107293;1
107299;1
107300;1
107301;1
107302;1
107303;1
107304;1
107305;1
107306;1
107307;1
107308;1
107309;1
107310;1
107311;1
107312;1
107313;1
107314;1
107315;1
107316;1
107319;1
107323;1
107324;1
107325;1
107326;1
107328;1
107330;1
107333;1
107334;1
107335;1
107357;1
107359;1
107362;1
107363;1
107365;1
107366;1
107367;1
107368;1
107369;1
107370;1
107374;1
107375;1
107376;1
107377;1
107379;1
107380;1
107381;1
107389;1
107392;1
107395;1
107397;1
107398;1
107400;1
107404;1
107405;1
107406;1
107408;1
107410;1
107413;1
107415;1
107416;1
107419;1
107421;1
107422;1
107425;1
107426;1
107427;1
107429;1
107430;1
107431;1
107434;1
107437;1
107439;1
107440;1
107441;1
107442;1
107443;1
107444;1
107446;1
107447;1
107454;1
107455;1
107459;1
107461;1
107463;1
107464;1
107467;1
107468;1
107471;1
107472;1
107473;1
107474;1
107479;1
107482;1
107483;1
107484;1
107485;1
107486;1
107487;1
107488;5
107489;1
107491;1
107492;1
107493;1
107494;1
107496;1
107497;1
107498;1
107499;1
107500;1
107501;1
107504;1
107505;1
107506;1
107507;1
107508;1
107511;1
107513;1
107514;1
107516;1
107517;1
107520;1
107521;1
107523;1
107524;1
107526;1
107528;1
107530;1
107531;1
107532;1
107533;1
107534;1
107538;1
107540;1
107541;1
107542;1
107543;1
107544;1
107549;1
107552;1
107553;1
107554;1
107555;1
107556;1
107557;1
107561;1
107562;1
107563;1
107564;1
107565;1
107567;1
107568;1
107570;1
107571;1
107572;1
107573;1
107574;1
107576;1
107579;1
107580;1
107586;1
107587;1
107588;5
107589;1
107590;1
107591;1
107592;1
107599;1
107600;1
107601;1
107607;1
107611;2
107616;1
107621;1
107623;2
107627;1
107628;1
107632;1
107636;1
107640;2
107641;2
107642;2
107643;2
107649;2
107650;2
107653;2
107654;2
107657;2
107660;2
107662;2
107663;1
107664;1
107665;1
107671;1
107676;1
107678;1
107680;1
107681;1
107682;1
107683;1
107684;1
107689;1
107690;1
107691;1
107693;1
107697;1
107698;1
107699;1
107700;1
107703;1
107708;1
107709;1
107711;1
107712;1
107713;1
107715;1
107716;1
107717;1
107718;1
107719;1
107722;2
107723;2
107731;1
107734;1
107735;1
107736;1
107740;1
107741;1
107742;1
107743;1
107748;1
107749;2
107751;1
107754;1
107759;1
107760;1
107761;1
107762;1
107764;1
107765;1
107773;2
107782;1
107784;1
107786;1
107787;1
107788;1
107789;1
107790;1
107791;1
107792;1
107793;1
107795;1
107796;1
107797;1
107801;1
107802;1
107803;1
107804;1
107805;1
107806;1
107807;1
107808;1
107809;1
107815;1
107818;1
107820;1
107821;1
107822;1
107824;1
107827;1
107828;2
107829;2
107831;2
107837;2
107838;5
107839;5
107840;2
107841;2
107842;1
107843;1
107844;1
107845;1
107847;1
107848;1
107849;1
107852;1
107856;1
107858;1
107859;1
107861;1
107862;1
107864;1
107865;1
107866;1
107867;1
107868;1
107869;1
107870;1
107871;1
107872;1
107873;1
107876;1
107877;1
107878;1
107879;1
107880;1
107881;1
107883;1
107884;1
107885;1
107890;1
107891;1
107893;1
107894;1
107895;1
107896;1
107897;1
107898;1
107899;1
107900;1
107901;1
107903;1
107904;1
107906;1
107908;1
107910;1
107911;1
107917;1
107918;1
107920;1
107921;1
107922;1
107923;1
107952;1
107953;1
108132;1
108153;1
108172;1
108212;1
108372;5
108872;1
109012;1
109013;1
109032;2
109092;1
109172;1
109392;1
109872;1
111832;2
111872;1
112872;1
112893;1
113232;1
113332;1
113532;2
113572;1
113812;1
113872;2
113892;1
113972;1
113992;1
114232;2
114234;1
114235;1
114238;1
114240;2
114242;1
114243;1
114244;2
114245;2
114246;5
114250;2
114251;2
114253;2
114254;2
114255;2
114256;2
114257;1
114259;2
114263;2
114264;2
114265;1
114266;1
114267;1
114269;1
114272;1
114273;1
114275;2
114276;2
114282;1
114283;1
114284;1
114289;1
114290;1
114293;1
114294;1
114296;1
114298;1
114299;1
114300;1
114302;5
114303;1
114304;1
114305;1
114306;1
114307;5
114308;1
114309;1
114310;1
114311;1
114313;1
114314;1
114315;5
114316;1
114317;5
114319;1
114321;5
114325;1
114326;5
114327;1
114328;1
114329;5
114334;1
114335;1
114336;1
114339;5
114341;5
114342;5
114343;5
114344;5
114345;5
114348;1
114350;1
114352;5
114353;5
114356;1
114359;1
114360;1
114361;5
114362;1
114367;1
114368;1
114370;5
114373;1
114375;1
114376;1
114377;1
114381;1
114382;1
114384;5
114385;5
114386;1
114389;1
114390;1
114392;1
114394;1
114396;1
114397;1
114398;5
114400;1
114401;1
114404;1
114407;1
114408;1
114411;1
114412;1
114413;1
114415;1
114416;1
114418;5
114420;1
114421;1
114423;1
114424;1
114426;1
114427;1
114428;5
114430;1
114432;1
114433;5
114434;1
114435;1
114441;1
114442;2
114443;2
114445;1
114447;2
114449;1
114451;1
114452;1
114453;1
114454;2
114455;2
114456;2
114457;1
114458;2
114459;2
114460;2
114461;5
114463;2
114465;2
114466;2
114467;1
114468;1
114470;5
114472;2
114476;1
114477;1
114478;1
114479;1
114484;1
114485;1
114488;2
114492;2
114493;2
114494;2
114495;2
114496;2
114497;2
114498;2
114499;2
114500;2
114501;2
114502;2
114504;2
114505;2
114509;2
114511;5
114512;2
114516;2
114517;2
114522;2
114523;2
114525;2
114527;5
114528;2
114530;2
114531;2
114533;2
114536;2
115032;1
115172;1
115232;1
115258;5
115332;1
115636;1
115637;5
115639;5
115640;1
115641;1
115644;5
115645;1
115646;1
115647;1
115648;1
115649;1
115650;1
115652;1
115655;1
115661;1
115663;1
115664;1
115665;1
115672;1
115674;1
115679;1
115681;1
115682;1
115684;1
115686;2
115690;2
115691;2
115692;1
115693;1
115694;2
115695;2
115696;2
115697;2
115698;2
115699;1
115701;2
115702;1
115703;2
115704;2
115709;2
115710;1
115711;2
115712;2
115713;1
115715;1
115716;2
115717;1
115718;5
115719;1
115720;2
115721;2
115726;2
115728;2
115729;2
115730;2
115731;2
115732;1
115733;1
115734;1
115735;1
115737;1
115739;1
115741;1
115742;1
115743;1
115744;1
115745;1
115748;1
115750;1
115753;1
115754;1
115755;1
115756;1
115757;5
115758;1
115759;1
115761;1
115762;1
115763;1
115764;5
115766;1
115767;5
115768;5
115770;1
115771;1
115774;1
115775;1
115779;1
115780;1
115783;1
115785;1
115786;1
115787;5
115788;1
115789;1
115790;1
115791;1
115792;1
115793;1
115794;1
115795;1
115796;1
115797;1
115798;1
115799;1
115800;1
115801;1
115802;1
115807;1
115808;1
115810;1
115811;1
115813;1
115814;1
115816;1
115817;1
115818;1
115819;1
115820;1
115821;1
115822;1
115824;1
115825;1
115827;1
115828;1
115831;1
115833;1
115834;1
115835;1
115836;1
115837;1
116052;1
116512;1
116572;1
116573;1
116574;2
116575;2
116576;2
116577;2
116578;2
116579;2
116580;2
116581;2
116586;1
116589;1
116590;1
116591;1
116592;2
116594;1
116597;1
116598;2
116600;2
116601;2
116602;2
116603;1
116604;1
116605;2
116606;2
116609;1
116610;1
116612;2
116615;2
116617;2
116618;2
116619;2
116620;2
116623;2
116625;2
116627;2
116628;2
116630;1
116632;1
116633;1
116634;1
116636;1
116637;1
116638;1
116639;2
116641;2
116642;2
116643;2
116647;2
116648;1
116651;1
116652;2
116653;2
116654;2
116655;2
116656;2
116659;1
116660;1
116662;1
116663;1
116665;1
116668;1
116669;1
116670;1
116671;1
116672;1
116675;1
116676;1
116677;1
116679;1
116682;1
116684;1
116685;1
116686;1
116688;1
116691;1
116692;1
116693;1
116694;1
116698;1
116699;1
116702;1
116703;1
116704;1
116705;1
116706;1
116707;1
116709;1
116711;1
116712;1
116714;1
116716;1
116717;1
116718;1
116719;1
116720;1
116722;1
116723;1
116724;1
116727;1
116729;1
116730;1
116732;1
116733;1
116735;1
116736;1
116737;1
116738;1
116741;5
116742;1
116743;1
116744;1
116747;1
116748;1
116753;1
116754;1
116755;1
116757;1
116759;1
116760;1
116762;1
116763;1
116765;1
116766;1
116767;1
116768;1
116769;5
116770;1
116772;1
116773;2
116775;2
116776;1
116777;1
116780;1
116781;5
116782;1
116786;1
116793;1
116794;1
116797;1
116798;1
116799;1
116800;1
116801;1
116803;1
116804;1
116806;1
116809;1
116810;1
116812;1
116813;2
116815;1
116817;1
116818;1
116819;1
116820;1
116823;1
116824;1
116825;1
116826;2
116828;1
116830;1
116832;5
116833;1
116834;1
116835;1
116836;1
116837;1
116838;1
116840;1
116841;1
116842;1
116844;1
116845;1
116847;1
116848;1
116849;1
116850;1
116851;1
116852;1
116853;1
116854;1
116857;1
116858;1
117152;1
117153;1
117154;2
117155;2
117157;1
117160;2
117161;5
117162;2
117163;1
117165;2
117168;2
117169;1
117171;1
117173;1
117174;1
117175;2
117178;1
117179;1
117180;1
117185;1
117189;1
117191;1
117193;1
117194;2
117198;2
117199;2
117200;1
117201;1
117202;1
117204;2
117205;2
117206;5
117207;2
117208;1
117210;1
117211;2
117332;2
117352;2
117392;1
117612;1
117613;1
117832;1
117912;1
117935;1
117936;1
117939;1
117941;1
117942;1
117945;1
117946;1
117949;1
117951;1
117952;1
117953;1
117954;1
117955;1
117963;1
117966;1
117968;2
117974;1
117980;1
117982;1
117983;1
117984;1
117985;1
117986;1
117987;1
117988;1
117989;1
118004;1
118005;1
118013;1
118014;1
118015;1
118018;1
118019;1
118027;1
118030;1
118032;1
118033;1
118034;1
118035;1
118036;1
118037;1
118038;1
118040;1
118041;1
118043;1
118044;1
118045;1
118046;1
118047;1
118048;1
118051;1
118052;1
118054;1
118055;1
118060;1
118061;1
118062;1
118067;1
118068;1
118069;1
118073;1
118074;1
118075;1
118076;1
118079;1
118080;1
118081;1
118082;1
118083;1
118084;1
118085;1
118086;1
118087;1
118090;1
118092;1
118093;1
118095;1
118096;1
118097;1
118098;1
118099;1
118100;1
118101;1
118102;1
118103;1
118104;1
118105;1
118106;1
118109;1
118110;1
118111;1
118112;1
118114;1
118115;1
118116;5
118117;1
118118;1
118372;2
118432;2
118592;1
118612;2
118632;2
118692;1
118712;1
118832;5
118892;1
119192;2
119492;1
120112;1
120132;2
120174;1
120252;1
120312;1
120332;1
120412;1
120972;2
120992;2
121172;2
121355;1
121417;1
121513;1
121518;1
121532;5
121672;1
121932;1
122072;3
122312;1
122392;2
122492;1
122772;1
123094;1
123988;1
123989;1
123990;1
123991;1
123992;1
123993;1
123994;1
123997;1
123999;1
124000;1
124025;1
124026;5
124072;1
124073;1
124074;1
124075;1
124076;1
124077;1
124078;1
124080;1
124081;1
124082;1
124083;1
124084;1
124085;1
124087;1
124090;1
124091;5
124092;1
124094;1
124095;1
124098;1
124099;1
124100;1
124101;1
124103;1
124105;1
124106;1
124108;1
124109;1
124110;1
124114;1
124117;1
124118;1
124119;1
124120;1
124121;1
124122;1
124123;1
124124;1
124125;1
124126;1
124127;1
124128;1
124129;1
124131;1
124132;1
124133;1
124134;1
124135;1
124137;1
124138;1
124140;1
124141;1
124142;1
124143;1
124144;1
124146;1
124147;1
124149;5
124152;1
124153;1
124154;1
124155;1
124156;1
124157;1
124158;1
124159;1
124160;1
124167;1
124170;1
124171;1
124172;1
124173;1
124174;2
124175;2
124176;1
124177;1
124178;1
124179;1
124180;1
124181;1
124182;1
124183;1
124184;1
124185;1
124187;1
124188;1
124189;5
124190;1
124191;5
124194;1
124195;1
124196;1
124199;1
124200;1
124201;1
124204;1
124206;2
124207;1
124209;1
124210;1
124211;1
124212;1
124214;1
124215;1
124216;2
124217;1
124219;5
124220;5
124221;2
124223;2
124229;2
124230;5
124231;1
124232;1
124234;1
124237;1
124239;1
124240;1
124241;1
124242;1
124243;1
124245;1
124246;1
124247;1
124248;2
124249;2
124251;1
124252;1
124253;1
124254;1
124255;1
124256;1
124259;1
124263;2
124264;5
124265;1
124267;1
124268;1
124270;1
124271;2
124273;1
124274;1
124275;1
124276;1
124277;1
124278;1
124280;1
124281;5
124282;1
124283;1
124285;1
124286;1
124288;1
124289;1
124292;1
124294;1
124298;1
124300;2
124301;5
124302;1
124304;1
124305;1
124309;1
124311;2
124314;1
124317;1
124319;1
124323;1
124325;1
124330;1
124333;1
124334;1
124336;1
124337;1
124338;1
124340;1
124341;1
124347;1
124348;5
124349;1
124350;1
124351;1
124354;1
124355;1
124357;1
124358;1
124360;2
124372;2
124375;1
124376;1
124377;1
124379;1
124380;1
124382;1
124383;1
124384;1
124385;1
124386;1
124389;1
124390;1
124391;1
124392;1
124393;2
124394;5
124396;5
124398;5
124400;1
124404;1
124405;1
124406;1
124407;1
124408;5
124409;1
124411;1
124415;5
124416;1
124418;1
124419;5
124421;1
124422;1
124423;1
124427;1
124428;1
124429;1
124430;1
124431;1
124432;1
124434;1
124435;5
124437;1
124438;5
124439;1
124440;1
124441;1
124442;5
124443;5
124445;1
124446;1
124451;1
124452;1
124456;1
124459;1
124460;1
124461;1
124462;1
124463;1
124464;1
124465;1
124466;5
124468;5
124469;1
124471;5
124472;5
124473;5
124474;1
124475;5
124476;5
124478;1
124482;1
124493;1
124498;1
124500;1
124501;1
124502;1
124503;1
124507;3
124508;3
124511;3
124512;3
124514;3
124515;3
124520;1
124522;1
124524;1
124525;1
124526;1
124533;5
124534;5
124536;5
124537;1
124538;1
124539;1
124540;1
124541;1
124542;1
124543;1
124545;1
124546;1
124547;1
124549;1
124550;1
124551;1
124552;1
124553;1
124554;1
124560;3
124563;3
124566;1
124567;1
124568;3
124569;3
124571;3
124572;1
124574;1
124578;3
124579;5
124581;5
124585;1
124587;3
124594;5
124597;1
124598;1
124599;1
124601;1
124602;1
124607;1
124608;1
124609;1
124610;1
124611;1
124612;1
124615;1
124616;1
124618;1
124624;1
124627;1
124629;1
124630;1
124632;1
124634;1
124638;1
124642;5
124643;1
124644;1
124645;1
124646;1
124647;1
124649;1
124651;1
124657;1
124658;1
124659;1
124662;1
124664;1
124665;5
124667;1
124668;1
124669;1
124670;1
124672;1
124673;1
124674;1
124677;1
124678;1
124679;1
124680;1
124681;1
124682;1
124687;1
124688;1
124690;1
124691;1
124692;1
124693;1
124695;5
124697;1
124698;1
124699;1
124702;1
124703;1
124707;1
124709;1
124710;1
124711;1
124715;1
124716;1
124718;1
124720;1
124721;1
124722;1
124723;1
124724;1
124727;1
124728;1
124729;1
124730;5
124732;5
124733;1
124735;5
124739;1
124740;1
124741;5
124742;1
124743;1
124746;5
124752;1
124759;1
124763;1
124766;1
124767;1
124768;1
124769;1
124772;1
124774;1
124775;1
124777;1
124778;1
124780;1
124784;1
124785;1
124786;1
124787;5
124788;1
124789;1
124793;1
124800;1
124801;1
124802;1
124803;1
124807;1
124808;1
124809;5
124822;5
124823;1
124824;1
124825;1
124826;1
124828;1
124832;1
124834;1
124836;1
124837;1
124838;1
124840;1
124842;1
124844;1
124854;1
124856;1
124859;1
124860;1
124863;1
124865;1
124866;1
124867;1
124868;1
124869;1
124870;1
124871;5
124875;1
124876;5
124880;1
124881;1
124883;3
124886;1
124887;3
124892;1
124893;1
124895;3
124896;3
124897;1
124904;3
124905;3
124907;1
124920;3
124923;1
124924;1
124931;1
124932;5
124934;1
124936;3
124937;1
124938;1
124939;1
124942;3
124944;1
124950;3
124951;3
124955;3
124961;3
124962;3
124964;3
124966;1
124967;1
124968;1
124969;1
124970;1
124971;1
124972;1
124975;5
124976;5
124977;5
124978;5
124980;5
124981;5
124982;3
124983;3
124984;3
124985;3
124986;5
124987;3
124988;1
124989;1
124990;1
124991;1
124992;1
124993;5
124994;5
124995;3
124996;3
124997;1
125004;1
125007;1
125008;1
125011;1
125013;1
125014;1
125016;1
125021;1
125026;3
125028;3
125030;3
125031;5
125032;3
125034;3
125036;1
125038;1
125040;1
125041;1
125042;1
125043;1
125044;1
125046;1
125047;1
125048;1
125049;1
125050;1
125051;1
125052;1
125053;1
125054;1
125058;1
125062;3
125063;3
125064;3
125067;3
125069;3
125092;1
125132;1
125174;1
125192;1
125272;2
125292;5
125293;5
125452;2
125472;2
125796;1
125797;1
125798;1
125800;1
125802;1
125803;1
125809;5
125820;1
125821;1
125823;1
125828;1
125829;1
125830;1
125834;1
125836;1
125837;1
125841;1
125842;1
125843;1
125844;1
125845;1
125848;1
125849;1
125850;1
125851;1
125854;1
125855;1
125857;1
125858;1
125859;1
125860;1
125861;1
125862;1
125864;1
125866;1
125868;1
125871;1
125872;1
125873;1
125874;1
125875;1
125883;1
125884;1
125885;1
125887;1
125889;1
125890;1
125893;1
125896;1
125903;1
125904;1
125911;1
125912;2
125914;1
125915;2
125916;1
125918;1
125919;5
125920;2
125921;2
125922;2
125923;2
125924;2
125928;2
125930;2
125931;2
125932;2
125933;2
125934;2
125936;2
125940;2
125941;2
125942;2
125943;2
125944;2
125948;2
125950;2
125951;2
125954;2
125960;2
125962;2
125964;2
125965;2
125967;2
125968;2
125969;2
125971;2
125972;1
125973;2
125975;2
125976;1
125977;1
125978;2
125980;2
125981;2
125982;1
125983;2
125985;2
125987;2
125988;2
125991;1
125993;2
125994;1
125995;2
125996;2
125998;1
125999;1
126002;2
126003;2
126004;2
126005;2
126006;5
126007;1
126008;1
126010;2
126011;2
126012;5
126013;2
126014;2
126016;2
126019;2
126032;1
126033;1
126034;1
126035;1
126036;1
126037;1
126038;1
126039;1
126041;1
126042;1
126044;1
126045;1
126046;1
126047;1
126049;1
126050;1
126051;1
126052;1
126059;1
126060;1
126061;1
126062;1
126064;1
126065;1
126066;1
126067;1
126070;1
126072;1
126073;1
126075;1
126076;1
126077;1
126078;1
126083;1
126084;1
126085;1
126086;1
126087;1
126088;1
126089;1
126090;1
126091;1
126092;1
126093;1
126094;1
126095;1
126096;1
126098;1
126099;1
126101;1
126102;1
126104;1
126105;1
126106;1
126107;1
126108;1
126109;1
126121;1
126123;5
126124;1
126125;1
126126;1
126127;1
126128;1
126130;1
126131;1
126133;1
126134;1
126312;1
126774;1
126992;1
127832;1
128032;1
128052;1
128193;1
128592;2
128612;2
129032;1
129052;1
129053;1
129054;1
129056;1
129057;1
129060;1
129061;1
129062;1
129063;1
129064;1
129065;1
129066;1
129067;1
129069;1
129070;1
129071;1
129072;1
129073;1
129074;1
129075;1
129078;1
129079;1
129080;1
129081;1
129082;1
129083;1
129084;5
129085;1
129086;1
129088;1
129089;1
129090;1
129091;1
129092;1
129093;1
129094;1
129095;1
129097;1
129098;1
129100;1
129101;1
129104;5
129106;1
129109;1
129113;1
129114;1
129115;1
129116;1
129117;1
129118;1
129120;1
129121;1
129122;1
129123;1
129124;1
129125;1
129126;1
129129;1
129130;1
129131;1
129132;1
129133;1
129134;1
129135;1
129136;1
129137;1
129138;1
129141;1
129143;1
129145;1
129146;1
129147;1
129152;1
129154;1
129158;1
129159;1
129161;1
129162;1
129164;1
129165;5
129167;1
129168;1
129169;1
129170;5
129173;1
129174;1
129175;1
129176;1
129177;2
129178;2
129180;2
129181;2
129182;2
129183;1
129185;1
129186;1
129187;5
129188;1
129191;5
129193;5
129197;2
129198;2
129199;1
129200;2
129201;2
129202;2
129203;1
129204;1
129205;1
129206;1
129207;1
129209;5
129210;1
129211;5
129214;5
129215;1
129216;2
129217;1
129218;5
129219;2
129220;1
129221;1
129225;1
129226;1
129227;5
129228;1
129231;1
129234;5
129235;1
129236;2
129237;2
129238;5
129239;2
129240;2
129241;2
129242;2
129243;2
129244;1
129245;2
129246;2
129247;2
129248;2
129249;2
129250;2
129251;2
129252;1
129254;1
129255;1
129256;1
129261;1
129262;1
129272;2
129277;2
129281;2
129282;2
129283;2
129285;2
129286;2
129287;2
129289;1
129290;2
129291;2
129292;2
129293;1
129294;2
129297;2
129298;2
129299;2
129301;1
129302;2
129304;2
129305;2
129307;2
129308;2
129310;2
129311;2
129312;5
129313;1
129314;1
129315;1
129317;1
129318;1
129319;2
129320;2
129321;2
129322;2
129332;2
129333;2
129334;2
129335;2
129336;2
129337;2
129338;2
129339;2
129340;2
129341;5
129343;5
129344;2
129345;2
129346;2
129347;2
129349;2
129350;2
129351;2
129352;2
129353;2
129355;2
129356;2
129357;5
129358;2
129360;1
129361;2
129362;5
129365;5
129369;1
129372;1
129376;1
129377;1
129378;1
129379;1
129380;5
129382;1
129385;1
129386;1
129388;1
129389;1
129391;1
129392;5
129394;1
129395;1
129397;1
129399;1
129400;5
129401;1
129402;1
129405;1
129406;1
129407;1
129408;1
129409;1
129410;1
129411;1
129414;1
129415;1
129416;1
129417;1
129419;1
129421;1
129422;1
129423;5
129424;1
129426;1
129427;1
129428;1
129432;1
129434;1
129435;1
129438;1
129439;1
129440;1
129443;1
129444;1
129447;1
129448;1
129449;1
129451;1
129452;1
129453;1
129454;1
129456;1
129459;1
129461;1
129463;1
129464;1
129465;1
129466;1
129467;1
129468;1
129469;1
129473;1
129476;5
129477;1
129478;1
129483;1
129484;1
129485;1
129486;1
129488;3
129491;1
129494;1
129496;1
129497;1
129498;1
129499;1
129500;1
129501;3
129502;5
129504;3
129506;3
129511;1
129512;1
129513;1
129514;1
129515;5
129517;5
129518;1
129521;1
129522;1
129523;1
129524;1
129525;1
129526;1
129527;1
129528;1
129529;1
129530;3
129531;1
129532;1
129533;3
129534;1
129535;1
129536;1
129539;3
129540;5
129541;3
129543;1
129545;1
129546;1
129547;3
129548;1
129550;1
129551;1
129555;1
129556;1
129559;1
129563;1
129564;1
129565;1
129566;1
129567;1
129568;1
129569;1
129571;1
129573;1
129574;5
129575;1
129576;1
129580;3
129581;1
129582;1
129583;1
129584;1
129585;1
129587;1
129589;1
129590;1
129591;1
129592;1
129593;1
129594;1
129596;1
129597;1
129598;1
129600;1
129601;1
129602;1
129603;1
129604;1
129605;1
129606;5
129607;5
129608;1
129609;1
129610;1
129611;1
129612;1
129613;1
129614;1
129618;1
129619;3
129621;1
129622;1
129623;1
129624;1
129625;1
129626;1
129627;1
129628;3
129629;1
129630;3
129631;1
129632;1
129634;1
129635;1
129636;1
129638;1
129639;1
129640;1
129641;1
129642;1
129643;1
129644;1
129646;1
129647;1
129648;1
129650;1
129651;1
129652;1
129654;1
129656;1
129657;1
129659;3
129660;3
129662;3
129663;1
129664;1
129665;1
129666;1
129668;1
129669;1
129671;1
129673;1
129674;1
129675;1
129676;1
129678;1
129679;1
129681;1
129700;1
129701;1
129702;1
129703;1
129704;1
129705;1
129717;1
129744;1
129745;1
129747;1
129748;1
129750;1
129751;1
129763;1
129768;1
129770;1
129772;1
129773;1
129912;1
130016;1
130272;1
130292;1
130652;1
131093;1
131272;1
131332;1
131352;1
131433;1
131454;1
131472;1
131492;1
131552;1
131694;2
131792;1
131972;1
131973;1
131974;1
131993;1
132012;1
132014;1
132016;1
132018;1
132019;1
132492;1
132512;1
132752;1
132812;1
132832;1
132852;3
133632;1
133692;1
133812;1
133873;2
133892;1
133893;1
133896;1
133897;1
133898;1
133899;1
133900;1
133901;1
133902;1
133903;1
133905;1
133907;1
133908;1
133909;1
133910;1
133911;1
133912;1
133914;1
133915;1
133917;1
133918;1
133919;1
133922;1
133924;1
133925;1
133930;1
133934;1
133939;1
133943;1
133946;1
133948;1
133949;1
133952;1
133954;1
133955;1
133956;1
133962;1
133963;1
133964;1
133965;1
133967;1
133969;1
133970;1
133971;1
133972;1
133973;1
133974;1
133975;1
133986;1
133988;1
133991;1
133993;1
133994;5
133995;1
133996;1
133997;1
133998;1
133999;1
134000;1
134001;1
134002;1
134004;1
134005;1
134006;1
134007;1
134010;1
134011;1
134013;1
134014;1
134015;1
134021;1
134028;1
134029;1
134031;1
134032;1
134033;1
134034;1
134035;1
134036;1
134038;1
134039;1
134040;1
134041;1
134042;1
134043;1
134044;1
134045;1
134046;1
134048;1
134049;1
134058;1
134063;1
134064;1
134065;1
134068;1
134070;1
134072;1
134073;1
134074;1
134076;1
134078;1
134082;1
134083;1
134084;1
134092;1
134095;1
134097;1
134098;1
134100;1
134101;1
134102;1
134103;1
134105;1
134106;1
134107;1
134110;1
134111;1
134113;1
134117;1
134118;1
134120;1
134122;1
134129;1
134130;1
134131;1
134132;1
134133;1
134135;1
134136;1
134138;1
134141;1
134142;1
134143;1
134144;1
134145;1
134146;1
134152;1
134153;1
134156;1
134159;1
134160;1
134162;1
134165;1
134166;1
134170;1
134171;1
134173;1
134176;1
134178;1
134180;1
134182;1
134186;1
134187;1
134188;1
134189;1
134190;1
134192;1
134193;2
134197;2
134202;2
134203;2
134209;2
134210;2
134211;2
134212;2
134213;2
134214;2
134215;2
134216;2
134219;2
134220;2
134221;2
134224;2
134227;2
134229;2
134239;2
134241;2
134244;2
134245;2
134246;2
134247;2
134248;2
134249;2
134250;2
134254;2
134256;2
134257;2
134258;2
134261;2
134262;2
134266;2
134267;2
134268;2
134269;2
134270;2
134272;2
134273;2
134274;5
134276;5
134277;5
134281;5
134282;5
134284;2
134285;2
134289;2
134291;2
134293;2
134297;2
134298;2
134299;2
134300;2
134302;5
134303;5
134305;5
134306;5
134307;5
134313;5
134315;5
134316;5
134317;2
134318;5
134320;2
134322;5
134323;5
134324;5
134327;5
134328;5
134330;5
134332;5
134334;2
134336;2
134337;5
134338;5
134343;5
134345;5
134346;5
134347;5
134348;5
134349;5
134350;5
134353;5
134357;5
134358;5
134359;5
134362;5
134365;2
134366;2
134367;2
134368;2
134369;5
134373;2
134374;2
134376;5
134377;5
134378;5
134381;5
134383;5
134387;5
134388;5
134390;5
134391;2
134392;2
134393;5
134394;5
134395;5
134396;5
134401;2
134402;5
134403;5
134404;5
134405;2
134406;2
134408;5
134409;2
134410;2
134411;2
134413;2
134414;2
134415;2
134416;2
134418;2
134419;2
134421;2
134422;2
134423;2
134424;2
134428;2
134429;2
134432;2
134433;2
134434;2
134435;1
134436;1
134437;2
134441;2
134445;2
134447;1
134448;1
134449;2
134450;2
134451;2
134452;2
134453;2
134454;2
134455;2
134457;2
134458;2
134463;2
134464;2
134473;2
134475;2
134477;2
134479;2
134480;2
134482;2
134483;2
134484;5
134487;2
134488;2
134489;2
134491;2
134492;2
134494;2
134495;2
134497;2
134500;2
134501;2
134503;2
134504;2
134505;2
134506;2
134507;2
134508;2
134509;2
134511;2
134512;1
134513;1
134514;1
134517;1
134518;1
134520;1
134521;1
134523;1
134524;1
134525;1
134526;1
134529;1
134530;1
134533;1
134534;1
134536;1
134537;1
134538;1
134539;1
134540;1
134545;1
134546;1
134547;1
134549;1
134550;1
134551;1
134554;1
134555;1
134556;1
134557;1
134558;1
134559;1
134561;1
134565;1
134567;1
134569;1
134571;1
134572;1
134578;1
134579;1
134583;1
134584;1
134585;1
134586;1
134587;1
134591;1
134593;1
134594;1
134596;1
134597;1
134598;1
134602;1
134603;1
134607;1
134608;1
134611;1
134612;1
134615;2
134617;2
134618;2
134620;2
134621;2
134623;2
134624;2
134625;2
134626;2
134630;2
134631;2
134633;2
134634;2
134636;2
134638;2
134639;2
134640;2
134641;2
134642;2
134645;2
134646;2
134647;2
134648;2
134649;2
134650;2
134652;2
134654;2
134657;2
134659;2
134661;2
134664;1
134669;2
134671;2
134676;2
134678;2
134679;2
134680;2
134681;2
134684;2
134686;2
134691;2
134692;2
134693;2
134695;2
134698;2
134699;2
134701;2
134702;2
134703;2
134704;2
134706;2
134707;2
134708;2
134712;2
134713;2
134714;2
134715;2
134716;2
134718;2
134719;5
134720;2
134723;2
134725;2
134726;2
134727;2
134734;5
134735;1
134736;1
134737;1
134740;1
134741;1
134742;1
134743;2
134747;2
134751;2
134753;2
134754;2
134755;2
134757;2
134758;2
134759;2
134760;2
134763;2
134765;2
134768;2
134771;2
134772;2
134775;2
134776;2
134781;2
134782;2
134784;2
134785;2
134791;2
134792;1
134796;2
134797;2
134800;2
134801;2
134808;5
134810;2
134811;2
134813;2
134814;2
134815;1
134818;2
134822;2
134823;2
134824;2
134832;1
134952;1
134972;1
134993;2
135012;2
135034;1
135132;1
135192;1
135232;1
135252;2
135272;2
135312;2
135452;2
135572;1
135632;2
135732;2
135812;1
135832;1
135872;2
135892;2
135992;1
136112;1
136174;2
136254;1
136292;5
136313;1
136352;1
136473;1
136493;1
136534;2
136779;1
136812;1
136813;1
136832;1
136892;1
136912;1
136972;1
137012;1
137072;2
137074;2
137075;2
137076;2
137092;2
137113;2
137132;5
137133;5
137134;5
137154;5
137193;1
137212;1
137217;1
137333;1
137352;2
137412;1
137492;1
137512;2
137552;2
137592;2
137612;1
137752;1
137772;2
137792;2
137794;2
137812;1
137832;5
137892;1
137912;2
138052;1
138054;1
138133;2
138312;1
138316;1
138317;1
138322;1
138324;1
138325;1
138326;1
138327;1
138328;1
138329;1
138330;1
138331;1
138336;1
138338;5
138340;1
138341;5
138342;5
138347;1
138348;1
138349;1
138350;1
138351;1
138357;5
138358;5
138359;1
138360;1
138361;1
138362;1
138363;5
138364;1
138365;1
138368;1
138371;1
138373;1
138374;1
138376;1
138377;1
138382;5
138383;1
138384;1
138385;1
138386;1
138388;1
138389;1
138390;1
138391;1
138392;1
138395;1
138396;1
138397;1
138398;1
138399;1
138402;5
138403;1
138404;5
138406;5
138407;5
138408;1
138409;1
138410;1
138411;1
138414;1
138416;1
138418;1
138419;1
138420;1
138421;1
138422;1
138425;1
138426;5
138428;1
138429;1
138431;1
138433;1
138434;1
138437;1
138438;1
138439;1
138440;1
138441;1
138442;1
138443;1
138446;1
138447;1
138448;1
138449;1
138450;1
138452;1
138453;1
138454;1
138455;1
138457;1
138458;1
138459;1
138461;5
138462;1
138463;1
138464;1
138465;1
138468;1
138469;1
138470;1
138471;1
138472;1
138473;1
138474;1
138475;1
138476;1
138477;1
138478;1
138479;1
138480;1
138481;1
138482;1
138483;1
138484;1
138485;1
138486;1
138487;1
138488;1
138489;1
138490;1
138491;1
138494;1
138497;1
138498;1
138499;1
138500;1
138501;1
138502;1
138503;1
138505;1
138508;1
138512;1
138514;1
138515;1
138517;1
138519;1
138520;1
138527;1
138528;1
138529;1
138534;1
138535;1
138537;1
138539;1
138543;1
138544;1
138547;1
138548;1
138549;1
138555;1
138557;1
138558;1
138559;1
138560;1
138561;1
138562;1
138563;1
138566;1
138567;1
138568;1
138569;1
138570;1
138571;1
138573;1
138574;1
138575;1
138576;1
138578;1
138579;1
138580;1
138581;1
138582;1
138583;1
138584;1
138585;1
138587;1
138588;1
138589;1
138590;1
138591;1
138594;1
138596;1
138597;1
138599;1
138600;1
138601;1
138602;1
138603;1
138604;1
138607;1
138609;1
138611;1
138616;2
138618;2
138619;2
138621;2
138627;2
138628;2
138632;2
138633;2
138634;2
138637;2
138640;2
138642;2
138643;2
138647;2
138649;2
138650;2
138651;1
138653;1
138654;1
138655;2
138656;2
138657;2
138658;2
138662;2
138664;2
138665;2
138666;2
138671;2
138672;2
138673;2
138674;1
138675;1
138676;2
138677;2
138678;2
138679;2
138680;2
138681;2
138684;2
138693;2
138694;2
138695;2
138696;2
138697;2
138699;2
138702;2
138703;2
138704;2
138705;1
138706;2
138707;2
138708;2
138709;2
138710;2
138711;2
138714;2
138715;1
138717;1
138719;1
138720;1
138721;1
138722;1
138724;2
138726;2
138729;2
138732;2
138734;2
138735;1
138736;1
138737;1
138738;2
138741;1
138757;1
138758;2
138759;2
138760;2
138761;2
138762;2
138763;2
138764;2
138775;2
138778;5
138781;1
138782;2
138784;1
138785;1
138786;1
138787;2
138788;1
138789;1
138790;1
138793;1
138795;2
138796;2
138797;2
138798;2
138800;2
138801;2
138810;2
138813;2
138818;1
138819;1
138821;1
138822;1
138823;1
138825;1
138826;1
138829;1
138830;1
138832;1
138833;1
138834;1
138835;1
138836;1
138837;1
138838;1
138839;1
138840;1
138841;1
138843;1
138845;1
138846;1
138848;2
138850;2
138851;1
138852;1
138853;1
138854;1
138858;1
138859;2
138860;2
138861;2
138862;2
138863;2
138864;2
138865;2
138868;2
138869;1
138870;1
138871;1
138872;1
138873;1
138879;1
138880;1
138881;1
138883;1
138884;1
138886;1
138887;1
138888;1
138890;1
138891;1
138892;1
138894;1
138895;5
138896;1
138897;1
138899;5
138900;1
138902;1
138903;1
138904;1
138905;2
138907;1
138909;1
138910;1
138911;1
138913;1
138914;1
138952;1
138972;1
138973;1
138974;1
139052;1
139053;1
139073;2
139092;2
139094;5
139096;5
139097;2
139102;2
139108;2
139110;2
139111;2
139112;2
139116;2
139118;2
139119;2
139120;2
139124;5
139125;2
139127;2
139129;5
139134;2
139135;5
139138;5
139141;2
139149;5
139152;2
139153;2
139154;5
139156;2
139157;2
139163;2
139164;2
139165;2
139167;2
139168;2
139170;5
139172;2
139173;2
139174;2
139175;5
139180;2
139183;2
139187;2
139188;2
139189;2
139190;2
139191;2
139192;2
139193;2
139194;2
139198;5
139199;5
139200;5
139201;5
139202;5
139207;5
139209;2
139211;5
139212;5
139213;2
139217;2
139222;5
139224;5
139225;2
139232;2
139234;2
139237;5
139238;5
139239;5
139241;5
139242;5
139243;5
139249;2
139250;2
139253;2
139254;5
139255;5
139261;2
139264;5
139265;2
139267;2
139268;2
139269;2
139270;2
139271;2
139273;5
139278;5
139280;5
139281;5
139282;2
139283;2
139289;5
139290;5
139452;2
139472;2
139492;2
139553;1
139612;2
139652;2
139712;1
139732;1
139933;1
140012;1
140032;1
140132;1
140154;1
140212;1
140272;3
140312;1
140332;1
140352;1
140432;1
140612;2
140633;1
140672;5
140772;1
140792;1
140852;5
140932;2
141052;2
141072;2
141092;2
141112;2
141132;2
141133;2
141152;1
141154;1
141155;1
141156;1
141157;1
141158;1
141160;1
141162;1
141164;1
141165;1
141166;1
141167;1
141168;1
141169;1
141170;1
141171;1
141173;1
141174;1
141176;1
141178;1
141179;1
141180;1
141181;1
141182;1
141183;1
141190;1
141191;1
141192;1
141193;1
141194;1
141195;1
141196;1
141197;1
141198;1
141199;1
141200;1
141201;1
141204;1
141205;1
141206;1
141207;1
141208;1
141209;1
141216;1
141219;1
141220;1
141222;1
141223;1
141225;1
141226;1
141227;1
141228;1
141229;1
141230;1
141232;1
141233;1
141234;1
141236;1
141237;1
141238;1
141239;1
141240;1
141241;1
141242;1
141243;1
141244;1
141245;1
141246;1
141247;1
141248;1
141249;1
141251;1
141253;1
141254;1
141257;1
141261;1
141262;1
141263;1
141265;1
141266;1
141267;1
141269;1
141270;1
141271;1
141272;1
141273;1
141274;1
141275;1
141276;1
141277;1
141279;1
141280;1
141281;1
141284;1
141289;1
141292;1
141296;1
141300;1
141302;1
141303;1
141307;5
141308;1
141310;1
141311;1
141312;1
141313;5
141314;5
141315;1
141316;5
141317;1
141318;1
141320;1
141321;1
141322;1
141323;1
141327;1
141328;1
141329;1
141331;1
141332;1
141334;1
141335;1
141340;1
141342;5
141343;5
141344;1
141345;1
141348;1
141349;1
141350;1
141351;1
141354;1
141357;1
141358;1
141362;1
141363;1
141366;1
141368;1
141369;1
141370;1
141372;1
141374;1
141375;1
141379;1
141381;1
141388;1
141389;1
141390;1
141393;1
141396;5
141397;1
141399;1
141400;1
141401;1
141405;1
141406;1
141407;1
141408;1
141409;1
141410;1
141412;1
141413;1
141414;1
141415;1
141416;1
141418;1
141421;1
141423;1
141425;1
141426;1
141428;1
141429;1
141430;1
141431;1
141432;1
141434;5
141435;5
141440;1
141442;1
141444;1
141445;1
141448;1
141450;1
141452;1
141453;1
141454;1
141457;1
141458;1
141459;1
141460;1
141462;1
141463;1
141465;1
141466;1
141468;1
141469;5
141470;1
141471;1
141472;1
141473;1
141474;1
141475;1
141476;1
141477;1
141478;1
141479;1
141480;1
141481;1
141482;1
141484;1
141485;1
141486;1
141488;1
141489;1
141491;1
141492;1
141493;1
141494;1
141495;1
141496;1
141500;1
141501;1
141502;1
141503;1
141504;1
141505;1
141506;1
141507;1
141508;1
141509;1
141511;1
141512;1
141513;1
141514;1
141515;1
141517;1
141519;1
141521;1
141522;1
141523;1
141524;1
141525;5
141526;1
141527;1
141528;1
141529;1
141530;1
141531;1
141532;1
141533;5
141534;1
141535;1
141538;1
141539;1
141541;1
141543;1
141544;1
141545;1
141546;1
141547;1
141552;1
141553;5
141555;1
141556;1
141557;1
141558;1
141559;1
141560;1
141562;1
141563;1
141564;1
141565;1
141567;1
141569;1
141570;1
141571;1
141572;1
141573;1
141574;1
141575;1
141576;1
141577;1
141578;1
141579;5
141580;1
141581;1
141583;1
141586;5
141587;1
141588;1
141589;1
141590;1
141592;1
141593;1
141594;5
141595;5
141597;5
141601;1
141602;1
141603;1
141604;1
141605;1
141606;1
141608;1
141609;1
141610;1
141611;1
141612;1
141613;1
141614;1
141615;1
141616;1
141617;1
141618;5
141619;5
141621;1
141623;1
141624;1
141625;1
141627;1
141628;1
141629;1
141630;1
141631;1
141632;1
141633;1
141634;1
141635;1
141637;1
141639;1
141643;1
141644;1
141645;1
141646;1
141647;1
141648;1
141652;1
141653;1
141654;1
141656;5
141657;1
141658;1
141659;1
141660;1
141661;2
141662;1
141663;1
141664;1
141671;5
141672;1
141673;1
141674;1
141675;1
141678;1
141681;1
141690;1
141691;1
141692;1
141694;1
141695;1
141696;1
141697;1
141698;5
141699;1
141701;1
141705;1
141707;1
141708;1
141711;1
141712;1
141714;1
141715;1
141717;1
141718;1
141719;1
141720;1
141724;1
141725;1
141727;1
141728;1
141730;1
141732;2
141735;1
141738;1
141739;1
141740;1
141745;1
141747;1
141748;1
141749;5
141751;1
141753;1
141754;1
141760;1
141761;1
141762;1
141763;1
141765;1
141766;1
141767;1
141768;1
141769;1
141770;1
141771;1
141772;2
141773;1
141774;1
141775;1
141776;1
141777;1
141778;1
141779;1
141780;1
141782;1
141783;1
141784;1
141785;1
141788;1
141789;1
141790;1
141791;2
141792;1
141793;1
141794;1
141795;1
141796;1
141797;1
141799;1
141800;2
141801;1
141802;5
141803;1
141805;1
141806;1
141808;1
141809;1
141810;1
141813;1
141814;1
141816;1
141818;1
141819;1
141820;1
141822;1
141823;1
141824;1
141825;1
141826;5
141827;1
141828;1
141829;1
141832;1
141833;1
141834;1
141835;1
141836;5
141838;1
141839;1
141840;1
141841;1
141842;1
141843;1
141844;1
141846;1
141847;1
141848;1
141849;1
141850;1
141851;1
141852;1
141855;3
141857;3
141858;3
141859;3
141860;3
141861;3
141862;3
141863;3
141864;3
141865;3
141873;3
141874;3
141875;3
141877;3
141878;3
141879;3
141880;3
141881;3
141889;3
141890;3
141891;3
141892;3
141894;3
141895;3
141896;3
141897;3
141899;3
141900;3
141901;3
141903;3
141904;3
141906;3
141907;3
141908;3
141909;3
141910;3
141911;3
141912;3
141917;3
141918;3
141921;3
141922;3
141925;3
141926;3
141927;3
141928;3
141929;3
141930;3
141931;3
141933;3
141935;3
141942;3
141943;3
141944;3
141946;3
141949;3
141950;3
141951;3
141952;3
141954;3
141956;1
141958;1
141960;1
141963;1
141964;1
141965;1
141967;1
141968;1
141970;1
141971;1
141972;1
141973;1
141974;1
141975;1
141977;1
141978;1
141979;1
141980;1
141981;1
141982;1
141984;1
141985;1
141989;1
141990;1
141991;1
141992;1
141993;1
141995;1
141996;1
141997;1
141998;1
141999;1
142000;1
142001;1
142002;1
142007;1
142008;1
142009;5
142010;1
142011;1
142012;1
142013;1
142014;1
142015;1
142016;1
142020;1
142025;1
142026;1
142027;1
142028;1
142029;1
142030;1
142033;1
142034;1
142035;1
142038;1
142041;1
142042;1
142043;1
142044;1
142045;1
142046;1
142047;1
142048;1
142053;1
142054;1
142055;1
142056;1
142057;1
142058;5
142064;1
142065;1
142066;1
142067;1
142068;1
142069;1
142070;1
142071;1
142073;1
142074;1
142076;1
142077;1
142078;1
142079;1
142080;1
142082;1
142085;1
142086;1
142087;1
142088;1
142091;1
142092;1
142093;1
142094;1
142095;1
142096;1
142097;1
142098;1
142099;1
142100;1
142102;1
142105;1
142106;1
142108;1
142109;1
142110;1
142111;1
142112;1
142113;1
142114;1
142115;1
142116;1
142121;1
142126;1
142127;1
142131;1
142132;1
142133;1
142134;1
142135;1
142138;1
142139;1
142140;1
142141;1
142142;1
142144;1
142146;1
142147;1
142148;1
142149;1
142150;1
142151;1
142155;1
142158;1
142159;1
142162;1
142163;1
142164;1
142166;1
142167;1
142168;1
142169;1
142170;1
142173;1
142174;1
142175;1
142178;1
142179;1
142180;1
142181;1
142187;1
142188;1
142189;1
142191;2
142194;1
142195;1
142198;1
142199;1
142201;1
142203;1
142204;1
142205;1
142206;1
142207;1
142209;1
142215;1
142216;1
142218;1
142219;1
142223;1
142224;1
142226;1
142228;2
142229;2
142230;2
142234;2
142236;2
142238;1
142246;1
142247;1
142248;1
142249;5
142250;1
142251;5
142252;1
142254;1
142255;1
142256;1
142257;1
142258;1
142261;2
142262;1
142265;1
142268;1
142269;1
142270;2
142273;1
142276;1
142277;1
142278;1
142279;1
142280;2
142281;2
142282;2
142283;2
142284;2
142285;1
142286;2
142287;2
142288;2
142289;2
142290;2
142291;2
142294;2
142296;2
142299;2
142300;2
142301;2
142302;2
142306;2
142307;2
142309;2
142310;2
142311;2
142312;2
142317;2
142318;2
142319;2
142320;2
142321;2
142322;2
142323;2
142324;2
142325;2
142326;2
142327;2
142329;2
142330;2
142331;2
142332;1
142334;2
142338;2
142340;2
142341;2
142342;2
142343;2
142344;2
142345;2
142346;2
142347;5
142348;2
142349;2
142352;2
142354;2
142360;2
142361;5
142367;2
142368;2
142369;1
142371;2
142373;2
142374;2
142375;2
142376;2
142377;2
142378;2
142380;2
142381;2
142382;2
142386;2
142389;2
142390;5
142391;2
142392;2
142393;1
142394;2
142395;2
142396;2
142399;2
142402;2
142403;2
142404;2
142405;2
142409;2
142411;2
142412;2
142415;2
142416;2
142417;2
142418;2
142422;2
142423;2
142424;2
142430;2
142431;2
142434;2
142436;2
142437;2
142438;2
142439;2
142441;2
142442;2
142445;2
142449;2
142452;2
142453;2
142454;2
142455;2
142456;2
142458;2
142460;2
142461;2
142462;2
142463;2
142465;2
142467;2
142468;2
142469;5
142470;2
142473;2
142474;2
142475;2
142476;2
142477;2
142478;2
142481;2
142483;1
142485;1
142486;1
142487;1
142488;1
142489;1
142490;5
142491;1
142492;1
142493;5
142494;1
142496;1
142497;1
142498;1
142499;1
142502;1
142504;1
142505;1
142506;1
142507;1
142508;1
142509;1
142511;1
142513;1
142514;1
142515;1
142516;1
142517;5
142519;1
142521;1
142523;1
142527;1
142529;1
142531;1
142533;1
142534;5
142536;1
142537;1
142538;1
142539;1
142540;1
142541;1
142542;1
142543;5
142544;1
142545;1
142546;1
142547;1
142548;1
142549;1
142550;1
142551;1
142552;1
142554;1
142555;1
142556;1
142557;1
142558;5
142560;1
142563;1
142564;1
142566;1
142567;5
142569;1
142570;1
142571;1
142572;1
142573;1
142574;1
142575;5
142576;1
142577;1
142578;1
142579;1
142580;1
142581;1
142582;5
142583;1
142584;1
142587;1
142588;5
142590;1
142591;5
142592;1
142595;1
142599;1
142601;1
142603;1
142604;1
142606;1
142608;5
142613;1
142617;1
142618;1
142620;1
142621;1
142625;1
142626;1
142630;1
142631;1
142632;1
142633;1
142634;1
142635;1
142636;1
142639;1
142640;1
142641;1
142642;1
142644;1
142645;1
142646;1
142647;1
142661;1
142662;1
142663;1
142665;1
142666;1
142669;1
142670;1
142671;1
142672;1
142674;1
142675;1
142682;1
142685;1
142752;2
142753;2
142852;1
142873;1
142912;1
142992;2
143012;2
143092;1
143112;2
143113;2
143192;1
143233;1
143272;1
143293;1
143412;1
143472;1
143473;1
143513;1
143533;1
143553;1
143613;2
143632;1
143652;2
143674;1
143692;2
143693;2
143694;2
143712;2
143713;2
143714;2
143715;2
143718;2
143752;5
143772;1
143872;1
143972;1
143992;1
144032;1
144052;2
144092;1
144132;1
144153;2
144172;2
144312;2
144414;2
144432;2
144434;2
144512;2
144532;2
144552;2
144794;1
144972;1
145032;5
145053;1
145072;1
145092;1
145152;2
145153;1
145172;2
145192;1
145232;1
145272;1
145352;1
145692;2
145732;1
145772;1
145833;2
145852;2
145872;2
145892;2
145912;1
145932;1
145972;1
145992;1
146012;2
146032;1
146072;1
146092;1
146112;1
146132;1
146152;1
146173;1
146193;1
146212;5
146272;1
146332;1
146372;5
146412;1
146432;1
146552;1
146573;3
146652;1
146692;1
146712;1
146752;1
146772;1
146812;1
147032;1
147052;1
147072;1
147075;5
147172;1
147212;2
147232;1
147272;1
147575;1
147592;1
147612;1
147632;1
147653;2
147755;2
147756;2
147758;2
147759;2
147792;1
147893;1
147896;1
148032;2
148052;2
148053;2
148077;2
148092;2
148172;1
148975;5
149312;1
149372;1
149392;1
149412;2
149552;1
149572;5
149612;1
149632;1
149892;5
149912;1
149932;1
149954;1
149973;1
150032;1
150072;1
150092;1
150172;1
150292;1
150293;1
150392;1
150393;1
150532;1
150552;5
150612;1
150613;1
150632;2
150652;1
150654;1
150732;1
150832;2
150852;1
150877;1
150994;1
151013;1
151712;1
151732;2
151752;2
151772;2
151852;1
151872;2
151992;1
152052;2
152114;1
152152;2
152173;1
152195;1
152212;1
152232;1
152252;1
152294;1
152374;5
152392;5
152474;1
152512;1
152953;2
152973;1
153033;1
153073;1
153132;1
153152;1
153193;1
153252;1
153472;1
153552;1
154112;1
154292;2
154352;2
154413;1
154619;3
154632;3
154712;2
154932;2
154953;2
154993;1
154994;1
154995;1
155022;2
155024;1
155073;2
155212;1
155293;2
155312;1
155333;1
155492;2
155517;5
155532;1
155552;2
155575;1
155592;1
155616;1
155752;1
155772;2
155798;2
155819;2
155952;1
155992;1
156034;5
156092;1
156133;1
156152;1
156273;2
156312;1
156392;1
156412;2
156413;1
156533;1
156552;3
156632;2
156672;2
156772;1
156895;1
156913;1
157052;5
157172;1
157372;1
157412;2
157712;2
157912;1
158032;1
158152;2
158175;1
158279;3
158412;1
158432;1
158516;1
158532;1
158572;1
158652;2
158672;2
158692;1
158774;1
158801;2
158813;2
158940;1
158953;1
159034;1
159132;1
159312;5
159532;2
159552;1
159592;1
159832;2
159853;2
159872;1
159972;1
160012;1
160053;1
160072;1
160152;2
160192;1
160252;1
160272;2
160298;1
160392;1
160393;1
160412;1
160512;1
160532;1
160632;1
160652;1
160732;1
160832;1
160872;1
160892;1
160912;1
161012;1
161032;1
161172;1
161252;1
161274;1
161392;1
161412;1
161413;1
161433;2
161472;1
161497;1
161532;2
161734;1
161812;1
161832;2
161872;1
161914;2
161936;1
162055;2
162132;1
162332;1
162352;1
162412;1
162614;2
162872;1
162912;1
162952;1
163012;2
163112;1
163172;1
163192;1
163212;2
163272;1
163372;1
163532;1
163552;5
163672;1
163732;1
163753;1
163792;2
163812;1
163832;1
163852;1
163952;1
164012;1
164033;1
164053;1
164073;1
164213;1
164332;1
164492;1
164536;1
164592;2
164612;2
164652;2
164878;5
164893;2
165032;2
165072;1
165132;1
165192;1
165232;1
165252;1
165312;1
165452;1
165472;1
165532;1
165572;5
165612;1
165632;1
165634;5
165652;1
165656;1
165734;1
165752;5
165812;1
165933;1
165952;1
166012;2
166112;1
166132;1
166172;1
166252;1
166314;3
166352;1
166452;2
166453;2
166493;1
166494;1
166512;1
166552;2
166572;1
166595;1
166652;1
166692;1
166732;1
166792;1
166812;2
166872;1
166873;1
166892;1
166912;1
166972;2
166992;1
167052;1
167072;1
167193;1
167232;1
167233;1
167252;1
167292;1
167353;2
167452;2
167692;2
167792;1
167932;1
167972;1
168033;1
168092;1
168112;1
168132;1
168192;2
168352;1
168492;5
168498;1
168592;1
168693;1
168772;1
168952;5
169112;1
169132;1
169192;2
169352;5
169392;1
169412;2
169433;2
169552;1
169592;1
169712;1
169752;1
169772;1
169774;1
169792;1
169812;1
169932;2
169972;1
169993;1
170012;1
170092;2
170172;1
170252;1
170312;1
170352;2
170372;2
170392;2
170432;2
170452;5
170472;5
170492;2
170692;1
170772;1
170814;1
170852;1
170872;1
170996;1
171115;1
171172;1
171372;1
171412;1
171452;2
171472;5
171473;5
171512;1
171552;2
171572;1
171612;1
171653;2
171712;1
171772;2
171853;2
171912;1
171953;1
171972;1
171992;1
172012;1
172032;1
172052;5
172112;2
172132;1
172173;1
172174;1
172252;2
172312;1
172313;1
172352;1
172452;1
172472;2
172474;1
172612;5
172712;1
172732;1
172752;1
172753;1
172792;1
172812;1
172892;5
172893;5
172932;1
172952;1
172972;1
173012;1
173033;1
173052;1
173092;1
173132;1
173152;2
173212;1
173232;1
173272;1
173292;1
173332;1
173372;1
173452;2
173472;1
173492;1
173552;1
173592;1
173632;5
173772;1
173792;1
173812;1
173832;1
173852;1
173932;1
173992;1
174012;1
174072;1
174092;1
174313;1
174352;1
174372;1
174392;1
174412;2
174452;1
174492;1
174572;1
174573;1
174592;1
174692;1
174912;1
174952;1
175032;1
175096;1
175097;2
175098;2
175099;1
175101;1
175102;1
175103;1
175104;2
175105;2
175106;1
175295;1
175312;1
175313;2
175336;1
175337;2
175338;2
175339;2
175340;2
175341;2
175342;2
175343;1
175347;5
175355;1
175357;1
175358;1
175359;1
175365;1
175366;1
175369;1
175371;2
175372;2
175373;2
175375;1
175377;1
175380;5
175382;5
175390;2
175392;1
175393;1
175394;1
175399;1
175400;1
175401;5
175402;1
175405;1
175417;1
175418;1
175423;2
175427;1
175433;1
175434;1
175436;1
175448;1
175449;5
175450;5
175451;5
175453;5
175454;5
175456;1
175460;1
175463;1
175464;1
175465;1
175466;1
175477;1
175478;1
175479;3
175481;5
175482;1
175483;5
175484;5
175485;5
175486;5
175489;1
175490;1
175491;5
175494;1
175495;5
175496;5
175498;5
175501;5
175505;5
175506;5
175509;5
175510;5
175512;5
175514;5
175518;5
175519;5
175521;5
175524;5
175526;5
175528;5
175529;5
175533;5
175535;5
175536;5
175539;5
175540;5
175542;5
175543;5
175544;5
175545;5
175546;5
175547;5
175550;5
175555;5
175557;5
175558;5
175559;5
175561;5
175562;5
175564;5
175565;5
175566;5
175567;5
175568;5
175569;5
175571;5
175572;5
175573;5
175574;5
175576;5
175577;5
175578;5
175582;5
175583;5
175585;5
175602;5
175604;5
175608;5
175609;5
175610;5
175611;5
175614;5
175615;5
175616;5
175618;5
175622;5
175623;5
175625;5
175627;5
175628;5
175630;5
175631;5
175633;5
175637;5
175638;5
175639;5
175640;5
175641;5
175642;5
175643;5
175646;5
175649;5
175650;5
175651;5
175654;5
175655;5
175658;5
175659;5
175661;5
175662;5
175663;5
175664;5
175668;5
175669;5
175671;5
175672;5
175673;5
175674;5
175676;5
175678;5
175679;5
175680;5
175691;1
175692;1
175694;1
175696;1
175730;1
175736;1
175742;1
175751;2
175758;2
175761;1
175764;1
175765;1
175766;1
175767;1
175768;1
175769;5
175770;5
175771;5
175772;5
175774;5
175775;5
175776;5
175777;5
175778;5
175779;5
175780;5
175781;5
175782;5
175783;5
175784;5
175785;5
175786;5
175787;5
175788;5
175789;5
175790;5
175791;5
175792;5
175793;5
175794;5
175795;5
175804;5
175805;5
175806;5
175807;5
175808;5
175809;5
175810;5
175811;5
175813;5
175814;5
175816;5
175817;5
175818;5
175819;5
175820;5
175821;5
175822;5
175823;5
175824;5
175825;5
175827;5
175832;5
175833;5
175834;5
175836;5
175837;5
175838;5
175847;5
175848;5
175850;5
175851;5
175857;5
175858;5
175859;5
175860;5
175861;5
175862;5
175863;5
175864;5
175865;5
175866;5
175867;5
175874;5
175875;5
175876;5
175877;5
175879;5
175880;5
175881;5
175882;5
175883;5
175884;5
175888;5
175891;2
175894;1
175896;3
175897;1
175899;1
175900;5
175904;5
175906;1
175910;1
175911;1
175912;1
175914;1
175915;1
175921;2
175923;5
175928;1
175929;1
175931;1
175932;1
175933;5
175938;1
175942;1
175944;1
175945;1
175946;3
175949;5
175950;5
175951;5
175952;5
175953;5
175954;5
175955;5
175956;5
175957;5
175959;5
175961;5
175964;5
175967;5
175969;5
175970;5
175971;5
175974;5
175979;5
175980;5
175986;5
175987;5
175988;5
175989;5
175990;5
175991;5
175992;5
175993;5
175995;5
176002;5
176003;5
176005;5
176006;5
176007;5
176012;5
176013;5
176014;5
176015;5
176016;5
176017;5
176018;5
176020;5
176021;5
176023;5
176024;5
176025;5
176026;5
176027;5
176031;5
176032;5
176033;5
176034;5
176035;5
176036;5
176037;5
176038;5
176040;5
176041;5
176042;5
176043;5
176048;5
176049;5
176050;5
176051;5
176052;5
176053;5
176054;5
176055;5
176056;5
176057;5
176058;5
176059;5
176060;5
176061;5
176062;1
176063;5
176064;5
176065;5
176066;5
176068;5
176070;5
176072;5
176073;1
176074;5
176075;5
176076;5
176077;1
176079;5
176080;1
176081;5
176083;5
176084;5
176085;5
176086;5
176087;5
176088;5
176089;5
176090;5
176091;5
176092;5
176097;5
176098;5
176099;5
176100;5
176101;5
176102;5
176103;5
176104;5
176105;5
176106;5
176107;5
176108;5
176109;5
176110;5
176111;5
176113;5
176114;5
176116;5
176117;5
176118;5
176119;5
176120;5
176125;3
176126;5
176129;2
176130;1
176133;2
176134;2
176135;1
176136;1
176137;1
176138;1
176140;5
176141;1
176189;5
176191;5
176199;1
176201;3
176202;2
176208;1
176209;2
176212;1
176215;5
176216;1
176221;1
176222;1
176226;1
176230;5
176232;1
176233;1
176236;2
176237;2
176238;2
176240;1
176241;1
176242;1
176243;1
176245;1
176246;1
176247;1
176250;1
176253;1
176254;1
176257;5
176259;2
176262;5
176263;5
176265;5
176266;5
176267;2
176268;5
176269;5
176270;5
176271;5
176273;5
176274;5
176275;5
176276;5
176277;5
176278;5
176279;5
176280;5
176281;5
176282;5
176283;5
176284;5
176287;5
176288;5
176289;5
176290;5
176294;5
176295;5
176296;5
176300;1
176301;1
176304;1
176305;1
176309;1
176310;1
176312;1
176317;1
176319;1
176321;1
176322;5
176325;1
176326;5
176329;1
176330;2
176338;1
176340;1
176344;1
176345;1
176346;1
176347;1
176348;1
176349;1
176352;2
176353;5
176357;1
176358;1
176364;2
176366;1
176367;1
176368;5
176369;1
176370;1
176371;1
176372;1
176373;1
176374;1
176375;1
176376;1
176377;2
176379;2
176380;2
176383;2
176384;2
176385;2
176386;2
176387;2
176388;2
176389;2
176392;2
176393;2
176394;2
176395;2
176396;2
176397;2
176398;2
176399;2
176400;2
176401;2
176404;2
176405;2
176406;2
176407;2
176408;2
176409;2
176410;2
176411;2
176413;2
176414;2
176415;2
176416;2
176417;2
176418;2
176419;2
176420;2
176421;2
176422;2
176423;2
176424;2
176425;2
176426;5
176427;5
176428;5
176429;5
176432;5
176434;5
176435;5
176436;5
176437;5
176438;5
176439;5
176440;2
176445;5
176446;5
176447;5
176448;5
176453;5
176454;5
176456;5
176457;5
176458;5
176461;5
176462;5
176463;5
176464;5
176465;5
176466;5
176467;5
176469;5
176470;5
176471;5
176472;5
176473;5
176474;5
176479;1
176483;5
176493;1
176494;1
176502;5
176505;1
176510;1
176511;1
176512;2
176516;5
176523;1
176524;1
176526;5
176527;5
176528;5
176529;5
176530;5
176531;5
176533;5
176534;5
176535;5
176536;5
176540;5
176541;5
176542;5
176543;5
176544;5
176545;5
176550;5
176552;5
176554;5
176555;5
176556;5
176557;5
176558;5
176559;5
176560;5
176561;5
176562;5
176563;5
176564;5
176565;1
176570;1
176571;1
176572;1
176573;5
176574;5
176577;5
176578;5
176580;5
176581;5
176583;5
176584;5
176586;5
176587;5
176588;5
176589;5
176590;5
176591;5
176592;5
176594;5
176595;5
176596;5
176597;5
176598;5
176599;5
176600;5
176601;5
176603;5
176604;5
176605;5
176606;5
176607;5
176608;5
176609;5
176611;5
176612;5
176613;5
176614;5
176615;5
176616;5
176617;5
176619;1
176621;1
176627;5
176628;5
176629;5
176630;5
176631;5
176632;5
176633;5
176640;1
176644;5
176645;5
176646;5
176647;5
176648;5
176649;5
176650;5
176652;2
176657;5
176658;5
176659;5
176668;1
176672;1
176673;1
176674;1
176676;1
176681;2
176682;2
176683;2
176684;2
176685;2
176686;2
176687;2
176688;2
176689;2
176690;2
176691;2
176692;2
176693;2
176694;2
176695;2
176696;2
176697;2
176698;2
176702;2
176703;2
176704;2
176705;2
176706;2
176707;2
176708;2
176709;2
176710;2
176711;2
176712;2
176713;2
176714;2
176715;2
176716;2
176717;2
176718;2
176719;5
176720;2
176723;1
176724;1
176729;2
176730;2
176732;2
176733;2
176734;2
176735;2
176736;2
176737;2
176738;2
176739;2
176740;2
176741;2
176742;2
176743;2
176744;2
176745;2
176746;2
176747;2
176748;2
176749;2
176750;2
176752;2
176753;2
176754;2
176755;2
176756;2
176758;2
176759;2
176760;2
176761;2
176762;2
176768;3
176769;3
176772;3
176773;3
176774;3
176775;3
176776;1
176777;5
176778;2
176781;5
176788;1
176789;5
176793;2
176794;2
176795;2
176796;2
176798;2
176799;2
176800;2
176801;2
176802;2
176803;2
176804;2
176805;2
176806;2
176807;2
176808;2
176810;2
176811;2
176812;2
176813;2
176814;2
176815;2
176816;2
176818;2
176819;2
176820;2
176823;2
176825;2
176826;2
176828;2
176829;2
176830;2
176831;2
176832;2
176833;2
176834;2
176835;2
176836;5
176839;2
176841;5
176843;5
176846;2
176847;2
176851;2
176852;2
176853;2
176854;2
176856;2
176857;2
176858;2
176859;2
176860;2
176861;2
176862;2
176863;2
176864;2
176865;2
176866;2
176867;2
176868;2
176869;2
176870;2
176871;2
176872;2
176873;2
176874;2
176875;2
176876;2
176877;2
176878;2
176879;2
176880;2
176881;2
176882;2
176884;2
176885;2
176886;2
176887;2
176888;2
176889;2
176890;2
176891;2
176893;2
176894;2
176895;2
176896;2
176897;2
176898;2
176899;2
176900;1
176902;5
176903;1
176904;1
176910;5
176911;5
176912;5
176913;5
176915;5
176918;1
176924;5
176925;5
176926;5
176927;5
176928;5
176929;5
176930;5
176931;5
176932;5
176933;5
176934;5
176935;5
176936;5
176937;5
176938;5
176939;5
176940;5
176941;1
176942;1
176943;1
176944;1
176945;1
176946;1
176947;1
176948;1
176949;1
176950;1
176951;1
176952;1
176953;1
176954;1
176955;1
176956;1
176957;1
176958;1
176959;1
176960;1
176961;1
176962;1
176963;1
176964;1
176965;1
176966;1
176967;1
176968;1
176969;1
176970;1
176971;1
176972;1
176973;1
176974;1
176975;1
176976;1
176977;1
176978;1
176979;1
176980;1
176982;1
176983;1
176984;1
176990;3
176991;3
176992;3
176994;3
176995;3
176997;2
176998;2
176999;2
177000;2
177001;2
177002;2
177003;2
177004;2
177005;2
177006;2
177008;2
177009;2
177010;2
177011;2
177012;2
177013;2
177014;2
177017;2
177018;2
177019;2
177020;2
177021;2
177023;2
177024;5
177025;2
177026;2
177027;2
177028;2
177029;2
177030;2
177031;2
177032;5
177035;1
177040;2
177042;2
177043;2
177045;2
177046;2
177049;2
177050;2
177051;2
177053;2
177054;2
177058;2
177059;2
177060;2
177061;2
177062;2
177063;2
177065;2
177068;2
177071;2
177072;2
177073;2
177074;2
177076;2
177077;2
177078;2
177079;5
177080;5
177082;5
177085;2
177086;2
177088;2
177090;1
177091;1
177092;1
177093;1
177096;1
177097;1
177098;1
177099;1
177100;1
177101;1
177103;1
177104;1
177105;1
177106;1
177107;1
177108;1
177109;1
177110;1
177111;1
177112;1
177113;1
177114;1
177115;1
177116;1
177117;1
177118;1
177119;1
177120;1
177121;1
177122;1
177123;1
177124;1
177125;1
177126;1
177127;1
177128;1
177129;1
177130;1
177131;1
177132;1
177134;1
177135;1
177141;1
177143;1
177144;1
177148;1
177150;5
177151;5
177157;1
177158;1
177159;1
177160;1
177161;1
177162;1
177163;1
177164;1
177165;1
177166;1
177167;1
177168;1
177169;1
177170;1
177171;1
177172;1
177174;1
177175;1
177176;1
177177;1
177178;1
177179;1
177180;1
177181;1
177182;1
177183;1
177184;1
177185;1
177186;1
177187;1
177188;1
177189;1
177190;1
177191;1
177192;1
177193;1
177194;1
177195;1
177196;1
177197;1
177198;1
177199;1
177200;1
177201;1
177202;5
177203;5
177204;5
177206;5
177207;5
177208;5
177209;5
177210;5
177216;5
177217;5
177218;5
177219;5
177220;5
177221;5
177222;5
177223;5
177224;5
177225;5
177226;5
177227;5
177228;5
177237;1
177239;5
177240;5
177242;5
177243;5
177244;5
177252;1
177259;2
177260;1
177261;2
177262;1
177263;1
177264;1
177268;2
177270;2
177273;2
177274;1
177277;5
177278;1
177279;2
177280;5
177281;1
177282;1
177285;1
177289;2
177290;1
177291;1
177292;1
177293;1
177294;1
177295;1
177296;1
177297;1
177301;2
177302;1
177303;1
177304;1
177307;1
177308;1
177311;1
177313;1
177314;1
177316;1
177317;1
177318;1
177319;1
177320;1
177322;1
177324;1
177325;1
177326;1
177327;1
177328;1
177329;1
177331;5
177332;5
177333;1
177335;1
177340;3
177341;3
177342;3
177345;2
177346;1
177347;1
177348;1
177349;1
177350;1
177351;1
177355;1
177356;1
177357;1
177358;2
177359;1
177360;1
177361;1
177362;1
177363;1
177369;1
177370;2
177372;1
177376;1
177377;1
177380;5
177381;2
177382;1
177384;2
177386;1
177387;1
177388;3
177391;2
177392;1
177393;1
177394;1
177395;1
177398;1
177399;1
177400;1
177401;1
177402;1
177403;1
177404;1
177405;1
177406;1
177407;1
177408;1
177409;5
177410;5
177411;5
177413;5
177416;1
177417;1
177418;1
177420;1
177429;1
177430;1
177431;1
177432;1
177433;1
177436;1
177438;1
177441;1
177442;1
177443;1
177446;1
177447;1
177453;1
177454;1
177455;1
177456;1
177457;1
177458;1
177459;1
177462;2
177463;1
177465;1
177468;1
177469;2
177475;5
177476;1
177477;2
177478;2
177479;5
177481;2
177482;1
177483;1
177485;2
177486;1
177487;1
177488;1
177489;1
177490;1
177491;1
177492;1
177494;1
177495;1
177496;5
177497;1
177498;1
177501;2
177504;1
177505;1
177506;1
177511;1
177512;1
177521;5
177524;1
177525;1
177527;1
177532;1
177549;1
177564;1
177565;1
177687;1
177691;1
177692;1
177693;1
177694;1
177696;1
177698;1
177699;1
177700;1
177705;1
177706;1
177708;1
177709;1
177710;1
177711;1
177712;1
177715;1
177778;5
177779;1
177780;1
177781;1
177782;1
177783;1
177784;1
177785;1
177786;1
177787;1
177788;1
177789;1
177790;1
177809;1
177810;1
177816;1
177817;1
177818;1
177819;1
177820;1
177821;1
177822;1
177823;1
177824;1
177825;1
177826;1
177827;1
177828;1
177831;1
177832;1
177833;1
177844;1
177850;1
177851;1
177852;1
177853;1
177854;1
177855;1
177856;1
177857;1
177858;1
177860;1
177861;1
177862;1
177864;1
177865;1
177867;1
177868;1
177869;1
177870;1
177872;1
177873;1
177874;1
177875;1
177876;1
177877;1
177879;5
177880;5
177883;5
177896;1
177897;1
177899;1
177908;1
177909;1
177910;1
177911;1
177912;1
177913;1
177914;1
177921;1
177923;1
177924;1
177925;1
177926;1
177927;1
177928;1
177929;1
177930;1
177931;1
177932;1
177933;1
177934;1
177935;1
177939;1
177941;1
177942;1
177944;1
177945;1
177947;1
177950;1
177953;1
177954;1
177957;1
177958;1
177959;1
177962;1
177963;1
177965;1
177968;1
177970;1
177972;1
177975;1
177977;1
177979;1
177980;1
177985;1
177988;1
177990;1
177996;1
177998;1
178003;1
178004;1
178007;1
178008;1
178009;1
178012;1
178018;1
178020;1
178023;1
178024;1
178026;1
178028;1
178030;1
178031;1
178032;1
178033;1
178034;1
178035;1
178036;1
178037;1
178038;1
178039;1
178040;1
178041;1
178042;1
178043;1
178044;5
178045;1
178050;1
178051;1
178053;1
178055;1
178056;1
178057;1
178058;1
178059;1
178066;1
178067;1
178068;1
178069;1
178070;1
178071;1
178077;1
178078;1
178079;1
178080;1
178081;1
178082;1
178083;1
178084;1
178085;1
178086;1
178087;1
178088;1
178089;1
178091;1
178092;1
178093;1
178098;1
178099;5
178100;1
178102;1
178103;1
178104;5
178105;5
178106;5
178107;1
178108;1
178110;1
178111;1
178112;1
178113;1
178114;1
178115;1
178116;1
178117;1
178120;1
178121;1
178122;1
178126;5
178127;5
178130;1
178131;1
178132;1
178133;1
178134;1
178135;1
178136;1
178137;1
178138;1
178139;1
178140;1
178142;5
178143;5
178144;5
178145;5
178147;1
178148;1
178152;1
178153;1
178154;1
178156;1
178157;1
178158;1
178159;1
178160;1
178162;5
178163;1
178164;1
178165;1
178166;1
178167;1
178168;1
178169;1
178171;1
178172;1
178173;1
178174;1
178175;5
178177;1
178178;1
178179;1
178180;1
178181;1
178183;1
178184;1
178185;1
178186;1
178187;1
178188;1
178189;1
178191;1
178192;1
178193;1
178194;1
178195;1
178196;1
178197;3
178198;3
178199;1
178200;1
178201;1
178202;1
178204;1
178205;1
178206;1
178207;1
178209;1
178217;1
178218;1
178219;1
178220;1
178221;1
178222;1
178223;1
178224;1
178225;1
178226;1
178227;1
178228;1
178229;1
178231;1
178232;1
178235;1
178236;1
178237;1
178238;1
178239;1
178240;1
178241;1
178242;1
178243;1
178245;1
178246;1
178247;1
178248;1
178249;1
178250;1
178251;1
178252;1
178253;1
178254;1
178255;1
178256;1
178257;1
178258;1
178259;1
178260;1
178261;1
178262;1
178263;1
178264;1
178265;1
178266;1
178267;1
178268;1
178269;1
178270;1
178271;1
178272;1
178276;1
178277;1
178278;1
178281;1
178284;1
178285;1
178286;1
178287;1
178290;1
178291;1
178292;1
178296;1
178297;1
178298;1
178299;1
178301;1
178303;1
178304;5
178305;1
178306;1
178309;1
178310;1
178312;1
178313;1
178314;1
178315;1
178316;1
178317;1
178318;1
178319;1
178320;1
178321;1
178322;1
178325;1
178326;1
178327;1
178328;1
178329;1
178330;1
178331;1
178332;1
178333;1
178335;1
178338;1
178339;1
178340;1
178341;1
178342;1
178343;1
178344;5
178345;5
178347;5
178348;2
178352;1
178356;1
178362;1
178363;1
178364;1
178365;1
178366;1
178367;1
178368;1
178369;1
178370;1
178371;1
178372;1
178373;1
178374;1
178375;1
178376;1
178377;1
178378;1
178379;1
178380;1
178381;1
178382;1
178383;1
178384;1
178385;1
178386;1
178387;1
178388;1
178389;1
178390;1
178391;5
178392;1
178393;1
178394;1
178395;1
178396;1
178397;5
178398;5
178400;1
178401;1
178402;1
178403;1
178405;1
178406;1
178407;1
178408;1
178409;1
178410;1
178411;1
178412;1
178414;1
178415;1
178416;1
178417;1
178418;1
178419;1
178420;1
178421;1
178422;1
178423;1
178425;1
178427;1
178428;1
178432;1
178433;1
178434;1
178435;1
178436;1
178437;1
178438;1
178439;1
178440;1
178441;1
178442;1
178443;1
178444;1
178450;1
178451;1
178452;1
178453;1
178455;1
178456;1
178461;1
178462;1
178467;1
178468;1
178469;1
178470;1
178471;1
178472;1
178475;1
178476;1
178480;1
178481;1
178482;1
178483;1
178484;1
178486;1
178488;1
178489;1
178490;1
178491;1
178492;1
178493;1
178494;1
178495;1
178496;1
178497;1
178498;1
178499;1
178501;1
178502;1
178503;1
178504;1
178505;1
178506;5
178507;5
178508;1
178509;1
178510;1
178511;1
178512;1
178513;1
178514;5
178515;1
178516;1
178517;1
178518;1
178519;1
178520;1
178521;1
178522;1
178523;1
178524;1
178525;1
178526;1
178527;1
178528;1
178529;1
178530;1
178531;1
178532;1
178533;1
178534;1
178535;1
178536;1
178537;1
178538;1
178540;1
178541;1
178542;1
178543;1
178544;1
178545;1
178546;1
178547;1
178548;1
178549;1
178550;1
178551;1
178552;1
178554;1
178555;1
178556;1
178558;1
178559;1
178560;1
178562;1
178563;1
178564;5
178565;5
178567;5
178568;5
178570;5
178571;5
178575;1
178577;1
178578;1
178579;1
178580;1
178581;1
178582;1
178585;1
178586;1
178587;1
178588;1
178590;1
178591;1
178594;1
178597;5
178598;5
178600;1
178601;1
178602;1
178603;1
178604;1
178605;1
178606;1
178607;1
178608;1
178609;1
178610;1
178611;1
178614;1
178615;1
178616;1
178617;1
178618;1
178619;1
178622;5
178624;1
178625;1
178626;1
178627;1
178628;1
178629;1
178630;1
178631;1
178632;1
178633;1
178634;1
178635;1
178637;1
178638;5
178639;1
178640;1
178641;1
178642;1
178643;1
178644;1
178645;1
178646;1
178647;1
178648;1
178649;1
178650;1
178651;1
178652;5
178653;1
178654;5
178655;5
178656;5
178657;5
178659;5
178660;5
178661;1
178662;1
178663;1
178664;5
178667;5
178668;5
178670;1
178671;1
178673;1
178674;1
178675;1
178676;1
178677;1
178678;1
178679;1
178680;1
178681;1
178686;1
178687;5
178690;1
178691;1
178692;1
178693;1
178694;1
178695;1
178696;1
178697;1
178698;1
178699;1
178700;1
178701;1
178705;1
178706;1
178707;1
178708;1
178709;1
178716;5
178718;5
178719;5
178720;5
178721;1
178722;1
178723;1
178724;5
178725;1
178726;1
178727;1
178728;1
178729;1
178730;1
178731;1
178732;1
178735;1
178736;1
178737;1
178738;1
178739;1
178742;1
178743;1
178744;1
178745;5
178746;1
178747;1
178749;1
178750;1
178758;1
178759;1
178760;1
178763;1
178764;1
178765;1
178766;1
178767;1
178768;1
178769;1
178771;5
178772;5
178774;5
178777;1
178782;1
178785;1
178786;1
178793;1
178794;1
178798;1
178800;1
178808;1
178809;5
178810;1
178811;1
178826;1
178827;1
178828;1
178829;1
178830;2
178832;1
178833;1
178837;1
178838;1
178840;1
178842;1
178845;1
178846;1
178850;1
178857;1
178863;1
178864;1
178865;1
178872;1
178875;1
178876;1
178877;1
178878;1
178881;1
178883;1
178884;1
178885;1
178889;1
178890;1
178893;1
178895;1
178896;1
178898;1
178907;1
178908;1
178912;1
178914;1
178915;1
178916;1
178918;1
178923;1
178924;1
178925;5
178927;1
178928;1
178930;1
178932;1
178934;5
178935;1
178936;3
178938;1
178940;1
178941;1
178944;2
178945;2
178946;2
178948;5
178949;1
178952;3
178956;1
178958;1
178961;2
178962;2
178963;1
178964;1
178965;1
178966;1
178967;1
178972;1
178973;1
178975;1
178984;1
178985;5
178989;1
178992;1
178994;2
178995;2
178996;2
178997;2
179000;1
179002;2
179003;1
179007;1
179010;1
179011;5
179012;1
179018;1
179019;1
179020;1
179021;1
179022;1
179023;5
179024;1
179028;1
179029;1
179030;5
179031;1
179033;1
179036;1
179038;5
179040;5
179041;2
179043;2
179046;5
179048;5
179049;3
179050;3
179058;2
179060;2
179063;2
179065;1
179066;1
179067;1
179068;1
179069;1
179074;1
179075;2
179076;2
179077;2
179078;5
179079;5
179080;1
179081;1
179082;1
179084;1
179086;1
179090;2
179091;1
179093;1
179094;1
179095;2
179098;1
179103;1
179104;1
179105;5
179109;1
179110;1
179112;1
179113;1
179114;1
179115;1
179116;1
179117;5
179120;1
179121;1
179123;1
179124;1
179125;1
179127;2
179129;5
179136;1
179137;1
179138;1
179142;1
179143;1
179145;1
179146;1
179148;1
179149;1
179150;1
179151;1
179153;5
179154;1
179155;1
179156;1
179158;1
179159;1
179160;5
179161;2
179163;5
179164;1
179167;2
179170;1
179171;1
179173;1
179174;1
179177;5
179178;1
179179;1
179180;1
179181;2
179182;2
179183;1
179187;1
179188;1
179190;1
179192;2
179195;1
179198;1
179199;1
179200;5
179201;5
179202;1
179203;2
179209;3
179210;3
179212;1
179219;2
179220;2
179221;2
179224;5
179226;1
179227;2
179228;2
179231;2
179232;2
179233;2
179235;2
179236;2
179237;2
179238;2
179239;2
179240;1
179241;1
179242;2
179245;2
179247;1
179248;1
179249;1
179250;1
179251;1
179252;1
179257;1
179258;2
179260;1
179261;2
179262;5
179263;1
179264;1
179266;2
179267;1
179268;1
179277;1
179279;1
179280;1
179281;1
179282;1
179283;1
179284;1
179285;1
179286;1
179288;1
179289;1
179290;2
179292;2
179294;1
179296;1
179298;1
179299;1
179300;2
179301;2
179303;1
179304;1
179305;1
179307;2
179310;1
179311;1
179315;2
179316;1
179317;3
179318;2
179319;2
179325;1
179326;1
179329;2
179333;1
179336;1
179338;2
179340;1
179343;1
179346;1
179347;1
179348;5
179350;1
179351;1
179352;1
179353;5
179354;5
179355;5
179356;5
179357;1
179358;1
179359;1
179360;1
179362;1
179363;1
179364;1
179365;1
179368;1
179369;5
179370;1
179371;1
179372;1
179373;1
179374;1
179376;1
179377;1
179378;1
179380;1
179381;1
179382;1
179394;1
179395;1
179396;1
179397;1
179398;1
179401;1
179403;1
179404;1
179407;1
179408;1
179409;1
179410;1
179411;1
179412;1
179413;1
179418;1
179419;2
179420;5
179421;5
179424;1
179425;1
179426;1
179427;1
179429;1
179434;1
179435;1
179436;1
179437;1
179438;1
179439;1
179440;1
179442;1
179443;1
179445;1
179448;1
179449;1
179450;1
179451;1
179452;1
179453;1
179455;1
179456;1
179457;1
179458;1
179459;1
179460;1
179461;1
179462;1
179463;1
179464;1
179465;1
179466;1
179467;1
179468;1
179470;1
179471;2
179476;1
179477;1
179478;1
179479;1
179480;1
179481;1
179482;1
179483;1
179485;1
179486;1
179488;1
179489;5
179491;1
179493;1
179496;1
179497;1
179498;2
179500;1
179502;1
179506;5
179508;2
179511;2
179512;2
179513;5
179528;1
179531;2
179532;1
179533;1
179534;1
179538;1
179539;3
179548;1
179558;1
179559;1
179560;1
179571;1
179572;1
179573;1
179574;1
179576;1
179583;2
179587;1
179591;2
179593;5
179594;1
179595;5
179596;1
179598;5
179601;2
179602;2
179603;2
179604;2
179605;5
179606;5
179609;1
179610;5
179612;1
179613;1
179624;1
179626;1
179627;1
179640;1
179641;1
179642;1
179643;1
179644;1
179645;1
179646;1
179647;1
179662;1
179663;1
179667;1
179668;1
179669;1
179671;5
179672;5
179673;5
179674;5
179675;5
179676;2
179679;3
179680;3
179681;3
179682;3
179683;3
179684;3
179685;3
179686;3
179687;3
179688;3
179689;3
179690;3
179691;3
179692;3
179693;3
179694;3
179695;3
179696;3
179697;3
179699;3
179700;3
179701;1
179702;1
179703;1
179704;1
179705;1
179706;1
179709;1
179710;1
179711;1
179712;1
179713;1
179714;1
179715;1
179716;1
179717;1
179718;1
179719;1
179720;1
179722;5
179723;5
179724;5
179725;5
179731;2
179733;1
179734;1
179737;5
179738;5
179739;1
179742;1
179744;1
179745;1
179746;1
179749;1
179750;1
179751;1
179752;1
179753;1
179755;1
179756;1
179757;1
179758;1
179760;1
179761;1
179762;1
179763;1
179764;1
179765;1
179766;1
179767;1
179768;1
179769;1
179770;1
179771;1
179774;1
179775;1
179777;1
179778;1
179779;1
179780;1
179781;1
179782;1
179783;1
179784;1
179786;1
179787;1
179788;1
179789;1
179790;1
179791;1
179793;1
179794;1
179796;1
179797;1
179798;1
179800;1
179801;1
179806;1
179807;1
179808;1
179809;1
179811;1
179812;1
179816;1
179818;3
179820;3
179821;3
179822;3
179823;3
179824;3
179825;3
179827;1
179828;1
179830;3
179831;3
179832;3
179833;3
179834;3
179835;3
179836;3
179838;3
179839;3
179840;3
179841;1
179842;5
179843;1
179844;1
179845;1
179846;1
179847;1
179849;1
179850;1
179851;1
179852;1
179853;1
179854;1
179855;1
179856;1
179857;1
179858;1
179859;1
179860;5
179861;1
179862;2
179864;2
179868;1
179869;3
179870;3
179873;3
179874;3
179875;3
179876;3
179877;3
179878;3
179880;3
179881;3
179882;3
179884;5
179885;3
179886;5
179887;3
179888;3
179889;3
179890;3
179891;3
179892;3
179893;3
179894;3
179895;3
179896;3
179897;3
179898;3
179899;3
179900;3
179901;3
179902;3
179903;3
179904;3
179905;3
179906;3
179908;3
179909;3
179910;3
179911;1
179912;3
179913;1
179914;3
179915;3
179916;3
179917;5
179918;3
179921;1
179927;1
179929;1
179931;1
179934;5
179935;1
179936;2
179938;1
179944;1
179945;1
179948;1
179955;5
179956;1
179957;1
179958;1
179959;1
179960;1
179961;1
179962;1
179963;5
179964;1
179965;1
179966;1
179967;1
179968;1
179970;1
179971;1
179972;1
179973;1
179974;1
179975;1
179976;1
179977;1
179978;1
179979;1
179980;1
179981;1
179982;1
179983;1
179984;1
179985;1
179986;1
179987;1
179988;1
179989;1
179990;1
179991;1
179992;1
179993;5
179994;1
179995;1
179996;1
179997;1
179998;1
180000;2
180002;1
180004;1
180007;2
180012;1
180013;1
180014;1
180015;1
180016;1
180023;5
180027;1
180028;1
180032;1
180033;5
180035;2
180038;2
180040;5
180041;5
180042;5
180043;5
180044;5
180045;5
180046;5
180048;5
180049;5
180050;1
180051;1
180052;1
180053;1
180054;1
180055;1
180056;1
180057;5
180058;1
180060;1
180063;1
180065;1
180068;2
180069;1
180070;1
180071;1
180072;1
180073;1
180077;1
180081;1
180090;1
180092;2
180093;2
180094;2
180097;2
180099;1
180100;1
180101;1
180103;1
180104;1
180105;1
180106;1
180107;1
180110;5
180113;1
180116;1
180117;1
180118;5
180119;1
180120;1
180121;1
180122;5
180124;1
180125;1
180127;1
180128;2
180129;2
180131;5
180133;1
180135;2
180138;1
180139;1
180140;1
180141;1
180143;1
180146;2
180148;1
180149;1
180150;1
180151;1
180152;1
180153;1
180155;1
180156;2
180159;3
180161;5
180162;5
180163;5
180164;1
180167;1
180168;1
180173;1
180174;1
180178;5
180179;5
180181;1
180183;1
180184;1
180185;1
180187;5
180188;1
180189;1
180192;1
180193;1
180194;2
180198;2
180200;2
180201;1
180202;1
180203;1
180204;1
180205;1
180206;1
180207;1
180209;2
180211;1
180212;1
180213;1
180214;1
180219;2
180220;2
180223;1
180224;1
180225;3
180227;1
180231;1
180232;1
180233;2
180234;2
180238;2
180240;1
180241;5
180243;1
180249;1
180251;1
180252;1
180253;1
180256;1
180257;2
180258;1
180261;2
180262;5
180263;2
180265;5
180266;5
180267;5
180268;2
180269;5
180275;2
180276;2
180277;2
180284;2
180285;1
180287;1
180289;1
180291;5
180296;1
180298;2
180299;2
180300;2
180302;5
180306;2
180309;1
180311;1
180312;2
180317;1
180319;1
180321;1
180322;5
180323;1
180327;1
180328;1
180329;1
180330;1
180331;1
180332;1
180333;1
180334;1
180335;1
180336;1
180337;1
180338;1
180339;1
180340;1
180341;2
180343;2
180345;5
180346;1
180347;5
180348;2
180349;2
180350;1
180351;1
180352;1
180353;1
180355;1
180357;2
180359;1
180360;1
180361;1
180362;1
180363;1
180364;2
180365;1
180367;1
180368;1
180369;1
180371;2
180372;1
180373;1
180374;5
180375;1
180376;1
180377;1
180378;1
180380;1
180382;1
180383;1
180384;1
180385;1
180387;1
180390;1
180391;2
180392;2
180401;1
180405;2
180406;1
180407;1
180408;1
180409;1
180410;1
180414;5
180418;2
180419;1
180420;1
180421;1
180422;1
180423;1
180427;2
180428;2
180430;1
180431;2
180434;1
180435;5
180437;1
180439;1
180440;2
180441;2
180448;5
180449;5
180452;1
180453;1
180454;1
180455;1
180456;1
180457;1
180458;1
180459;1
180462;1
180463;1
180464;1
180468;1
180469;1
180483;1
180484;1
180485;1
180486;1
180487;1
180489;1
180490;1
180491;2
180492;1
180495;1
180496;1
180501;5
180502;5
180503;5
180504;1
180505;1
180507;1
180509;1
180510;1
180511;1
180512;1
180513;1
180514;1
180516;1
180517;1
180520;1
180521;1
180522;1
180523;1
180524;1
180525;1
180526;1
180527;1
180528;1
180529;1
180531;1
180532;1
180533;1
180534;1
180535;1
180539;5
180540;5
180541;5
180542;5
180545;2
180546;2
180548;1
180551;1
180552;1
180555;2
180557;1
180561;1
180564;1
180565;2
180569;1
180570;1
180581;3
180583;5
180588;1
180589;1
180590;2
180591;2
180592;2
180593;2
180594;1
180595;1
180599;1
180602;1
180604;5
180605;1
180607;1
180608;1
180609;5
180610;1
180612;1
180613;5
180615;5
180616;5
180617;2
180620;5
180622;2
180623;5
180625;5
180626;1
180627;1
180628;5
180629;5
180630;5
180631;5
180632;1
180633;1
180634;1
180635;1
180636;5
180637;5
180638;5
180639;5
180640;1
180641;1
180642;2
180643;1
180644;1
180646;1
180651;1
180652;2
180653;5
180654;1
180655;1
180656;1
180657;1
180658;5
180659;5
180661;5
180662;1
180663;1
180665;2
180667;1
180670;1
180671;1
180673;1
180674;2
180675;1
180676;1
180678;2
180679;1
180682;5
180685;1
180686;1
180687;5
180688;1
180689;1
180691;1
180693;2
180696;5
180697;1
180698;1
180699;1
180700;1
180701;1
180702;1
180703;1
180704;1
180705;1
180706;1
180708;5
180709;1
180711;2
180712;5
180714;1
180715;1
180724;1
180725;5
180726;5
180727;5
180728;5
180729;5
180730;2
180731;5
180733;2
180735;2
180736;2
180737;2
180738;2
180739;5
180741;2
180742;1
180743;1
180744;1
180745;5
180759;2
180760;1
180762;1
180764;1
180766;1
180772;2
180773;1
180774;1
180775;1
180776;1
180779;1
180780;1
180781;1
180782;1
180783;1
180787;1
180788;1
180790;1
180791;1
180793;5
180795;2
180796;2
180797;2
180798;5
180799;3
180800;2
180801;5
180802;2
180803;1
180805;1
180811;1
180815;5
180816;5
180817;5
180820;5
180823;2
180825;1
180826;1
180833;2
180834;5
180835;3
180836;1
180837;1
180838;1
180839;1
180840;1
180841;1
180842;1
180844;1
180845;1
180847;5
180850;1
180851;1
180852;1
180853;2
180854;2
180855;2
180856;5
180858;1
180859;2
180865;5
180867;1
180868;1
180869;2
180872;1
180874;1
180875;2
180882;5
180885;1
180886;1
180887;1
180889;1
180890;1
180893;1
180894;1
180909;1
180910;1
180911;1
180912;1
180913;1
180915;2
180920;3
180921;3
180922;3
180923;3
180925;1
180926;1
180929;3
180935;5
180936;1
180937;1
180938;1
180939;1
180940;1
180941;1
180942;1
180946;1
180968;1
180969;3
180972;2
180973;2
180974;2
180975;2
180976;2
180981;5
180982;5
180984;1
180985;1
180986;1
180987;1
180988;2
180991;1
180992;5
180993;1
180994;1
180995;1
180997;1
180999;2
181000;2
181001;2
181003;1
181004;1
181006;1
181007;1
181008;1
181011;1
181027;2
181031;5
181034;5
181036;1
181037;1
181038;1
181039;1
181040;1
181043;1
181051;1
181054;1
181055;1
181056;1
181057;1
181058;1
181059;1
181061;1
181062;2
181063;2
181065;1
181066;1
181068;2
181070;2
181072;2
181073;1
181075;1
181078;1
181079;1
181084;1
181085;1
181086;1
181087;1
181088;1
181089;1
181096;1
181097;3
181098;1
181099;5
181100;5
181103;2
181104;2
181105;1
181106;1
181107;2
181108;1
181109;1
181110;1
181111;1
181112;1
181113;2
181114;1
181115;1
181117;2
181119;1
181120;1
181123;5
181124;5
181125;2
181126;2
181135;1
181136;1
181137;1
181138;1
181139;1
181140;1
181141;1
181144;1
181148;2
181149;1
181150;1
181151;1
181156;5
181157;2
181167;1
181168;2
181169;2
181171;2
181173;2
181174;1
181176;5
181177;1
181178;1
181179;3
181180;1
181183;1
181184;1
181185;1
181186;1
181187;1
181190;2
181191;2
181192;2
181194;1
181195;1
181196;1
181197;1
181198;1
181199;1
181200;1
181201;1
181202;1
181203;5
181204;1
181205;2
181209;1
181210;2
181215;5
181216;2
181217;5
181218;1
181219;1
181220;1
181221;1
181222;2
181223;2
181234;5
181240;2
181241;2
181244;1
181245;1
181246;1
181248;5
181249;1
181250;5
181251;5
181252;5
181255;1
181256;1
181257;1
181259;2
181266;1
181267;1
181268;1
181269;1
181270;1
181271;2
181272;2
181273;2
181280;5
181282;5
181283;5
181284;5
181285;1
181287;5
181288;5
181289;2
181290;5
181291;1
181292;2
181293;1
181294;2
181295;5
181296;2
181297;2
181298;1
181299;1
181301;2
181303;5
181304;5
181305;5
181306;5
181307;5
181308;1
181317;1
181320;1
181323;1
181324;2
181326;1
181327;1
181328;2
181329;1
181330;5
181331;1
181332;1
181333;1
181334;1
181335;1
181336;1
181337;1
181338;2
181339;1
181342;2
181346;1
181348;1
181349;5
181350;2
181351;1
181355;5
181358;3
181360;1
181361;1
181362;2
181363;1
181365;1
181369;5
181370;1
181371;1
181372;1
181373;2
181374;5
181375;5
181376;2
181377;2
181380;1
181382;1
181383;5
181384;5
181386;5
181387;5
181388;1
181389;1
181390;1
181391;1
181392;1
181399;3
181400;1
181401;1
181402;1
181403;2
181404;1
181405;1
181406;1
181407;2
181411;1
181412;5
181414;2
181415;2
181416;2
181417;2
181420;1
181424;1
181425;1
181426;1
181427;1
181428;1
181429;1
181430;1
181431;5
181432;5
181437;1
181444;1
181445;1
181446;1
181447;1
181449;1
181450;1
181451;1
181452;1
181456;3
181457;5
181458;5
181462;2
181463;2
181464;2
181467;1
181469;1
181479;1
181480;1
181486;3
181487;1
181488;1
181490;1
181492;1
181497;1
181506;5
181507;2
181508;5
181509;5
181511;5
181512;5
181513;2
181515;5
181516;2
181518;5
181519;5
181521;5
181523;5
181524;2
181525;5
181526;2
181529;1
181530;1
181531;1
181536;2
181537;2
181538;5
181539;5
181548;1
181549;1
181550;1
181551;5
181553;2
181556;1
181557;1
181558;1
181571;1
181572;1
181573;1
181575;1
181576;1
181577;1
181578;1
181579;1
181580;1
181581;1
181582;1
181583;1
181584;1
181585;1
181586;1
181587;1
181589;2
181590;2
181591;3
181592;3
181593;2
181594;2
181596;3
181597;1
181598;5
181600;2
181603;2
181604;2
181605;2
181606;1
181607;2
181614;1
181615;1
181616;5
181617;3
181618;3
181619;1
181620;1
181621;1
181622;1
181623;1
181624;1
181625;1
181626;5
181627;1
181628;2
181632;5
181633;5
181634;2
181636;2
181637;3
181638;1
181639;1
181640;1
181646;2
181649;2
181650;5
181651;1
181652;5
181654;1
181655;5
181656;2
181657;1
181658;1
181659;1
181660;1
181661;2
181662;5
181663;5
181664;5
181665;1
181666;1
181667;1
181668;2
181669;2
181670;2
181673;2
181674;3
181675;5
181676;1
181677;5
181685;1
181686;1
181688;1
181693;5
181694;1
181695;1
181696;1
181699;1
181700;1
181701;2
181702;2
181703;2
181704;2
181705;5
181706;5
181708;5
181709;2
181710;2
181712;1
181715;2
181716;1
181717;2
181718;5
181720;2
181721;1
181722;1
181723;1
181724;1
181725;2
181728;5
181729;5
181730;5
181731;5
181732;1
181733;1
181736;2
181737;1
181738;1
181740;1
181741;1
181742;1
181743;1
181744;1
181745;1
181748;1
181749;1
181750;1
181751;1
181752;1
181753;1
181754;1
181755;1
181756;2
181759;1
181760;1
181761;1
181762;1
181763;1
181764;5
181765;1
181766;1
181767;2
181768;2
181769;2
181771;1
181772;2
181773;1
181774;1
181775;1
181776;1
181778;5
181781;1
181784;1
181787;1
181788;5
181789;1
181791;2
181792;1
181793;5
181794;1
181795;2
181796;5
181797;2
181798;2
181799;2
181800;2
181802;2
181803;1
181804;1
181805;1
181806;1
181807;5
181808;1
181815;2
181817;2
181818;2
181819;2
181820;2
181821;2
181822;2
181823;1
181824;1
181825;1
181826;1
181827;1
181828;1
181829;1
181831;1
181832;1
181833;1
181835;5
181836;1
181837;1
181839;5
181840;5
181842;5
181843;5
181846;2
181847;3
181849;1
181850;5
181851;1
181853;2
181854;1
181863;1
181864;1
181865;1
181866;1
181869;5
181870;5
181871;2
181872;5
181874;5
181875;5
181876;5
181877;5
181886;5
181888;1
181890;1
181891;1
181892;1
181893;5
181894;5
181895;1
181896;1
181897;1
181898;1
181899;1
181900;1
181901;1
181902;1
181903;1
181904;1
181905;2
181909;2
181910;5
181911;1
181913;1
181914;1
181918;2
181919;2
181920;2
181921;5
181922;5
181923;5
181924;2
181925;2
181926;2
181927;2
181928;1
181931;1
181932;1
181933;1
181934;1
181935;5
181937;1
181938;1
181939;1
181940;1
181942;1
181944;5
181945;1
181946;2
181947;2
181948;2
181949;2
181951;1
181952;1
181954;1
181957;1
181960;2
181961;5
181962;5
181963;5
181964;5
181965;5
181966;5
181967;5
181968;5
181969;5
181970;5
181971;5
181972;5
181973;5
181974;5
181975;2
181976;3
181981;1
181983;2
181984;2
181985;2
181986;2
181987;2
181988;2
181989;5
181990;2
181991;1
181992;1
181993;2
181994;2
181995;2
181997;1
181998;3
181999;3
182001;2
182002;2
182006;2
182007;2
182008;1
182009;1
182011;1
182012;5
182013;5
182015;1
182017;1
182018;1
182020;1
182021;1
182022;1
182023;1
182024;1
182025;2
182026;2
182027;2
182031;1
182032;1
182033;1
182034;5
182035;5
182036;2
182038;1
182039;1
182043;2
182044;2
182045;1
182046;2
182047;2
182049;1
182050;1
182051;1
182052;1
182054;1
182055;1
182057;1
182058;1
182059;1
182061;1
182063;1
182064;1
182065;1
182066;1
182067;1
182068;1
182069;1
182071;1
182073;5
182074;5
182075;5
182077;1
182078;1
182079;5
182080;5
182082;2
182083;2
182084;1
182085;1
182086;1
182087;1
182088;1
182089;1
182090;1
182091;1
182092;1
182093;1
182094;1
182095;1
182097;1
182099;1
182100;1
182101;2
182102;2
182107;1
182109;1
182111;1
182115;5
182116;5
182117;2
182118;2
182120;1
182121;1
182122;1
182123;2
182124;2
182129;1
182130;1
182131;1
182132;1
182133;1
182135;2
182136;1
182137;1
182140;1
182141;1
182142;1
182143;1
182145;5
182146;5
182147;5
182148;5
182149;1
182153;1
182154;5
182158;2
182161;2
182162;2
182167;1
182169;1
182171;1
182172;1
182175;1
182176;1
182177;1
182178;1
182179;1
182180;1
182181;1
182183;1
182184;1
182185;1
182186;1
182187;1
182188;1
182192;1
182198;1
182199;2
182201;1
182202;1
182203;1
182204;2
182206;1
182207;1
182208;1
182209;1
182210;1
182215;1
182218;1
182219;1
182220;1
182221;1
182223;1
182224;1
182225;1
182226;5
182228;1
182229;1
182230;1
182237;1
182240;1
182243;2
182244;1
182246;1
182247;5
182253;1
182254;1
182256;5
182257;2
182258;2
182259;2
182260;5
182261;1
182262;1
182263;1
182264;1
182265;1
182266;1
182267;1
182268;1
182269;1
182272;1
182274;1
182275;1
182276;1
182277;1
182278;1
182279;1
182280;1
182281;1
182282;1
182283;1
182285;2
182286;2
182287;1
182288;1
182290;2
182292;1
182293;1
182294;1
182295;1
182296;1
182297;1
182298;1
182299;1
182302;2
182306;5
182307;2
182309;1
182310;1
182311;1
182312;1
182313;1
182316;1
182317;1
182318;1
182319;1
182320;1
182321;1
182322;1
182330;2
182331;2
182332;2
182337;1
182339;1
182343;1
182346;1
182349;1
182844;5
182845;1
182846;1
182847;1
182850;1
182851;1
182853;1
182855;5
182856;5
182857;5
182858;5
182859;5
182861;5
182862;5
182864;5
182865;5
182866;1
182867;1
182868;1
182869;1
182870;1
182871;1
182872;1
182873;1
182876;1
182877;1
182878;1
182879;1
182880;1
182881;1
182882;1
182883;1
182884;1
182885;1
182886;1
182887;1
182888;1
182889;1
182890;1
182891;1
182892;1
182893;1
182894;1
182895;1
182896;1
182897;1
182898;1
182899;1
182900;1
182901;1
182902;1
182903;1
182904;1
182905;1
182906;1
182907;1
182908;1
182909;1
182910;1
182911;1
182912;1
182914;1
182915;1
182916;1
182917;1
182918;1
182919;1
182920;1
182921;1
182923;1
182924;1
182925;1
182926;1
182927;3
182928;3
182929;3
182931;1
182933;1
182934;1
182935;1
182936;2
182940;1
182941;1
182942;1
182943;1
182944;1
182945;1
182946;1
182948;1
182953;1
182955;1
182956;1
182957;1
182958;1
182959;1
182963;3
182966;1
182967;1
182968;1
182969;1
182971;1
182972;1
182973;1
182975;1
182976;1
182977;1
182978;1
182979;1
182980;1
182982;1
182983;1
182984;5
182985;1
182986;1
182987;1
182988;1
182989;5
182990;5
182991;5
182992;5
182993;5
182994;5
182995;5
182996;5
182998;5
182999;1
183003;1
183004;1
183005;2
183006;2
183007;1
183008;1
183009;2
183010;1
183014;1
183015;1
183016;1
183017;1
183018;1
183019;1
183020;1
183021;2
183022;2
183023;5
183024;1
183025;1
183026;1
183027;2
183029;1
183030;1
183032;5
183033;5
183034;1
183035;1
183037;2
183038;1
183039;1
183040;1
183046;2
183047;5
183048;1
183049;1
183050;1
183051;1
183052;1
183053;5
183054;3
183055;1
183056;1
183057;1
183060;2
183061;2
183065;1
183066;1
183068;5
183069;1
183070;1
183071;1
183072;1
183073;5
183075;1
183076;5
183077;1
183078;1
183079;1
183080;1
183081;1
183082;1
183084;1
183085;1
183086;1
183087;3
183088;1
183089;2
183090;1
183092;5
183093;5
183094;5
183095;5
183096;1
183097;1
183098;1
183099;1
183100;1
183106;5
183107;1
183108;1
183109;1
183110;1
183111;5
183112;5
183113;5
183114;1
183115;5
183118;1
183119;1
183120;1
183121;1
183122;5
183123;5
183124;5
183125;5
183127;5
183128;5
183129;5
183131;5
183132;2
183133;1
183135;1
183136;1
183138;1
183139;1
183140;1
183141;1
183142;1
183144;1
183145;5
183146;1
183148;1
183150;5
183151;5
183152;1
183153;1
183154;5
183155;1
183156;1
183157;1
183158;1
183159;5
183160;1
183161;1
183162;1
183164;2
183165;1
183166;5
183167;1
183168;2
183169;2
183171;2
183173;1
183174;1
183176;1
183177;1
183178;2
183180;1
183181;1
183182;1
183183;1
183184;1
183185;2
183186;2
183187;2
183188;1
183189;2
183190;2
183191;2
183192;2
183193;2
183194;2
183195;1
183196;1
183197;2
183200;1
183202;1
183203;1
183204;1
183205;1
183206;2
183207;2
183208;1
183209;2
183210;2
183211;2
183213;2
183214;2
183219;1
183221;1
183222;1
183223;1
183224;1
183225;1
183226;1
183229;5
183234;1
183240;1
183241;1
183244;1
183245;1
183246;1
183247;1
183249;1
183251;2
183252;1
183253;1
183254;1
183255;1
183256;1
183257;1
183258;1
183259;1
183260;1
183261;1
183262;5
183263;5
183264;5
183265;5
183266;5
183267;5
183268;1
183269;5
183270;5
183272;5
183273;1
183274;1
183275;1
183276;1
183279;1
183280;1
183281;1
183282;1
183285;1
183286;1
183287;1
183288;1
183291;1
183292;1
183293;5
183294;2
183295;2
183296;5
183297;2
183298;1
183299;2
183300;1
183301;1
183302;1
183303;1
183304;1
183308;1
183311;1
183312;1
183313;2
183316;1
183317;1
183318;1
183319;1
183320;1
183321;1
183323;1
183329;5
183330;1
183334;5
183335;5
183336;5
183337;1
183338;5
183339;1
183344;1
183345;1
183346;1
183347;1
183349;1
183350;1
183351;2
183352;1
183353;2
183354;2
183355;1
183356;1
183359;2
183360;1
183361;1
183362;1
183363;2
183364;1
183365;1
183366;5
183367;1
183368;1
183371;1
183372;1
183373;2
183374;1
183376;2
183377;2
183379;2
183382;5
183383;1
183384;2
183385;2
183390;1
183391;1
183392;1
183393;2
183394;5
183395;2
183396;1
183397;1
183399;1
183400;1
183401;1
183402;1
183403;1
183404;1
183405;1
183406;1
183407;1
183408;1
183409;1
183410;1
183411;1
183412;1
183413;1
183414;1
183415;1
183416;2
183417;5
183418;2
183419;2
183421;2
183422;2
183423;1
183426;1
183427;1
183428;1
183433;1
183434;1
183435;1
183436;1
183438;1
183440;5
183441;3
183442;5
183443;5
183444;5
183446;1
183448;1
183450;1
183451;2
183452;2
183454;1
183456;1
183462;1
183464;1
183465;1
183466;1
183467;1
183468;1
183469;2
183471;1
183472;5
183473;1
183474;1
183475;1
183476;1
183477;1
183478;5
183479;5
183480;5
183481;2
183482;2
183483;2
183484;2
183485;2
183487;2
183488;2
183489;2
183491;2
183492;2
183493;2
183494;2
183495;1
183496;5
183497;5
183498;5
183499;5
183500;2
183501;1
183502;1
183503;5
183504;1
183505;1
183506;1
183507;5
183508;1
183510;2
183511;1
183512;1
183513;1
183514;1
183515;1
183516;1
183517;2
183518;1
183519;3
183520;3
183521;1
183522;2
183523;2
183524;2
183525;1
183526;1
183527;1
183528;5
183529;1
183530;1
183531;1
183532;1
183533;1
183534;1
183535;1
183536;1
183537;1
183538;2
183539;2
183540;1
183541;1
183542;1
183543;5
183544;2
183545;2
183546;2
183547;1
183548;1
183549;1
183550;1
183551;2
183552;2
183553;3
183554;2
183555;2
183556;5
183557;1
183558;1
183559;5
183562;2
183563;1
183564;1
183565;2
183566;1
183567;5
183568;5
183569;1
183570;1
183571;5
183572;1
183573;1
183574;1
183575;2
183576;1
183577;1
183578;1
183579;1
183580;1
183581;2
183582;2
183585;5
183592;1
183594;1
183595;1
183599;1
183603;1
183605;5
183606;1
183607;1
183608;1
183609;1
183610;1
183611;1
183612;2
183613;5
183614;5
183615;5
183616;5
183617;1
183618;2
183619;1
183620;1
183621;1
183622;1
183623;1
183624;1
183625;1
183627;1
183628;1
183629;1
183636;1
183637;1
183638;1
183640;5
183643;1
183644;2
183645;2
183646;1
183647;1
183648;1
183649;5
183650;5
183651;5
183652;5
183653;5
183654;5
183655;5
183656;2
183657;1
183658;1
183659;1
183661;1
183662;1
183663;1
183664;1
183665;1
183668;1
183669;1
183670;1
183671;1
183672;1
183673;1
183674;5
183675;1
183676;1
183677;1
183678;1
183679;1
183680;1
183681;1
183682;1
183683;1
183684;1
183685;1
183692;1
183693;1
183694;1
183695;2
183696;5
183697;1
183698;1
183699;1
183700;1
183701;1
183702;1
183703;3
183704;3
183705;3
183706;5
183707;2
183708;5
183709;5
183710;5
183711;5
183712;5
183713;1
183714;5
183715;5
183716;5
183717;1
183718;1
183719;1
183720;1
183722;1
183723;1
183724;1
183725;1
183726;5
183727;1
183728;1
183729;1
183730;1
183731;5
183732;1
183733;5
183734;5
183737;1
183738;1
183739;5
183740;5
183741;5
183742;5
183743;5
183744;5
183745;2
183746;1
183747;1
183748;5
183749;2
183750;2
183751;5
183752;5
183753;2
183754;2
183755;5
183756;5
183757;5
183758;1
183759;1
183760;1
183761;1
183762;1
183763;1
183764;1
183765;1
183766;1
183767;1
183768;5
183769;1
183770;1
183771;1
183772;1
183773;1
183774;5
183775;1
183776;1
183777;1
183778;1
183779;1
183780;1
183781;1
183782;1
183783;1
183784;1
183785;1
183786;1
183787;1
183788;1
183789;1
183790;1
183791;5
183792;5
183793;5
183794;5
183795;5
183797;2
183798;1
183799;1
183800;1
183801;1
183802;5
183804;5
183805;5
183806;5
183807;5
183808;5
183809;1
183810;1
183811;1
183812;2
183813;1
183814;1
183815;2
183816;2
183817;2
183818;5
183819;5
183820;2
183821;1
183822;1
183823;1
183824;1
183825;1
183826;5
183827;2
183828;5
183829;5
183830;1
183831;5
183832;1
183833;1
183834;1
183835;1
183836;1
183837;5
183838;2
183839;2
183840;1
183841;1
183842;1
183843;1
183844;1
183845;1
183846;1
183847;1
183848;1
183849;1
183850;1
183851;1
183852;5
183853;1
183854;1
183855;1
183856;1
183857;1
183858;1
183859;1
183860;1
183861;1
183862;1
183865;2
183866;2
183867;5
183868;1
183869;1
183870;2
183871;1
183872;1
183873;1
183874;1
183877;1
183878;5
183879;5
183880;5
183881;5
183882;1
183885;5
183886;1
183887;5
183888;5
183889;5
183890;5
183891;2
183892;5
183893;1
183894;5
183895;5
183896;1
183897;1
183898;1
183899;1
183900;1
183901;1
183902;1
183903;2
183904;1
183905;1
183906;1
183907;1
183908;1
183909;1
183910;1
183911;1
183912;1
183913;1
183914;1
183915;5
183916;1
