GID;Acumulacion_general
100493;6
124264;6
157052;6
183823;6
101908;6
181250;6
124415;6
181096;6
124962;6
175946;6
175945;6
180193;6
181240;6
183994;6
124075;6
124209;6
133994;6
182167;6
134719;6
166812;6
125272;6
183234;6
176479;6
141796;6
141749;6
183643;6
141820;6
180192;6
180167;6
114451;6
124432;6
125044;6
181198;6
183057;6
125038;6
182296;6
183414;6
182332;6
160652;6
124766;6
183366;6
183826;6
156034;6
114386;6
125031;6
181400;6
179317;6
172612;6
124728;6
124697;6
124729;6
124693;6
183927;6
124692;6
175912;6
181944;6
142588;6
142656;6
142575;6
142534;6
142490;6
124741;6
124680;6
124775;6
124860;6
147532;6
125192;6
124868;6
114527;6
114511;6
183073;6
140272;6
141442;6
141434;6
141429;6
184191;6
184183;6
183029;6
183617;6
181388;6
124473;6
124396;6
124442;6
124443;6
124572;6
124574;6
124533;6
175359;6
141157;6
165634;6
153112;6
141443;6
183705;6
124476;6
124475;6
124469;6
124472;6
183050;6
183052;6
113232;6
115258;6
102161;6
102205;6
182154;6
181202;6
102223;6
102227;6
143713;6
143712;6
143694;6
143693;6
143692;6
181365;6
176137;6
124578;6
183346;6
102198;6
104395;6
155616;6
172132;6
102213;6
104376;6
183693;6
140852;6
184193;6
143718;6
100543;6
143715;6
143714;6
135034;6
166872;6
104392;6
104366;6
183692;6
177433;6
181043;6
181829;6
162952;6
183867;6
105488;6
124581;6
124579;6
176126;6
132018;6
182135;6
126013;6
105345;6
105310;6
116719;6
180317;6
105381;6
105330;6
125985;6
105307;6
129673;6
183182;6
180644;6
129662;6
180159;6
183087;6
179843;6
105528;6
183394;6
164878;6
145152;6
179117;6
129397;6
179993;6
116768;6
183229;6
126004;6
179944;6
116703;6
125988;6
125993;6
100630;6
129167;6
129244;6
129242;6
129238;6
129165;6
184031;6
184030;6
129104;6
176321;6
176619;6
125851;6
169392;6
180635;6
138778;6
118086;6
182855;6
183526;6
125919;6
124230;6
101967;6
101957;6
101966;6
177359;6
101941;6
101940;6
101872;6
160512;6
184187;6
182025;6
142422;6
184224;6
142290;6
134391;6
149572;6
183922;6
183923;6
181292;6
183955;6
124201;5
179048;5
166012;5
124199;5
142301;5
101949;5
124143;5
124205;5
124207;5
124259;5
124231;5
175394;5
129440;5
107190;5
184090;5
184096;5
184099;5
129380;5
129382;5
129438;5
129385;5
129426;5
129448;5
138734;5
138758;5
183299;5
183206;5
138760;5
138724;5
138761;5
138796;5
138797;5
183207;5
118712;5
180328;5
105521;5
106946;5
106939;5
107006;5
180805;5
108372;5
129669;5
179753;5
179720;5
105407;5
178348;5
105333;5
177391;5
173012;5
172952;5
182933;5
183507;5
117963;5
117951;5
117952;5
184230;5
138759;5
138726;5
182199;5
138762;5
181324;5
138787;5
179705;5
105254;5
131093;5
129773;5
153472;5
183891;5
105294;5
179159;5
140032;5
155992;5
145153;5
118005;5
118004;5
120412;5
117982;5
117987;5
117986;5
117942;5
117943;5
183508;5
171912;5
118027;5
175761;5
117946;5
117974;5
105639;5
179179;5
105655;5
176125;5
118019;5
180287;5
117945;5
143092;5
120312;5
117955;5
117949;5
117939;5
117953;5
117954;5
181011;5
130292;5
184179;5
178952;5
124563;5
135232;5
183998;5
141201;5
118017;5
143972;5
118013;5
118018;5
117941;5
173132;5
118015;5
126312;5
126123;5
180296;5
141241;5
141240;5
141200;5
141242;5
141239;5
141183;5
141182;5
141216;5
150732;5
183330;5
141219;5
182343;5
102371;5
124662;5
182322;5
124665;5
124601;5
181486;5
184236;5
184235;5
142140;5
179807;5
142070;5
184218;5
142074;5
183518;5
184248;5
180923;5
181637;5
101624;5
102359;5
102358;5
138601;5
183540;5
138508;5
138527;5
182054;5
138515;5
138534;5
142102;5
142098;5
183571;5
180372;5
183157;5
184243;5
138563;5
138591;5
138529;5
180570;5
180569;5
138528;5
182065;5
138594;5
140312;5
138600;5
125021;5
181616;5
125036;5
180141;5
125004;5
125042;5
183820;5
180155;5
176134;5
176201;5
141942;5
134755;5
141929;5
134808;5
139152;5
141717;5
180365;5
141715;5
124080;5
184053;5
172452;5
183472;5
133970;5
115735;5
115726;5
101891;5
115825;5
115824;5
184201;5
115796;5
181200;4
108172;4
183347;4
182346;4
102158;4
102157;4
102183;4
102182;4
108153;4
108132;4
114495;4
117832;4
114317;4
116641;4
180693;4
102179;4
102192;4
183367;4
183368;4
183434;4
183433;4
170692;4
102197;4
116579;4
116578;4
179832;4
135872;4
181661;4
116615;4
183350;4
106892;4
181350;4
142753;4
101897;4
181865;4
184233;4
101945;4
101944;4
101942;4
101956;4
180377;4
101954;4
142752;4
100758;4
101905;4
101887;4
101903;4
101972;4
100720;4
100767;4
102169;4
102175;4
102172;4
113532;4
133873;4
101922;4
101898;4
101921;4
116653;4
115172;4
116642;4
116574;4
116643;4
183251;4
100665;4
176374;4
180853;4
179824;4
129299;4
129307;4
101968;4
101886;4
101973;4
129290;4
129338;4
183585;4
116620;4
169192;4
183565;4
183169;4
116605;4
166494;4
166493;4
181380;4
148172;4
165472;4
100760;4
100759;4
183151;4
183150;4
101958;4
101960;4
181204;4
101904;4
183148;4
100766;4
100765;4
182853;4
101895;4
101894;4
101892;4
101873;4
183993;4
181913;4
160012;4
166572;4
180561;4
180643;4
177143;4
116577;4
116617;4
116576;4
124923;4
101710;4
116575;4
180854;4
180855;4
180035;4
105365;4
175921;4
169433;4
170432;4
179160;4
179765;4
116602;4
116598;4
107368;4
107369;4
107366;4
125016;4
125014;4
125048;4
124992;4
107362;4
107363;4
179791;4
116639;4
116612;4
116572;4
116573;4
147913;4
107920;4
101964;4
177144;4
155532;4
160412;4
130652;4
101961;4
101959;4
107921;4
147893;4
147896;4
107922;4
107923;4
107380;4
177063;4
107381;4
182263;4
107374;4
116638;4
181676;4
100670;4
116597;4
180856;4
125837;4
176259;4
116604;4
183280;4
177491;4
183279;4
114243;4
182093;4
183712;4
116603;4
116623;4
100764;4
171612;4
100762;4
100768;4
100773;4
100772;4
183812;4
101909;4
101918;4
101916;4
101915;4
101914;4
100770;4
177495;4
116647;4
100776;4
100775;4
100779;4
116592;4
116591;4
116625;4
176776;4
114304;4
116654;4
183359;4
100787;4
100774;4
100778;4
100777;4
107379;4
100574;4
180028;4
114302;4
181201;4
100494;4
181199;4
181203;4
183349;4
100780;4
100702;4
125848;4
125903;4
108212;4
177489;4
177488;4
177486;4
165452;4
105446;4
105432;4
100573;4
100586;4
100585;4
100584;4
100892;4
100582;4
100397;4
100343;4
100344;4
100395;4
183878;4
100571;4
100570;4
100569;4
141229;4
180632;4
141230;4
183360;4
141156;4
183337;4
138896;4
138823;4
138894;4
141154;4
100579;4
100577;4
100576;4
100794;4
100791;4
100790;4
169712;4
180825;4
183352;4
100581;4
100556;4
100587;4
141232;4
141181;4
138839;4
138840;4
141460;4
183920;4
121513;4
100354;4
183880;4
183921;4
100427;4
100426;4
147792;4
174912;4
183881;4
183879;4
100353;4
131472;4
174352;4
158692;4
166112;4
166132;4
176674;4
142591;4
180787;4
142674;4
142587;4
146332;4
142599;4
142543;4
175375;4
180387;4
182052;4
138604;4
184148;4
138517;4
182279;4
100796;4
100588;4
100424;4
146812;4
100417;4
100421;4
183949;4
184249;4
138539;4
138566;4
138567;4
138588;4
138589;4
138590;4
138568;4
138569;4
138520;4
138519;4
169812;4
138609;4
157912;4
169972;4
138603;4
138602;4
138607;4
152412;4
138597;4
138599;4
142488;4
124390;4
124336;4
124391;4
124392;4
124301;4
100572;4
142034;4
141973;4
184246;4
184245;4
184244;4
184242;4
184240;4
184241;4
142057;4
142056;4
142015;4
142011;4
142010;4
141975;4
142033;4
176317;4
142035;4
180546;4
182274;4
141826;4
141825;4
133946;4
133943;4
182278;4
182953;4
183183;4
183184;4
183262;4
183261;4
143473;4
143472;4
133957;4
183249;4
180548;4
133948;4
133965;4
133993;4
133915;4
124377;4
183374;4
124300;4
124311;4
183373;4
133914;4
133912;4
133964;4
133962;4
180811;4
136254;4
135132;4
141828;4
141827;4
141823;4
133974;4
184008;4
100469;4
182984;4
180612;4
180610;4
183417;4
134593;4
179539;4
183990;4
101920;4
101888;4
101974;4
181487;3
181255;3
181257;3
181256;3
176257;3
124638;3
181891;3
181890;3
124787;3
177511;3
177512;3
181389;3
124398;3
173472;3
177141;3
181585;3
181586;3
181584;3
181583;3
181582;3
100732;3
124597;3
180205;3
181391;3
181390;3
124658;3
124659;3
181660;3
124657;3
181329;3
124644;3
124627;3
124598;3
183312;3
124642;3
124624;3
179020;3
167193;3
124607;3
124664;3
168772;3
124669;3
124667;3
124668;3
124609;3
124629;3
124608;3
124673;3
160732;3
124649;3
124646;3
124647;3
124672;3
124602;3
124618;3
124651;3
124616;3
124645;3
124615;3
124643;3
124549;3
124566;3
124567;3
124526;3
124525;3
124524;3
182237;3
124522;3
172474;3
124670;3
124611;3
124630;3
124610;3
124634;3
124612;3
124599;3
181932;3
124545;3
177468;3
124543;3
124546;3
124547;3
179528;3
124553;3
124554;3
180788;3
124552;3
124550;3
124551;3
124542;3
102242;3
143752;3
183053;3
183054;3
124534;3
176640;3
124493;3
180791;3
180790;3
183610;3
183609;3
183611;3
181931;3
124538;3
124520;3
124503;3
124502;3
124501;3
124500;3
124498;3
100712;3
100711;3
100755;3
164536;3
165532;3
170252;3
124445;3
179036;3
124471;3
179938;3
124539;3
124540;3
124537;3
183055;3
183051;3
183056;3
124511;3
178936;3
124507;3
124508;3
178197;3
178198;3
180742;3
180743;3
180744;3
180745;3
124585;3
184005;3
102181;3
135012;3
181294;3
102256;3
171653;3
102165;3
134993;3
102154;3
102263;3
102261;3
182972;3
182973;3
182967;3
182966;3
102248;3
102247;3
102255;3
181174;3
102254;3
181173;3
181171;3
102260;3
102211;3
180859;3
102214;3
183351;3
155592;3
104394;3
104406;3
181744;3
181743;3
181773;3
100701;3
115032;3
100747;3
100749;3
157172;3
181742;3
102215;3
102153;3
102152;3
102212;3
183285;3
183287;3
183286;3
176369;3
133692;3
104374;3
104373;3
143272;3
143293;3
182244;3
182246;3
143533;3
104364;3
104363;3
104362;3
104361;3
150393;3
150392;3
180090;3
104358;3
104369;3
164492;3
104368;3
104436;3
104352;3
182097;3
145272;3
104375;3
183813;3
104422;3
104420;3
104417;3
104428;3
183088;3
145352;3
104435;3
183133;3
104356;3
104353;3
147232;3
112872;3
179123;3
104410;3
104383;3
104384;3
104385;3
139933;3
104408;3
179148;3
104419;3
183702;3
183697;3
183698;3
183699;3
183700;3
183701;3
183390;3
179154;3
180534;3
117165;3
135272;3
135252;3
169792;3
178992;3
100756;3
107805;3
176077;3
107807;3
181221;3
180909;3
180309;3
180535;3
107809;3
107740;3
127832;3
133812;3
107741;3
107742;3
107743;3
180422;3
107815;3
107824;3
179156;3
107818;3
177347;3
181666;3
107797;3
107802;3
160192;3
184265;3
107801;3
179155;3
107803;3
107808;3
107804;3
107806;3
107735;3
107791;3
107827;3
107734;3
179158;3
107790;3
107789;3
107820;3
181061;3
184263;3
184262;3
184261;3
184260;3
107822;3
107821;3
163952;3
176958;3
107751;3
107782;3
107842;3
177351;3
107786;3
107731;3
107784;3
107792;3
173832;3
107788;3
107787;3
107793;3
107736;3
181209;3
180382;3
177442;3
177443;3
179249;3
179248;3
177454;3
177453;3
107413;3
180760;3
177313;3
177314;3
177394;3
177420;3
177457;3
177456;3
105260;3
166692;3
177455;3
125981;3
126011;3
126012;3
129506;3
105292;3
105247;3
180369;3
105293;3
105282;3
179696;3
129540;3
129502;3
129501;3
132852;3
129539;3
129504;3
181497;3
180607;3
105253;3
177459;3
177458;3
177392;3
183046;3
180327;3
184120;3
105281;3
177465;3
177463;3
183009;3
181105;3
180910;3
179086;3
177350;3
177349;3
156413;3
107760;3
117194;3
117207;3
117160;3
180256;3
131694;3
125969;3
125971;3
182001;3
107759;3
175336;3
107764;3
184129;3
107765;3
184149;3
179112;3
129656;3
129632;3
180852;3
129636;3
180851;3
129635;3
129657;3
129634;3
179921;3
177348;3
107506;3
107557;3
107556;3
107554;3
107553;3
107552;3
107576;3
107507;3
107532;3
107531;3
179113;3
107530;3
181580;3
107754;3
177346;3
179305;3
180595;3
179116;3
179115;3
179114;3
107561;3
180646;3
107564;3
107563;3
107562;3
107565;3
107508;3
107567;3
179094;3
158432;3
180987;3
180986;3
109092;3
107571;3
107570;3
180004;3
107555;3
107580;3
107579;3
179304;3
107521;3
107574;3
179109;3
180670;3
179303;3
113992;3
113972;3
179098;3
183910;3
183911;3
107587;3
107517;3
107586;3
107516;3
107592;3
113812;3
107591;3
181577;3
181578;3
181579;3
107601;3
107600;3
107599;3
107526;3
121932;3
160632;3
150552;3
107511;3
107514;3
107538;3
107589;3
107588;3
107590;3
107115;3
179103;3
179104;3
180240;3
183138;3
181591;3
181573;3
181575;3
181576;3
175691;3
153073;3
107048;3
129607;3
107044;3
107109;3
107108;3
181148;3
183393;3
183395;3
125944;3
125943;3
125928;3
180349;3
125965;3
125980;3
163792;3
117161;3
117162;3
152152;3
107040;3
183573;3
183574;3
107105;3
183572;3
107104;3
175427;3
107103;3
107116;3
180552;3
107088;3
107029;3
107087;3
107086;3
180071;3
107047;3
107112;3
107046;3
107111;3
107110;3
107045;3
175692;3
107094;3
107093;3
107033;3
107032;3
107092;3
107031;3
107091;3
107090;3
107030;3
179975;3
107020;3
181126;3
181125;3
107018;3
107100;3
107099;3
107037;3
107036;3
107098;3
107035;3
107097;3
107034;3
180233;3
180238;3
107082;3
107080;3
107079;3
107023;3
107076;3
107075;3
107074;3
107073;3
107072;3
107071;3
107070;3
184267;3
184266;3
107021;3
107067;3
107066;3
126006;3
125968;3
125987;3
125996;3
126005;3
125934;3
125962;3
125912;3
125930;3
137772;3
125960;3
137113;3
126016;3
107050;3
107049;3
107028;3
107084;3
183983;3
107026;3
107083;3
107025;3
107306;3
107060;3
107059;3
107011;3
107057;3
107056;3
181670;3
181669;3
181668;3
107052;3
107051;3
107312;3
176338;3
107313;3
107314;3
107315;3
107307;3
107308;3
184124;3
107300;3
107301;3
107302;3
107303;3
107304;3
107305;3
180844;3
107389;3
184125;3
107324;3
129197;3
129243;3
183606;3
107319;3
181428;3
180168;3
107316;3
181556;3
107309;3
107310;3
107311;3
129181;3
129182;3
129240;3
129219;3
183254;3
107299;3
175742;3
179091;3
107293;3
176247;3
107328;3
107325;3
175103;3
175102;3
181430;3
181429;3
154413;3
129162;3
129161;3
129164;3
129241;3
129200;3
129202;3
180431;3
129237;3
129180;3
129239;3
129178;3
129177;3
129218;3
143012;3
129174;3
129176;3
129186;3
129173;3
129236;3
129251;3
129216;3
129211;3
129209;3
129214;3
129234;3
129227;3
129193;3
129191;3
129170;3
129262;3
129261;3
129169;3
129168;3
132832;3
181267;3
181266;3
181268;3
181270;3
181269;3
183082;3
183282;3
183281;3
129183;3
183030;3
129175;3
129132;3
182292;3
129089;3
129130;3
129129;3
129131;3
129125;3
129081;3
129126;3
180384;3
179120;3
129188;3
129185;3
129226;3
129225;3
129231;3
184021;3
181451;3
183629;3
183244;3
183224;3
183243;3
183241;3
183240;3
183253;3
183252;3
183255;3
183256;3
129138;3
129133;3
129143;3
129136;3
180289;3
129101;3
129094;3
129097;3
129095;3
129124;3
180496;3
129100;3
129098;3
129091;3
129090;3
129092;3
181445;3
129079;3
129078;3
129093;3
129141;3
129122;3
129120;3
129075;3
129066;3
176668;3
129106;3
129073;3
129067;3
129063;3
129123;3
129065;3
129064;3
129121;3
129074;3
129072;3
129159;3
129147;3
129062;3
129061;3
129118;3
129145;3
129117;3
129116;3
129115;3
129135;3
129146;3
180081;3
129114;3
129057;3
129054;3
129158;3
183427;3
176676;3
180557;3
129152;3
129134;3
183426;3
129071;3
129070;3
129053;3
180213;3
129154;3
183428;3
129052;3
129069;3
129060;3
129056;3
176216;3
176215;3
117206;3
176322;3
117193;3
176242;3
117200;3
117201;3
176370;3
117189;3
184023;3
184022;3
183219;3
179548;3
183320;3
183319;3
181446;3
183205;3
183204;3
183203;3
181420;3
107357;3
165652;3
107359;3
165752;3
183225;3
183226;3
125983;3
180178;3
125942;3
125941;3
100544;3
183316;3
183840;3
125951;3
125933;3
125932;3
125931;3
125936;3
125940;3
126002;3
183245;3
183246;3
183208;3
181450;3
181449;3
183464;3
183318;3
183317;3
184024;3
177438;3
180027;3
107370;3
107367;3
107365;3
181951;3
107334;3
107335;3
107375;3
107376;3
107377;3
107378;3
179000;3
137832;3
116830;3
116763;3
184227;3
116762;3
175897;3
168033;3
116815;3
116854;3
116775;3
166453;3
118832;3
166452;3
116813;3
116826;3
116853;3
116852;3
121417;3
116767;3
116793;3
116825;3
116824;3
184290;3
116810;3
116809;3
116823;3
121355;3
116858;3
116759;3
116760;3
116857;3
116828;3
126106;3
126077;3
126049;3
126047;3
126046;3
126076;3
126052;3
179935;3
173092;3
116848;3
116851;3
116770;3
116769;3
116812;3
136112;3
116757;3
116766;3
120252;3
116781;3
116806;3
116847;3
183274;3
116804;3
116803;3
116786;3
137812;3
137752;3
116773;3
116772;3
116782;3
126104;3
116755;3
116780;3
173052;3
116837;3
116754;3
116833;3
116777;3
171953;3
116753;3
180363;3
116849;3
116850;3
183937;3
184019;3
184020;3
170132;3
142187;3
145732;3
116844;3
116842;3
116798;3
116797;3
180484;3
125964;3
125975;3
125995;3
155073;3
176348;3
143513;3
161936;3
100553;3
100552;3
125973;3
126003;3
181871;3
126019;3
126014;3
125967;3
116840;3
116841;3
180212;3
116820;3
116819;3
116818;3
116817;3
161812;3
116675;3
184229;3
116676;3
116723;3
142174;3
180766;3
142198;3
161252;3
142252;3
142173;3
142199;3
142188;3
116682;3
116702;3
180383;3
177308;3
177307;3
152195;3
116733;3
116688;3
184228;3
116672;3
116743;3
184213;3
184212;3
184211;3
184209;3
184210;3
116724;3
116722;3
116685;3
116684;3
116686;3
116706;3
179800;3
183646;3
116668;3
180483;3
116709;3
175366;3
173552;3
116738;3
116765;3
116776;3
116699;3
116698;3
152212;3
179149;3
181006;3
180605;3
159872;3
116665;3
176524;3
116711;3
130272;3
116712;3
116663;3
184206;3
116718;3
116669;3
116717;3
184131;3
184132;3
184133;3
183647;3
116594;3
116648;3
116634;3
116633;3
172893;3
172892;3
169352;3
181807;3
181850;3
116801;3
116799;3
116800;3
116845;3
116794;3
116838;3
116671;3
180706;3
180705;3
180701;3
180700;3
180702;3
116610;3
116609;3
116590;3
116589;3
173212;3
116714;3
116741;3
116705;3
116637;3
116636;3
116651;3
135892;3
116581;3
116628;3
116606;3
183171;3
116627;3
116619;3
116656;3
116655;3
116660;3
116659;3
116632;3
170012;3
116630;3
180703;3
180704;3
181808;3
180858;3
116586;3
165612;3
116600;3
116601;3
169412;3
116580;3
116618;3
100608;3
100607;3
100606;3
100605;3
137892;3
100538;3
100560;3
100537;3
100532;3
125950;3
125954;3
180405;3
179936;3
125948;3
125915;3
125978;3
116652;3
183168;3
177302;3
100541;3
100546;3
163112;3
100563;3
100562;3
100575;3
137212;3
125918;3
100551;3
100591;3
100561;3
150654;3
100603;3
100610;3
100609;3
141639;3
100593;3
100592;3
100535;3
100559;3
183956;3
125976;3
125921;3
134557;3
134549;3
100536;3
100600;3
100558;3
167292;3
100540;3
155212;3
122992;3
141635;3
141634;3
141633;3
141589;3
141592;3
141590;3
141577;3
141567;3
141617;3
141587;3
141583;3
181186;3
161012;3
141610;3
141611;3
141616;3
100566;3
100565;3
100557;3
100564;3
134550;3
169772;3
134586;3
134518;3
180200;3
137217;3
134598;3
134584;3
100597;3
100596;3
100595;3
100594;3
141614;3
141615;3
141593;3
141637;3
141570;3
141645;3
141648;3
141646;3
141647;3
141565;3
141609;3
141564;3
141608;3
141575;3
158953;3
141576;3
141574;3
141578;3
141588;3
141586;3
141560;3
141604;3
141644;3
141632;3
141580;3
141631;3
141643;3
141630;3
141557;3
141612;3
141613;3
141571;3
141573;3
153152;3
141572;3
141569;3
141603;3
141602;3
141555;3
141627;3
182229;3
182230;3
183512;3
174452;3
141597;3
141563;3
141562;3
147075;3
141605;3
141606;3
147072;3
141623;3
141624;3
141621;3
141553;3
141619;3
141579;3
141618;3
125977;3
134608;3
141556;3
141559;3
141629;3
141601;3
141628;3
134607;3
180202;3
134569;3
150613;3
138832;3
176300;3
176301;3
138830;3
138904;3
138829;3
138854;3
141595;3
181764;3
141625;3
179296;3
183107;3
134587;3
100804;3
100809;3
176135;3
101965;3
101885;3
101939;3
176250;3
101953;3
101884;3
101882;3
101881;3
101950;3
101947;3
100601;3
100599;3
150652;3
100567;3
101948;3
101879;3
138903;3
138900;3
184276;3
138838;3
138837;3
138846;3
138890;3
138836;3
178828;3
138899;3
138845;3
178827;3
138886;3
138835;3
183992;3
101926;3
141332;3
141335;3
184272;3
141274;3
141273;3
141277;3
141275;3
184045;3
184044;3
184043;3
184042;3
183856;3
183857;3
183858;3
138902;3
138913;3
140132;3
138870;3
138873;3
138910;3
178826;3
179028;3
138852;3
138887;3
138888;3
184110;3
138883;3
178829;3
138884;3
141253;3
141254;3
141343;3
141342;3
141344;3
141345;3
141270;3
141271;3
141267;3
141272;3
141269;3
141331;3
141266;3
141265;3
141329;3
183086;3
138914;3
141328;3
141292;3
141289;3
141263;3
141323;3
141320;3
141317;3
141318;3
141315;3
168132;3
142644;3
142670;3
142646;3
142645;3
180507;3
141276;3
184106;3
184107;3
184108;3
141448;3
141445;3
141444;3
141440;3
184190;3
141396;3
141435;3
165632;3
141327;3
141397;3
141358;3
141359;3
141357;3
183450;3
184105;3
141432;3
141388;3
183744;3
183828;3
141354;3
141428;3
141425;3
142647;3
182295;3
184283;3
184286;3
184285;3
184287;3
141418;3
141413;3
101925;3
183991;3
165072;3
101875;3
101930;3
144032;3
101929;3
176325;3
183680;3
124416;3
124456;3
180839;3
179500;3
124400;3
100533;3
183822;3
101928;3
141390;3
184104;3
142113;3
142116;3
142115;3
142162;3
165656;3
142169;3
142168;3
142164;3
147172;3
142662;3
180368;3
142661;3
158940;3
180070;3
177285;3
142671;3
183592;3
142595;3
179929;3
142592;3
175482;3
146272;3
184046;3
184199;3
101937;3
101936;3
124431;3
124430;3
124429;3
181244;3
180709;3
184280;3
184281;3
184282;3
180203;3
100727;3
167932;3
138909;3
138907;3
180946;3
138813;3
142992;3
138905;3
138848;3
183860;3
183859;3
183861;3
183595;3
183594;3
138834;3
138879;3
138864;3
183695;3
138860;3
138862;3
138868;3
182094;3
180204;3
138911;3
138833;3
138871;3
138872;3
138851;3
176672;3
138869;3
183323;3
182086;3
181806;3
124452;3
124451;3
181587;3
151732;3
138850;3
182200;3
124405;3
124439;3
124474;3
124407;3
124406;3
124423;3
124988;3
179596;3
124427;3
125007;3
124482;3
124468;3
125047;3
125040;3
172312;3
172313;3
179868;3
183941;3
138859;3
138865;3
183178;3
138863;3
180150;3
181620;3
128193;3
125041;3
125011;3
181036;3
125008;3
124989;3
175766;3
124997;3
124991;3
180220;3
181997;3
175767;3
100805;3
180842;3
173492;3
174692;3
100807;3
176346;3
124990;3
176345;3
176344;3
176138;3
142026;3
142027;3
180893;3
180894;3
142002;3
142014;3
142013;3
167072;3
180148;3
141996;3
149954;3
141992;3
141995;3
141993;3
150293;3
177369;3
150292;3
142254;3
181737;3
181738;3
181745;3
142008;3
142007;3
149973;3
141985;3
141984;3
142009;3
141978;3
141977;3
181334;3
141976;3
124418;3
179609;3
184126;3
183007;3
125043;3
125046;3
179049;3
125069;3
177342;3
124441;3
124440;3
124408;3
124394;3
124438;3
124437;3
182876;3
142020;3
142025;3
142000;3
182299;3
142001;3
141999;3
141998;3
141997;3
177341;3
177340;3
125067;3
179050;3
183696;3
125026;3
141990;3
142016;3
141991;3
141989;3
141982;3
141981;3
141980;3
177303;3
175400;3
142201;3
181596;3
125028;3
125064;3
124985;3
142012;3
141979;3
124772;3
181358;3
100730;3
183628;3
100707;3
100705;3
100728;3
142218;3
175405;3
142216;3
142215;3
142204;3
142189;3
141956;3
141958;3
142203;3
175402;3
161274;3
142255;3
175399;3
175401;3
142175;3
181190;3
142205;3
142219;3
142265;3
182109;3
182107;3
176724;3
181339;3
183558;3
182986;3
182987;3
182988;3
176723;3
183557;3
180189;3
176330;3
145852;3
142270;3
142236;3
145833;3
142234;3
142256;3
142207;3
142226;3
181749;3
178967;3
145772;3
181748;3
142223;3
142224;3
142206;3
139092;3
181710;3
181709;3
180738;3
180737;3
179232;3
179233;3
139141;3
180736;3
180735;3
180741;3
139125;3
139124;3
139175;3
139154;3
184279;3
181405;3
181404;3
181403;3
181407;3
181406;3
181402;3
181401;3
142258;3
142257;3
142229;3
142230;3
142191;3
142228;3
145892;3
145872;3
142261;3
139111;3
179301;3
139183;3
160272;3
139102;3
139193;3
181191;3
139157;3
139156;3
139110;3
139153;3
176209;3
139174;3
178506;3
139116;3
164652;3
184001;3
139190;3
183986;3
183808;3
183807;3
139120;3
139173;3
179508;3
182118;3
182117;3
139187;3
139188;3
141072;3
141052;3
183707;3
181222;3
139112;3
139180;3
139127;3
139108;3
139194;3
181362;3
139189;3
179318;3
179319;3
184204;3
184205;3
139172;3
184289;3
139097;3
179228;3
142238;3
181750;3
181751;3
181752;3
181753;3
180063;3
180060;3
183026;3
142194;3
142195;3
142268;3
142269;3
139134;3
179300;3
181192;3
181223;3
142279;3
142278;3
142277;3
183622;3
142273;3
183619;3
142262;3
142178;3
183620;3
142179;3
142180;3
184122;3
184121;3
161032;3
142209;3
145912;3
138452;3
138434;3
138428;3
138429;3
180941;3
142181;3
180058;3
142248;3
142251;3
142249;3
142250;3
183621;3
142246;3
145932;3
142247;3
142276;3
138497;3
138433;3
184130;3
138461;3
138426;3
182306;3
161734;3
182968;3
138425;3
138459;3
138458;3
143412;3
138457;3
177294;3
177293;3
177295;3
182090;3
138494;3
138454;3
138453;3
138455;3
138450;3
138422;3
138449;3
138448;3
138447;3
183273;3
138503;3
138501;3
138502;3
138505;3
138500;3
138462;3
179913;3
138498;3
138499;3
138421;3
138418;3
138419;3
138420;3
138442;3
151712;3
138443;3
144132;3
181688;3
182089;3
182088;3
182091;3
138485;3
138484;3
138490;3
138491;3
138489;3
138414;3
138416;3
138468;3
138470;3
176304;3
138469;3
138471;3
181106;3
138464;3
138465;3
138463;3
138472;3
138473;3
179911;3
183476;3
183474;3
183477;3
182061;3
181787;3
138411;3
184256;3
138487;3
138486;3
138483;3
138440;3
181741;3
138412;3
134737;3
159132;3
138441;3
138410;3
138437;3
138438;3
138482;3
138481;3
138480;3
138479;3
138478;3
138477;3
138476;3
138409;3
138475;3
138474;3
182050;3
182051;3
138408;3
183188;3
134742;3
134741;3
179326;3
177441;3
134740;3
134736;3
134735;3
134734;3
180676;3
180495;3
160298;3
134801;3
134800;3
181157;3
147272;3
149312;3
156312;3
179316;3
134792;3
134815;3
134814;3
171853;3
134813;3
183295;3
134811;3
134810;3
182043;3
134763;3
134765;3
182046;3
182044;3
134751;3
179329;3
134791;3
134747;3
134824;3
183187;3
134823;3
183186;3
134785;3
134784;3
183185;3
134760;3
180341;3
134797;3
183210;3
183209;3
183211;3
134743;3
134822;3
184039;3
181296;3
134771;3
134796;3
138133;3
134772;3
181740;3
137592;3
181628;3
134782;3
159853;3
180068;3
134781;3
134758;3
147212;3
134727;3
183492;3
134754;3
134753;3
176133;3
151992;3
182018;3
171552;3
101569;3
125032;3
125030;3
124987;3
125034;3
124807;3
177332;3
124803;3
161172;3
124802;3
179076;3
179075;3
134768;3
124837;3
133930;3
124809;3
165952;3
124865;3
124863;3
124800;3
124834;3
181333;3
183032;3
183033;3
124870;3
181638;3
181639;3
124428;3
124435;3
124434;3
124422;3
124421;3
124869;3
124867;3
124840;3
124866;3
100709;3
100731;3
182011;3
181866;3
100741;3
133949;3
180675;3
133975;3
124409;3
141766;3
141843;3
141762;3
124411;3
125092;3
134703;3
134702;3
184251;3
134759;3
134757;3
152052;3
134726;3
182330;3
180759;3
134725;3
158801;3
158813;3
134776;3
134775;3
179077;3
134641;3
134639;3
134654;3
134661;3
135452;3
180642;3
183548;3
124446;3
124109;3
100806;3
180224;3
180143;3
181293;3
183924;3
180223;3
100725;3
184254;3
137552;3
134695;3
134704;3
136174;3
182331;3
139652;3
134691;3
134723;3
175338;3
175342;3
175339;3
184253;3
134630;3
134692;3
134693;3
134701;3
161914;3
134699;3
167692;3
134667;3
134640;3
134642;3
183522;3
134659;3
134680;3
181853;3
183866;3
183469;3
134647;3
134646;3
154292;3
139452;3
134648;3
134686;3
134684;3
134652;3
134645;3
134620;3
175341;3
175340;3
180441;3
139492;3
134634;3
183544;3
134720;3
174412;3
134698;3
134681;3
183524;3
183523;3
142476;3
148053;3
148052;3
164893;3
142399;3
180146;3
142395;3
142396;3
181846;3
175423;3
148092;3
142412;3
148077;3
134676;3
165252;3
176329;3
179257;3
169132;3
134165;3
134166;3
142481;3
142449;3
182307;3
179583;3
142452;3
142477;3
142478;3
142473;3
142474;3
142475;3
142873;3
134098;3
183018;3
134097;3
134160;3
134159;3
142445;3
184057;3
177261;3
142470;3
142442;3
169112;3
170312;3
171712;3
139553;3
134122;3
134100;3
134131;3
181901;3
134132;3
134170;3
134171;3
183016;3
180439;3
181854;3
180390;3
134162;3
134129;3
134130;3
134113;3
134095;3
176511;3
181794;3
134135;3
173272;3
181837;3
134178;3
183979;3
137333;3
134156;3
177447;3
134118;3
134120;3
134101;3
183019;3
181902;3
134173;3
179065;3
134145;3
134146;3
134143;3
134144;3
134106;3
134142;3
176565;3
176510;3
155952;3
181903;3
134102;3
134180;3
183020;3
134103;3
142852;3
134176;3
149552;3
137012;3
134186;3
134182;3
134447;3
134435;3
177446;3
183017;3
137412;3
143872;3
182111;3
143632;3
134448;3
180671;3
180492;3
173332;3
134621;3
170392;3
134679;3
135312;3
134678;3
134436;3
134105;3
134107;3
177382;3
179260;3
134110;3
134136;3
134138;3
134188;3
182122;3
134189;3
142393;3
181001;3
142411;3
142390;3
142389;3
134657;3
181756;3
140932;3
134615;3
134625;3
134626;3
134633;3
134650;3
134623;3
134718;3
134624;3
182092;3
181715;3
181447;3
142467;3
171452;3
142423;3
142424;3
142418;3
180999;3
181000;3
143233;3
178962;3
142394;3
142391;3
142392;3
181217;3
142463;3
142405;3
142438;3
142439;3
142461;3
142404;3
142462;3
142437;3
142460;3
142436;3
142468;3
142469;3
182285;3
181598;3
142409;3
181800;3
181799;3
142434;3
142455;3
142431;3
142453;3
181798;3
142430;3
142382;3
142454;3
184223;3
181649;3
142386;3
142465;3
181886;3
142441;3
134618;3
177086;3
180371;3
134270;3
134211;3
134261;3
134269;3
134209;3
134210;3
142403;3
142458;3
142402;3
142457;3
142456;3
137072;3
137074;3
180427;3
180428;3
183930;3
184027;3
184028;3
184025;3
184026;3
134714;3
134713;3
183021;3
134715;3
181634;3
134716;3
134712;3
134617;3
179095;3
134671;3
134669;3
161532;3
180772;3
134707;3
134706;3
134708;3
155798;3
134297;3
134258;3
137092;3
137076;3
137075;3
181251;3
134362;3
137132;3
134404;3
134403;3
134402;3
134383;3
180179;3
134381;3
140332;3
134572;3
140352;3
180850;3
134565;3
134523;3
158175;3
152294;3
174372;3
134546;3
134589;3
183636;3
183603;3
134602;3
134524;3
134525;3
181991;3
134526;3
134554;3
153552;3
181992;3
171172;3
134591;3
134378;3
134377;3
134376;3
134390;3
134343;3
184198;3
183754;3
183755;3
134345;3
134347;3
183752;3
134346;3
181412;3
184135;3
170452;3
170472;3
180728;3
134303;3
134302;3
183106;3
134396;3
180729;3
183805;3
183804;3
183756;3
180726;3
134388;3
134387;3
183806;3
134274;3
134281;3
134282;3
134277;3
168952;3
134276;3
179043;3
183753;3
135632;3
181946;3
134374;3
183839;3
134366;3
134367;3
134368;3
134330;3
134358;3
134357;3
180727;3
134322;3
134324;3
134328;3
134323;3
180731;3
135732;3
134320;3
183022;3
134406;3
134405;3
134365;3
134373;3
136534;3
134401;3
180733;3
134369;3
134359;3
134317;3
134392;3
134394;3
137154;3
134306;3
134307;3
134327;3
137134;3
183023;3
134408;3
145032;3
134350;3
134313;3
181330;3
181632;3
181633;3
134348;3
137133;3
134318;3
134393;3
134316;3
134315;3
181706;3
181705;3
181252;3
134353;3
176841;3
134332;3
134337;3
134338;3
181989;3
177277;3
134334;3
134336;3
134305;3
134445;3
134413;3
134437;3
134411;3
179864;3
181990;3
134494;3
134409;3
134410;3
134423;3
183919;3
134424;3
134457;3
134489;3
134500;3
134395;3
134504;3
134463;3
134464;3
134503;3
184117;3
179242;3
134491;3
179041;3
134495;3
143652;3
175751;3
183656;3
134414;3
141092;3
181795;3
141112;3
134501;3
151872;3
178997;3
178996;3
179239;3
180299;3
178995;3
178944;3
178945;3
178946;3
178994;3
155022;3
165032;3
181234;3
134449;3
176364;3
180275;3
134450;3
176352;3
134441;3
144312;3
180440;3
134452;3
134415;3
134479;3
134477;3
177040;3
134567;3
134559;3
174573;3
134517;3
183465;3
183467;3
134571;3
134520;3
134521;3
134540;3
134611;3
134612;3
180211;3
180201;3
174392;3
134416;3
134482;3
134492;3
134497;3
134433;3
134421;3
134422;3
134428;3
134434;3
134419;3
184257;3
134511;3
134418;3
134488;3
180674;3
134561;3
134484;3
134507;3
134508;3
134509;3
169774;3
134547;3
176903;3
182969;3
179594;3
134514;3
173292;3
184162;3
134539;3
134536;3
134537;3
181328;3
134583;3
134512;3
134513;3
177469;3
134432;3
134558;3
137612;3
155312;3
135832;3
137492;3
155024;3
134585;3
134545;3
180214;3
125914;3
137193;3
125999;3
125982;3
181600;3
134551;3
177395;3
177322;3
125922;3
181603;3
183957;3
126010;3
125924;3
125972;3
125920;3
183958;3
126008;3
126007;3
164012;3
164033;3
159312;3
125991;3
153193;3
125916;3
183897;3
125923;3
124785;3
124786;3
181488;3
138439;3
100446;2
123094;2
100499;2
180375;2
100500;2
100501;2
175768;2
100507;2
100488;2
100482;2
100466;2
100467;2
100438;2
100468;2
100439;2
100455;2
120112;2
100457;2
100458;2
100459;2
100435;2
100460;2
100461;2
100483;2
100444;2
100484;2
158412;2
134594;2
134534;2
142331;2
142330;2
142332;2
142310;2
142334;2
142311;2
142367;2
134506;2
134473;2
134480;2
134429;2
134453;2
134455;2
142347;2
142302;2
142312;2
142349;2
134555;2
175456;2
134556;2
134952;2
152512;2
183468;2
134529;2
171115;2
134530;2
134603;2
134578;2
134579;2
142377;2
142378;2
142342;2
142380;2
142344;2
142369;2
142326;2
142327;2
149912;2
154932;2
142329;2
181772;2
142346;2
142354;2
142296;2
142348;2
134152;2
175730;2
176240;2
176570;2
181900;2
142343;2
142345;2
142381;2
142368;2
182082;2
181797;2
134597;2
134596;2
134533;2
142376;2
142375;2
181851;2
155333;2
134111;2
134190;2
134141;2
176571;2
150877;2
140633;2
140772;2
182137;2
182136;2
134117;2
181904;2
134192;2
136779;2
134153;2
141656;2
179340;2
141676;2
141658;2
141657;2
141720;2
141719;2
141718;2
183970;2
141712;2
141674;2
141673;2
141672;2
149632;2
141653;2
141652;2
179931;2
176319;2
141727;2
180355;2
141725;2
166792;2
141724;2
180367;2
141701;2
141728;2
181771;2
141708;2
141675;2
141654;2
141697;2
141714;2
181363;2
141678;2
146032;2
141698;2
141730;2
141735;2
181597;2
141732;2
146012;2
180823;2
141699;2
174492;2
141659;2
141696;2
141695;2
141660;2
141739;2
181695;2
181696;2
182120;2
182121;2
141690;2
141692;2
141691;2
184252;2
181414;2
155772;2
134649;2
141707;2
141705;2
141681;2
145972;2
183618;2
180348;2
181717;2
141661;2
141663;2
141748;2
141662;2
181654;2
141664;2
141671;2
181382;2
184181;2
168492;2
180604;2
141738;2
141740;2
141896;2
141855;2
141890;2
141877;2
141879;2
141899;2
183213;2
180929;2
133952;2
133969;2
133971;2
133972;2
141694;2
182024;2
141745;2
141747;2
141901;2
141903;2
141946;2
141950;2
181998;2
181999;2
141904;2
141949;2
141944;2
181456;2
141892;2
141943;2
141894;2
184222;2
141895;2
141891;2
141906;2
141873;2
141880;2
141954;2
176410;2
176411;2
180000;2
176413;2
176414;2
141900;2
183553;2
141897;2
141878;2
183441;2
141857;2
141921;2
176421;2
176422;2
176423;2
176424;2
176425;2
176394;2
176395;2
176396;2
176397;2
176398;2
141930;2
141931;2
141927;2
141928;2
141907;2
141858;2
176406;2
176407;2
176408;2
176440;2
176409;2
181290;2
181893;2
176379;2
176380;2
181607;2
176415;2
176416;2
176417;2
176418;2
176419;2
176420;2
176389;2
179338;2
180364;2
176392;2
176393;2
171473;2
181515;2
181506;2
181521;2
139290;2
176399;2
176400;2
176401;2
181516;2
176404;2
176405;2
139222;2
155517;2
181458;2
182226;2
139289;2
139213;2
181537;2
139255;2
139270;2
139271;2
176383;2
176384;2
176385;2
176386;2
176387;2
176388;2
163552;2
139211;2
182989;2
139212;2
171472;2
144172;2
181536;2
139265;2
139269;2
139268;2
183047;2
181793;2
139207;2
181839;2
139273;2
181840;2
139217;2
139261;2
181513;2
181524;2
181526;2
139242;2
139243;2
139199;2
139200;2
181838;2
139253;2
139283;2
139232;2
139234;2
139254;2
181457;2
139225;2
139267;2
182936;2
155492;2
139281;2
139280;2
139237;2
139238;2
140672;2
138446;2
184136;2
144153;2
139249;2
139250;2
139282;2
181507;2
181525;2
139202;2
139201;2
181518;2
180801;2
181539;2
183706;2
139149;2
183503;2
139241;2
178724;2
180345;2
180882;2
139209;2
182290;2
181210;2
139278;2
181287;2
180302;2
139170;2
184062;2
184061;2
178961;2
142307;2
142352;2
139264;2
139198;2
181835;2
139239;2
139224;2
181519;2
179105;2
139167;2
139118;2
180234;2
139168;2
139164;2
139165;2
182857;2
182858;2
183567;2
182859;2
181511;2
181523;2
181512;2
178985;2
181509;2
181508;2
139129;2
139138;2
148975;2
139094;2
139135;2
181289;2
181288;2
181176;2
180739;2
180435;2
181662;2
181663;2
181664;2
184109;2
180636;2
180637;2
141908;2
141862;2
141909;2
141910;2
141933;2
141934;2
141935;2
141881;2
141922;2
141951;2
178507;2
176652;2
139119;2
139163;2
181538;2
139096;2
141874;2
141889;2
141912;2
141918;2
176990;2
176991;2
176992;2
176994;2
176995;2
141917;2
146573;2
141952;2
141859;2
156552;2
141860;2
141861;2
143112;2
138634;2
138633;2
143113;2
138632;2
138676;2
181791;2
181673;2
138658;2
184041;2
138678;2
141863;2
141864;2
141875;2
141911;2
141865;2
175337;2
181415;2
183815;2
183816;2
183817;2
138684;2
138665;2
183538;2
138664;2
169932;2
138662;2
183546;2
138681;2
138657;2
138677;2
138656;2
142047;2
180038;2
138616;2
181416;2
183545;2
138666;2
183190;2
151752;2
151772;2
138655;2
138637;2
138640;2
179862;2
183494;2
183493;2
182036;2
138680;2
138672;2
182124;2
141925;2
141926;2
142041;2
142042;2
142043;2
142044;2
141963;2
141964;2
141965;2
142045;2
142046;2
141968;2
141967;2
178393;2
142048;2
180373;2
178687;2
180885;2
141970;2
141971;2
141972;2
142053;2
142028;2
142054;2
142055;2
138621;2
138643;2
138671;2
138673;2
138670;2
138642;2
138628;2
183192;2
181462;2
181463;2
138697;2
183194;2
183193;2
183197;2
138699;2
184040;2
138703;2
138705;2
138704;2
178392;2
138710;2
138711;2
138708;2
138709;2
176202;2
138706;2
138707;2
181986;2
182007;2
154352;2
138650;2
183575;2
138649;2
138647;2
138714;2
183191;2
138715;2
138674;2
138651;2
140432;2
138781;2
138675;2
138717;2
161872;2
138653;2
183195;2
138654;2
138549;2
138544;2
142912;2
182845;2
138702;2
182846;2
182847;2
183462;2
138578;2
182066;2
138579;2
138582;2
138581;2
138547;2
138548;2
182057;2
138584;2
182055;2
138583;2
184200;2
183085;2
182039;2
182045;2
183940;2
138611;2
183576;2
183577;2
183578;2
183579;2
183580;2
138557;2
138555;2
138559;2
138558;2
138561;2
138560;2
138543;2
138573;2
182069;2
138587;2
138574;2
142483;2
142552;2
142551;2
138575;2
138576;2
182068;2
182064;2
138535;2
182067;2
138512;2
138514;2
138596;2
142511;2
142513;2
142514;2
142554;2
142555;2
181320;2
181299;2
181298;2
182149;2
182071;2
182063;2
182059;2
182058;2
138562;2
138570;2
138571;2
142489;2
146112;2
181651;2
142521;2
180151;2
142550;2
142549;2
142485;2
142546;2
142558;2
142548;2
146072;2
142547;2
181220;2
142517;2
146092;2
142567;2
142491;2
142508;2
142506;2
142507;2
142505;2
142527;2
142556;2
142557;2
142560;2
142486;2
142536;2
142537;2
142538;2
142539;2
142487;2
142541;2
142533;2
146193;2
180153;2
142582;2
142540;2
142542;2
180152;2
142523;2
146132;2
142515;2
142516;2
142519;2
142563;2
146152;2
142566;2
142494;2
142573;2
142572;2
142499;2
142502;2
142545;2
142497;2
142576;2
142504;2
142509;2
142492;2
146173;2
184239;2
142569;2
142493;2
142529;2
142498;2
142578;2
181078;2
142531;2
154993;2
154994;2
154995;2
142579;2
142580;2
142581;2
179121;2
142625;2
142583;2
142584;2
142571;2
142570;2
141348;2
139712;2
141279;2
141281;2
141280;2
141296;2
141303;2
141302;2
142626;2
175764;2
142621;2
146212;2
142544;2
142577;2
142574;2
142496;2
138895;2
180504;2
141307;2
184202;2
180487;2
141300;2
180486;2
180511;2
180512;2
180514;2
180513;2
180489;2
180374;2
141312;2
184203;2
141311;2
156092;2
180505;2
180490;2
141284;2
175106;2
179311;2
141262;2
141340;2
141316;2
141321;2
141322;2
141314;2
141313;2
143674;2
138822;2
138818;2
176233;2
138841;2
139732;2
141581;2
141558;2
183361;2
141594;2
138843;2
181323;2
183196;2
138891;2
138892;2
138858;2
177278;2
138821;2
138819;2
116692;2
116693;2
116747;2
116727;2
157372;2
181331;2
181332;2
116677;2
116729;2
180249;2
116679;2
116748;2
138825;2
138897;2
138826;2
138853;2
176376;2
176375;2
183869;2
183868;2
116707;2
180434;2
184214;2
116704;2
116736;2
116737;2
131492;2
179816;2
105232;2
105195;2
166652;2
105231;2
105230;2
182225;2
180867;2
183513;2
183514;2
118033;2
163372;2
160532;2
118036;2
118037;2
118106;2
176373;2
176371;2
176372;2
182856;2
105212;2
162872;2
118035;2
118034;2
118093;2
118092;2
152232;2
181144;2
118060;2
105244;2
105245;2
163272;2
105197;2
180599;2
180174;2
182223;2
182224;2
118110;2
118082;2
118083;2
118112;2
118111;2
118068;2
118114;2
118115;2
183525;2
183899;2
118045;2
118046;2
118038;2
118079;2
183456;2
118090;2
181183;2
118069;2
140154;2
118087;2
180173;2
118116;2
118075;2
107333;2
118040;2
118080;2
118081;2
118061;2
118041;2
118062;2
177372;2
118109;2
118117;2
118055;2
118073;2
122492;2
118054;2
180886;2
180887;2
107330;2
118084;2
118043;2
118085;2
118047;2
118048;2
118051;2
179801;2
118095;2
118104;2
118103;2
179151;2
179150;2
118067;2
178059;2
181444;2
182935;2
118096;2
118097;2
118099;2
118098;2
118105;2
180406;2
118052;2
118100;2
117173;2
117153;2
177260;2
183081;2
117152;2
117210;2
183304;2
183202;2
183321;2
129080;2
118076;2
118044;2
118118;2
118101;2
118074;2
118102;2
180164;2
129198;2
129247;2
129248;2
129245;2
129246;2
129201;2
129249;2
129250;2
129199;2
129221;2
129220;2
129235;2
107323;2
117180;2
117174;2
107149;2
107134;2
129203;2
129204;2
129228;2
129205;2
182955;2
129206;2
129207;2
129210;2
129215;2
129217;2
129252;2
180485;2
184207;2
184208;2
107158;2
107176;2
107177;2
107178;2
107179;2
107154;2
107155;2
107156;2
111872;2
107153;2
107151;2
107118;2
107122;2
107152;2
107147;2
107148;2
107181;2
107171;2
107172;2
107170;2
180714;2
182017;2
160912;2
107161;2
160892;2
160872;2
107146;2
107123;2
107145;2
181427;2
181774;2
107159;2
129256;2
135572;2
129405;2
129369;2
129379;2
129377;2
129378;2
180231;2
180430;2
129422;2
129428;2
129439;2
174572;2
174592;2
129427;2
183176;2
129435;2
181627;2
129406;2
129386;2
129414;2
129415;2
129388;2
129447;2
129410;2
129434;2
182158;2
107127;2
107194;2
107193;2
107126;2
181954;2
129467;2
129409;2
129411;2
129407;2
129408;2
129389;2
129432;2
129391;2
181548;2
181549;2
129416;2
129454;2
129451;2
129452;2
129456;2
143192;2
129469;2
129443;2
129424;2
129376;2
129419;2
129421;2
129417;2
129453;2
129459;2
129395;2
180252;2
129464;2
129465;2
129399;2
129400;2
129401;2
129394;2
152114;2
129423;2
117208;2
129468;2
129402;2
129466;2
180667;2
129444;2
129372;2
129449;2
181550;2
183166;2
182084;2
182085;2
129392;2
117171;2
117202;2
117178;2
117179;2
117163;2
162412;2
129663;2
129610;2
129639;2
129605;2
129587;2
129603;2
129583;2
177290;2
129461;2
129463;2
106920;2
106921;2
179280;2
106925;2
179294;2
106926;2
183423;2
107001;2
166595;2
106929;2
179281;2
107000;2
176469;2
176283;2
117912;2
152252;2
107885;2
107862;2
180868;2
178290;2
106942;2
179129;2
106945;2
181581;2
106924;2
106912;2
106923;2
107007;2
107008;2
107009;2
184278;2
184277;2
107918;2
107849;2
107952;2
107953;2
107900;2
107897;2
107898;2
107899;2
107848;2
107894;2
107873;2
107843;2
181805;2
107844;2
107884;2
107861;2
129602;2
129604;2
129584;2
129590;2
107911;2
107904;2
107881;2
174092;2
179247;2
107901;2
179212;2
107847;2
181196;2
107896;2
107903;2
107917;2
107906;2
180077;2
107908;2
181804;2
107910;2
129581;2
129582;2
129640;2
179896;2
179897;2
179898;2
179881;2
129611;2
129585;2
129606;2
129641;2
160832;2
105613;2
105537;2
176212;2
105614;2
105615;2
105616;2
105538;2
105529;2
105520;2
128052;2
128032;2
105523;2
184226;2
184225;2
105618;2
180938;2
105602;2
105603;2
105604;2
105605;2
105606;2
105533;2
105607;2
105534;2
183501;2
105609;2
105610;2
105525;2
105612;2
105526;2
183607;2
129644;2
129642;2
129643;2
180936;2
105546;2
105547;2
177237;2
105541;2
105549;2
105542;2
105543;2
105524;2
117612;2
117613;2
182976;2
180937;2
179839;2
179840;2
179841;2
179842;2
159552;2
129589;2
129664;2
179199;2
129665;2
129638;2
129612;2
129646;2
182131;2
182132;2
129613;2
129614;2
179828;2
179830;2
181847;2
179831;2
129591;2
129619;2
129627;2
129629;2
129626;2
129608;2
129593;2
129622;2
179835;2
179836;2
182963;2
179838;2
129594;2
129666;2
129668;2
129623;2
129625;2
129618;2
129621;2
136352;2
179844;2
179845;2
179820;2
179821;2
179822;2
179823;2
179825;2
179827;2
129651;2
129652;2
182133;2
129650;2
129647;2
129601;2
129600;2
129598;2
131792;2
179833;2
179834;2
129624;2
129592;2
129628;2
129630;2
129631;2
179714;2
179715;2
129597;2
135992;2
129648;2
179516;2
129674;2
129609;2
183933;2
129596;2
176113;2
129654;2
129671;2
175938;2
179818;2
173033;2
184118;2
176246;2
176245;2
184119;2
179021;2
176243;2
107671;2
107748;2
184003;2
184002;2
179644;2
179709;2
179710;2
179711;2
179712;2
179713;2
107684;2
107627;2
181529;2
107681;2
107682;2
179183;2
180107;2
107676;2
181285;2
168352;2
107689;2
183625;2
183624;2
179187;2
107683;2
107680;2
120174;2
165812;2
107636;2
107678;2
180104;2
181530;2
107697;2
179022;2
107698;2
180105;2
107616;2
180106;2
109872;2
107690;2
180065;2
107628;2
105375;2
180093;2
107657;2
179167;2
107623;2
181070;2
107653;2
107654;2
180094;2
107699;2
107700;2
180103;2
107703;2
166992;2
107632;2
107693;2
183384;2
183385;2
105410;2
105336;2
184018;2
105384;2
105388;2
105332;2
168192;2
183500;2
176377;2
105347;2
176129;2
180875;2
180269;2
180007;2
163212;2
183554;2
183555;2
105933;2
105932;2
105341;2
184123;2
175882;2
105340;2
120992;2
120972;2
105391;2
105390;2
105337;2
105338;2
105389;2
179641;2
179642;2
182321;2
179231;2
105272;2
175390;2
105274;2
177462;2
117332;2
105401;2
180135;2
158652;2
179219;2
179220;2
179221;2
162055;2
105269;2
105270;2
105271;2
118612;2
179716;2
179717;2
179718;2
179719;2
181346;2
182272;2
181625;2
182850;2
182320;2
182309;2
182310;2
179640;2
129679;2
181964;2
177393;2
182312;2
179643;2
182313;2
181674;2
179701;2
179702;2
179703;2
179704;2
105279;2
105280;2
105266;2
172812;2
105268;2
176999;2
181925;2
181924;2
177000;2
177001;2
179706;2
170172;2
129676;2
129678;2
150994;2
129751;2
136313;2
129770;2
129772;2
129675;2
129768;2
107467;2
133632;2
173812;2
107455;2
107395;2
182201;2
177405;2
177406;2
182975;2
177407;2
177408;2
175824;2
176997;2
180261;2
176998;2
180800;2
177005;2
177008;2
177009;2
177010;2
177011;2
177012;2
177013;2
177014;2
182162;2
182161;2
177017;2
177018;2
177019;2
177404;2
173592;2
107468;2
177023;2
180268;2
177024;2
177025;2
177026;2
177027;2
177028;2
177029;2
177042;2
177043;2
181926;2
181927;2
177045;2
177002;2
177003;2
177004;2
177049;2
177050;2
182204;2
177051;2
177053;2
177054;2
180306;2
183645;2
183644;2
183612;2
177058;2
177059;2
177060;2
177020;2
177021;2
183379;2
180263;2
179127;2
177065;2
180797;2
180796;2
180795;2
183582;2
183581;2
177068;2
180545;2
177071;2
177072;2
177073;2
177046;2
181802;2
178830;2
132019;2
131973;2
131974;2
131993;2
177076;2
177078;2
177079;2
177080;2
177082;2
177030;2
177384;2
177031;2
176681;2
176682;2
177061;2
177062;2
177074;2
184271;2
177077;2
181349;2
181273;2
129681;2
183156;2
183155;2
129745;2
129747;2
129744;2
129717;2
129700;2
129748;2
129702;2
129701;2
176683;2
176684;2
176685;2
176686;2
176687;2
176688;2
176689;2
176690;2
176691;2
176692;2
176693;2
176694;2
176695;2
176696;2
176697;2
176698;2
180277;2
182258;2
184269;2
176702;2
176703;2
176704;2
176705;2
176706;2
176707;2
176708;2
176709;2
176710;2
176711;2
176712;2
177370;2
176713;2
176714;2
176715;2
176716;2
176717;2
176718;2
176719;2
180833;2
176720;2
176729;2
177268;2
176730;2
180652;2
176732;2
176733;2
176734;2
176735;2
176736;2
176737;2
176738;2
176739;2
176740;2
176741;2
176742;2
176743;2
176744;2
176745;2
176746;2
176747;2
176748;2
176749;2
176750;2
177006;2
107479;2
179251;2
179250;2
177416;2
176752;2
176753;2
176754;2
176755;2
176756;2
177289;2
176758;2
176759;2
176760;2
176761;2
176762;2
177481;2
107431;2
169592;2
107491;2
107429;2
177417;2
107486;2
107485;2
107427;2
107426;2
107484;2
107483;2
107482;2
107425;2
177398;2
182202;2
182203;2
107499;2
107498;2
181712;2
107497;2
107496;2
107392;2
107505;2
107494;2
107472;2
107493;2
183276;2
107471;2
107492;2
107434;2
167052;2
182198;2
107487;2
181667;2
107397;2
107439;2
107404;2
109012;2
109013;2
182262;2
182254;2
107437;2
177498;2
107501;2
107500;2
177418;2
107405;2
107440;2
107831;2
107828;2
107829;2
107444;2
107443;2
181957;2
107406;2
107442;2
166252;2
107441;2
107461;2
169752;2
107459;2
107489;2
107488;2
107430;2
154712;2
184291;2
184292;2
107749;2
107837;2
107722;2
163812;2
182002;2
181768;2
181769;2
181767;2
180284;2
180678;2
175097;2
175758;2
107773;2
117157;2
117191;2
153033;2
175481;2
181124;2
181123;2
181778;2
125292;2
125293;2
183270;2
183269;2
107838;2
107839;2
107723;2
107840;2
107841;2
102131;2
102133;2
132012;2
132014;2
132016;2
131972;2
129705;2
129703;2
129704;2
184029;2
177264;2
129750;2
129763;2
177263;2
172972;2
176347;2
102037;2
180551;2
117169;2
102038;2
102054;2
102055;2
102056;2
102057;2
102052;2
102053;2
102137;2
122392;2
102051;2
102136;2
102134;2
102035;2
183960;2
131433;2
131352;2
177148;2
122312;2
102041;2
102069;2
102062;2
179948;2
102042;2
172753;2
102067;2
102068;2
172752;2
180915;2
102036;2
181219;2
183830;2
102085;2
102078;2
102079;2
102080;2
102045;2
160072;2
103273;2
172732;2
172712;2
173932;2
183563;2
183959;2
131454;2
131332;2
175931;2
175932;2
175933;2
105636;2
105659;2
105657;2
105658;2
182264;2
182265;2
105654;2
105635;2
180651;2
105656;2
183871;2
183872;2
181218;2
179459;2
105683;2
177436;2
105673;2
184085;2
184084;2
177430;2
177431;2
177432;2
118592;2
176226;2
105637;2
179180;2
184086;2
184087;2
105663;2
177429;2
105689;2
180117;2
177311;2
105686;2
105685;2
183140;2
105678;2
105679;2
105681;2
105641;2
180161;2
105632;2
181828;2
105631;2
181372;2
105464;2
105420;2
105459;2
105419;2
179298;2
181833;2
181832;2
183502;2
183547;2
118692;2
179927;2
105691;2
173852;2
183008;2
181831;2
105688;2
181938;2
102103;2
102098;2
102096;2
102097;2
179033;2
102095;2
120332;2
102087;2
112893;2
102092;2
102086;2
102081;2
116512;2
102083;2
102084;2
105503;2
166972;2
105496;2
105497;2
180617;2
179266;2
105489;2
105427;2
125452;2
105443;2
105442;2
105453;2
180627;2
179299;2
181939;2
181940;2
181062;2
105506;2
179261;2
183452;2
105500;2
180622;2
181822;2
181821;2
181820;2
181819;2
181818;2
181817;2
181815;2
183827;2
181920;2
125472;2
166873;2
180691;2
184194;2
183694;2
104418;2
102048;2
116052;2
102046;2
102101;2
102100;2
102102;2
105518;2
105438;2
181063;2
181646;2
176535;2
126121;2
152173;2
183997;2
126124;2
126125;2
117185;2
126044;2
126102;2
126101;2
159592;2
181762;2
181763;2
104393;2
152973;2
183391;2
113332;2
126126;2
126127;2
126128;2
126086;2
126085;2
126089;2
126087;2
126088;2
126065;2
182900;2
126045;2
126032;2
176621;2
183943;2
126062;2
183942;2
182907;2
182908;2
182926;2
182925;2
182923;2
182924;2
182921;2
183118;2
182899;2
183071;2
182902;2
176597;2
126070;2
126064;2
126083;2
126084;2
182891;2
182892;2
182893;2
182896;2
182897;2
182898;2
182339;2
182889;2
182337;2
182870;2
182871;2
182901;2
182903;2
182904;2
182905;2
182906;2
182880;2
182879;2
182878;2
182877;2
183070;2
182882;2
182883;2
182867;2
183072;2
182920;2
180816;2
154112;2
182894;2
182895;2
182888;2
182890;2
182915;2
182916;2
182910;2
182911;2
182912;2
182914;2
179209;2
102368;2
102369;2
102277;2
182930;2
182929;2
182928;2
182927;2
182872;2
182873;2
182886;2
182885;2
182884;2
182887;2
182866;2
182881;2
102375;2
102362;2
102378;2
102380;2
102381;2
183649;2
182919;2
182918;2
182917;2
180984;2
102289;2
102290;2
102364;2
102365;2
102366;2
179210;2
102367;2
101518;2
101605;2
101606;2
101607;2
183293;2
102370;2
102316;2
182869;2
182868;2
179591;2
114494;2
184221;2
184150;2
114488;2
179307;2
175891;2
114516;2
183132;2
114517;2
114502;2
114504;2
114505;2
114533;2
114528;2
102288;2
177297;2
101601;2
114501;2
176839;2
177358;2
128592;2
128612;2
114536;2
179236;2
179237;2
179238;2
114522;2
114523;2
114492;2
114530;2
114493;2
117352;2
114531;2
114500;2
157712;2
182959;2
182958;2
102361;2
102360;2
102355;2
102354;2
122072;2
175896;2
102374;2
184153;2
158774;2
101614;2
183995;2
183996;2
126066;2
126067;2
126072;2
126090;2
180251;2
114509;2
114512;2
177259;2
114525;2
114499;2
114497;2
114496;2
179245;2
114498;2
126059;2
181197;2
165572;2
101557;2
101524;2
101525;2
184152;2
101566;2
101602;2
101603;2
101604;2
101616;2
152474;2
174952;2
101612;2
101621;2
170996;2
124688;2
124690;2
124687;2
176967;2
124691;2
181156;2
124739;2
126091;2
126092;2
126130;2
126131;2
126133;2
183811;2
175923;2
126060;2
124774;2
180331;2
124752;2
124777;2
124678;2
124679;2
124733;2
114276;2
114250;2
181117;2
183562;2
124735;2
124715;2
168693;2
124682;2
124681;2
177478;2
114244;2
121172;2
177479;2
114246;2
114245;2
176778;2
114275;2
114259;2
183451;2
124769;2
181623;2
181659;2
124767;2
124768;2
181624;2
124763;2
183164;2
114240;2
114263;2
114253;2
152953;2
114254;2
114264;2
114251;2
179192;2
177279;2
114232;2
114256;2
114255;2
177476;2
177477;2
124703;2
124723;2
124721;2
124677;2
183146;2
163172;2
163192;2
124707;2
124724;2
124709;2
124710;2
181658;2
181657;2
181622;2
181621;2
124711;2
101563;2
101564;2
101555;2
101581;2
163672;2
182268;2
182269;2
124716;2
124674;2
124759;2
184128;2
124720;2
180410;2
124718;2
124702;2
124722;2
166892;2
177304;2
101537;2
101538;2
101530;2
101567;2
101568;2
101570;2
179031;2
101572;2
101573;2
115232;2
101565;2
101561;2
101514;2
101562;2
181618;2
181617;2
124986;2
124984;2
124983;2
124982;2
101515;2
101516;2
101576;2
101517;2
101575;2
101532;2
163532;2
101534;2
183119;2
101536;2
180333;2
180332;2
182297;2
182298;2
125063;2
125062;2
124996;2
124995;2
124975;2
124976;2
124977;2
124994;2
180835;2
124981;2
124980;2
124978;2
101592;2
101582;2
101583;2
101584;2
101577;2
101578;2
101579;2
126075;2
126034;2
126033;2
126035;2
126036;2
126061;2
126134;2
126038;2
180140;2
126039;2
126037;2
126041;2
126042;2
183454;2
180253;2
126050;2
126051;2
177505;2
126094;2
126108;2
126109;2
179798;2
126096;2
184154;2
101585;2
101656;2
101668;2
124950;2
124883;2
181976;2
154619;2
154632;2
124961;2
124942;2
124892;2
124964;2
158279;2
124893;2
124907;2
124880;2
176305;2
124904;2
124886;2
124887;2
124951;2
124920;2
126098;2
180889;2
101638;2
101639;2
176254;2
101725;2
101648;2
181374;2
181375;2
101723;2
101657;2
124404;2
115703;2
115695;2
115686;2
115704;2
183006;2
183005;2
115720;2
115721;2
175479;2
124955;2
176772;2
176773;2
176774;2
176775;2
124905;2
183551;2
115709;2
181338;2
181259;2
115690;2
115696;2
115710;2
115728;2
115730;2
115729;2
115711;2
115712;2
115731;2
124466;2
181355;2
124465;2
101651;2
101647;2
101676;2
101672;2
144552;2
115717;2
115693;2
115692;2
115734;2
115733;2
115732;2
115713;2
115718;2
115719;2
115702;2
183552;2
115701;2
115691;2
115697;2
115698;2
115716;2
101658;2
101632;2
101646;2
101653;2
153252;2
113572;2
101643;2
101652;2
101649;2
101641;2
101642;2
101660;2
101661;2
101662;2
101645;2
101692;2
121532;2
101697;2
124460;2
124461;2
124463;2
124464;2
124462;2
180657;2
115715;2
115699;2
115694;2
101682;2
180312;2
101680;2
101681;2
101678;2
183060;2
183061;2
101675;2
101664;2
101665;2
101666;2
101667;2
101634;2
155552;2
101663;2
101659;2
166352;2
100299;2
100300;2
100306;2
100578;2
144794;2
181918;2
101696;2
181919;2
101691;2
181373;2
101635;2
101688;2
181376;2
156412;2
181377;2
100303;2
100304;2
100305;2
100515;2
184234;2
183886;2
100504;2
100505;2
100506;2
100508;2
100509;2
143992;2
100295;2
100296;2
100242;2
100243;2
100503;2
100293;2
177296;2
100462;2
100463;2
100464;2
100436;2
100465;2
176349;2
100437;2
100510;2
100288;2
130016;2
100302;2
100290;2
155752;2
115649;2
124189;2
124190;2
124191;2
169692;2
124247;2
175032;2
168498;2
124195;2
124215;2
124194;2
100431;2
184192;2
183039;2
183038;2
100452;2
100451;2
100453;2
100454;2
124281;2
124256;2
124183;2
124182;2
124184;2
124246;2
124283;2
124185;2
124187;2
124214;2
115643;2
115661;2
115644;2
124210;2
124181;2
124180;2
124282;2
183154;2
100511;2
175343;2
175914;2
100512;2
100513;2
183882;2
100433;2
100434;2
100440;2
100471;2
100450;2
124241;2
124240;2
124242;2
124243;2
124245;2
124211;2
165933;2
115663;2
115665;2
115664;2
115645;2
115650;2
184054;2
184288;2
115652;2
124212;2
124126;2
124081;2
124153;2
124152;2
183121;2
124082;2
124155;2
124255;2
124239;2
124276;2
124188;2
124275;2
124278;2
124277;2
183521;2
124280;2
124204;2
124273;2
179024;2
124274;2
124083;2
124085;2
124084;2
184219;2
124131;2
124119;2
124132;2
180362;2
181248;2
182940;2
182266;2
124125;2
124135;2
124114;2
124090;2
176366;2
124091;2
179084;2
124092;2
124178;2
124232;2
124267;2
124268;2
124217;2
124234;2
124270;2
184220;2
124237;2
182215;2
124171;2
124172;2
180258;2
124140;2
124146;2
124141;2
182946;2
182944;2
182941;2
182942;2
182943;2
182945;2
124087;2
124134;2
124133;2
124099;2
159034;2
124149;2
124229;2
124219;2
124220;2
124216;2
124206;2
124095;2
124094;2
124137;2
124138;2
124167;2
176062;2
179744;2
124170;2
124221;2
179498;2
124174;2
124263;2
124223;2
124175;2
179513;2
179512;2
179511;2
124196;2
124173;2
124147;2
124144;2
124101;2
124100;2
124098;2
100486;2
100475;2
140012;2
100476;2
100474;2
183413;2
124200;2
179742;2
124265;2
183180;2
124177;2
124179;2
124271;2
124249;2
124248;2
180257;2
100481;2
180376;2
100491;2
100492;2
100498;2
182931;2
100489;2
124253;2
124176;2
124251;2
124252;2
183608;2
124254;2
100443;2
100472;2
100473;2
134483;2
134454;2
175313;2
159532;2
134475;2
177381;2
134451;2
177485;2
134505;2
150612;2
100496;2
100487;2
100477;2
183989;2
100479;2
100480;2
100619;1
125174;1
100642;1
100647;1
100646;1
100645;1
100616;1
126992;1
183288;1
180127;1
100625;1
100624;1
100623;1
100622;1
100621;1
100699;1
100698;1
100697;1
115684;1
115640;1
124108;1
176208;1
124073;1
124072;1
124103;1
124078;1
124077;1
124124;1
124123;1
124122;1
124121;1
124158;1
124157;1
124076;1
124338;1
124337;1
124289;1
124314;1
124288;1
182267;1
124286;1
115639;1
115674;1
183415;1
183412;1
182240;1
183144;1
175894;1
115672;1
176340;1
124380;1
124379;1
183448;1
184151;1
124375;1
124376;1
180421;1
124330;1
124319;1
176358;1
124344;1
124302;1
183473;1
124341;1
124340;1
124349;1
124292;1
124333;1
124347;1
183438;1
183308;1
183372;1
183371;1
124325;1
124323;1
124317;1
179263;1
176357;1
124304;1
183925;1
124351;1
124382;1
156133;1
183364;1
115681;1
175929;1
115636;1
181245;1
181246;1
115679;1
156152;1
168592;1
124355;1
124383;1
183926;1
183436;1
181291;1
124354;1
124348;1
183416;1
124372;1
183418;1
124298;1
124393;1
179090;1
124360;1
124357;1
124386;1
124385;1
115637;1
115641;1
179198;1
182948;1
115682;1
166732;1
115648;1
115647;1
115787;1
115764;1
115757;1
115768;1
115767;1
115741;1
115743;1
115742;1
181008;1
181007;1
124389;1
124285;1
124309;1
180724;1
115786;1
115780;1
115779;1
115775;1
115763;1
115748;1
175358;1
115774;1
175393;1
115766;1
179019;1
179018;1
184127;1
115655;1
115646;1
156772;1
115783;1
115762;1
180335;1
180334;1
115755;1
115756;1
159972;1
176572;1
115771;1
115754;1
175491;1
174072;1
115739;1
115737;1
179224;1
115761;1
115770;1
115753;1
181361;1
181360;1
184275;1
115794;1
115795;1
115834;1
184255;1
183078;1
115758;1
115759;1
115750;1
115745;1
115785;1
115813;1
115802;1
115810;1
183141;1
183142;1
183145;1
115833;1
150092;1
115808;1
115814;1
115800;1
115801;1
183978;1
124478;1
124459;1
115744;1
181115;1
114449;1
179012;1
115828;1
115827;1
115798;1
115797;1
115835;1
115819;1
115788;1
115789;1
183275;1
115831;1
183181;1
183077;1
115811;1
114479;1
114478;1
114484;1
114485;1
114457;1
114476;1
114441;1
181336;1
181337;1
181335;1
118372;1
114456;1
114452;1
114453;1
180874;1
181114;1
176768;1
176769;1
181179;1
180337;1
124968;1
180073;1
124967;1
124966;1
180072;1
124924;1
180051;1
180050;1
183931;1
183825;1
114445;1
114477;1
124936;1
168112;1
124931;1
168092;1
124969;1
124972;1
124971;1
124970;1
124944;1
124876;1
183657;1
124881;1
124897;1
124895;1
124896;1
177388;1
183027;1
114470;1
114467;1
114468;1
114466;1
114465;1
114463;1
181784;1
172472;1
114458;1
114459;1
124938;1
124934;1
124932;1
181097;1
181098;1
177475;1
114385;1
114339;1
180052;1
180053;1
180054;1
180055;1
180056;1
180057;1
124939;1
124937;1
119192;1
181205;1
114472;1
183037;1
114447;1
125049;1
125050;1
125013;1
177088;1
114460;1
114442;1
114443;1
114455;1
114454;1
114342;1
114344;1
114343;1
114341;1
114353;1
177474;1
114369;1
114356;1
114382;1
114381;1
180663;1
180662;1
180968;1
181087;1
181086;1
181085;1
181089;1
181088;1
125054;1
125053;1
125058;1
125052;1
125051;1
114362;1
114336;1
114373;1
114375;1
114335;1
114334;1
114361;1
114345;1
114360;1
180139;1
180138;1
114384;1
176777;1
114352;1
114367;1
114368;1
180188;1
181619;1
114430;1
182022;1
114398;1
114397;1
114427;1
114428;1
180583;1
176310;1
176312;1
114348;1
180206;1
180207;1
114377;1
114376;1
177497;1
114396;1
114394;1
177496;1
114423;1
114392;1
114420;1
184185;1
177494;1
114370;1
184186;1
114359;1
178938;1
176309;1
179067;1
179066;1
114411;1
114412;1
177386;1
178725;1
114390;1
114408;1
114435;1
114389;1
114434;1
114407;1
114400;1
114426;1
175915;1
114424;1
114401;1
181249;1
177483;1
119492;1
114238;1
177482;1
114269;1
114273;1
114257;1
114235;1
180803;1
114234;1
114267;1
114418;1
114415;1
114416;1
177492;1
114413;1
114298;1
181754;1
114296;1
114316;1
114329;1
114303;1
114266;1
114265;1
176918;1
114272;1
114242;1
183365;1
177490;1
114433;1
114404;1
177487;1
180016;1
172174;1
172173;1
114326;1
181112;1
181928;1
181003;1
114282;1
114283;1
180330;1
114294;1
124740;1
114306;1
176222;1
176221;1
114299;1
124699;1
181694;1
124732;1
124730;1
124695;1
124698;1
176789;1
176788;1
124727;1
124742;1
124743;1
114284;1
114314;1
114315;1
114313;1
114289;1
124778;1
124854;1
124871;1
124779;1
180032;1
182142;1
124842;1
177335;1
177333;1
177331;1
180609;1
124746;1
178935;1
178948;1
182023;1
181693;1
183035;1
183120;1
183034;1
183932;1
181399;1
124808;1
176253;1
179138;1
179137;1
179136;1
124788;1
124789;1
124793;1
176505;1
124856;1
124780;1
124832;1
178966;1
178963;1
178964;1
178965;1
181371;1
181370;1
181640;1
124828;1
184004;1
124875;1
124825;1
124826;1
124824;1
124822;1
124823;1
183801;1
114319;1
181004;1
114305;1
114325;1
180995;1
114328;1
180997;1
181531;1
114327;1
179745;1
183003;1
182999;1
181864;1
181863;1
183004;1
114311;1
114300;1
114309;1
176493;1
114310;1
114308;1
180992;1
114307;1
124801;1
124838;1
124784;1
124836;1
179195;1
181392;1
114321;1
114293;1
176632;1
176631;1
176630;1
176629;1
176628;1
176627;1
182116;1
181280;1
176659;1
181492;1
181490;1
180994;1
180336;1
180993;1
176900;1
114290;1
177219;1
182998;1
177218;1
177778;1
177217;1
177216;1
176658;1
176657;1
176649;1
177413;1
176648;1
176647;1
176646;1
176645;1
176644;1
176633;1
177204;1
177203;1
177202;1
181100;1
181099;1
177244;1
177228;1
177227;1
177226;1
177225;1
177224;1
179040;1
177223;1
177222;1
177221;1
177220;1
176613;1
176612;1
184144;1
184145;1
176609;1
180935;1
183111;1
183640;1
183615;1
183616;1
177210;1
177209;1
180040;1
177208;1
177207;1
177206;1
176605;1
176604;1
183112;1
176603;1
183497;1
176601;1
183115;1
177243;1
177242;1
177240;1
177239;1
180045;1
176617;1
176616;1
176615;1
176614;1
183819;1
176592;1
176591;1
176590;1
176589;1
176588;1
176587;1
180865;1
176608;1
184059;1
184058;1
184270;1
183113;1
183272;1
176607;1
176606;1
180653;1
180615;1
180682;1
176578;1
176581;1
176580;1
183263;1
183266;1
176564;1
176600;1
176599;1
180815;1
176598;1
176596;1
176595;1
176594;1
176560;1
176559;1
176558;1
176557;1
176556;1
176555;1
176554;1
176552;1
177280;1
176586;1
176584;1
176583;1
183499;1
183498;1
176577;1
183264;1
179595;1
166314;1
124515;1
124514;1
124560;1
183703;1
183704;1
124512;1
180799;1
124587;1
176563;1
183267;1
183265;1
176562;1
176561;1
180265;1
181424;1
181425;1
156895;1
178352;1
156913;1
177387;1
101432;1
179252;1
175906;1
101419;1
180409;1
180408;1
180407;1
124569;1
124568;1
124571;1
182143;1
181348;1
181054;1
181059;1
183096;1
183098;1
183097;1
181058;1
181057;1
181056;1
181055;1
105114;1
174313;1
180985;1
101364;1
175489;1
101366;1
180940;1
181109;1
181110;1
181108;1
101372;1
173792;1
181760;1
181761;1
183100;1
183099;1
115332;1
182261;1
101350;1
101378;1
101377;1
101339;1
101427;1
101428;1
101423;1
156533;1
150032;1
101431;1
101434;1
101356;1
101355;1
101416;1
179945;1
101359;1
101358;1
101367;1
101418;1
183798;1
101406;1
150072;1
101409;1
101334;1
179188;1
104852;1
101410;1
101421;1
101420;1
101425;1
181665;1
179336;1
101424;1
181914;1
176080;1
147575;1
101401;1
101400;1
101435;1
183177;1
101333;1
101404;1
176073;1
101402;1
163732;1
175417;1
180845;1
101337;1
101336;1
183268;1
184000;1
181728;1
182080;1
176545;1
177150;1
176544;1
176543;1
176542;1
180347;1
176541;1
176540;1
182260;1
182247;1
101395;1
101394;1
101393;1
101398;1
101390;1
175295;1
101388;1
176673;1
101387;1
101386;1
175099;1
101384;1
179007;1
101332;1
101391;1
101396;1
176550;1
181731;1
181729;1
181730;1
180616;1
176536;1
180266;1
176534;1
180817;1
176533;1
183128;1
176531;1
176530;1
176529;1
183129;1
176528;1
180267;1
176527;1
176526;1
183831;1
175418;1
181826;1
180069;1
177281;1
105509;1
105508;1
181827;1
105505;1
105430;1
156392;1
182130;1
105429;1
176199;1
105507;1
179258;1
179471;1
181066;1
180311;1
181823;1
182020;1
182021;1
181934;1
181933;1
181937;1
105433;1
177282;1
125132;1
173772;1
179268;1
179267;1
181825;1
181824;1
179606;1
180291;1
176940;1
176939;1
176938;1
176937;1
176936;1
176935;1
176934;1
176933;1
176932;1
176931;1
176930;1
176929;1
176928;1
105462;1
176926;1
183791;1
176925;1
176924;1
183653;1
183650;1
183652;1
183651;1
181876;1
181942;1
105450;1
105451;1
105417;1
105416;1
105413;1
179605;1
181432;1
176913;1
176912;1
176911;1
176910;1
180449;1
183708;1
180448;1
177201;1
181295;1
180414;1
181877;1
181386;1
179177;1
181387;1
176927;1
177194;1
177192;1
177191;1
177190;1
177189;1
177188;1
177187;1
177186;1
177185;1
181874;1
181875;1
180630;1
180629;1
180628;1
176915;1
180793;1
177177;1
177176;1
177175;1
177174;1
177173;1
177172;1
177171;1
177170;1
177169;1
177200;1
177199;1
177198;1
177197;1
177196;1
177195;1
177193;1
177162;1
177161;1
177160;1
177159;1
177158;1
181766;1
177157;1
177135;1
177134;1
177184;1
177183;1
177182;1
177181;1
177180;1
177179;1
177178;1
177127;1
177126;1
177125;1
177124;1
177123;1
177122;1
177121;1
177120;1
177119;1
177168;1
177167;1
181765;1
177166;1
177165;1
177164;1
177163;1
177111;1
177110;1
177109;1
177108;1
177107;1
177106;1
177105;1
177104;1
177103;1
183495;1
177132;1
177131;1
177130;1
177129;1
177252;1
177128;1
180589;1
180588;1
183944;1
177093;1
177092;1
184313;1
177090;1
176983;1
176982;1
177118;1
177117;1
177116;1
177115;1
177114;1
177113;1
177112;1
176974;1
176973;1
176972;1
176971;1
176970;1
176969;1
176966;1
176968;1
176965;1
181079;1
177101;1
177100;1
177099;1
177098;1
177097;1
177096;1
176957;1
176956;1
176955;1
176954;1
176953;1
176952;1
176951;1
176950;1
176949;1
180837;1
176980;1
176979;1
176978;1
176977;1
176976;1
176975;1
176941;1
176899;1
176898;1
176897;1
176896;1
176895;1
176894;1
176893;1
179506;1
184309;1
176964;1
176963;1
176962;1
176961;1
176960;1
176959;1
107410;1
181803;1
172352;1
180243;1
107454;1
150172;1
107504;1
183907;1
183906;1
176948;1
176947;1
176946;1
176945;1
176944;1
176943;1
176942;1
176884;1
179676;1
176882;1
176881;1
176880;1
176879;1
176878;1
176877;1
176876;1
107473;1
163832;1
107446;1
107447;1
183985;1
183984;1
175736;1
176868;1
176867;1
176866;1
176865;1
176864;1
176863;1
176862;1
176861;1
176860;1
176891;1
176890;1
176889;1
176888;1
176887;1
176886;1
176885;1
176853;1
176852;1
176851;1
176835;1
176834;1
176833;1
176832;1
176831;1
176830;1
176875;1
176874;1
176873;1
176872;1
176871;1
176870;1
176869;1
176820;1
176819;1
176818;1
179002;1
176816;1
176815;1
176814;1
176813;1
176812;1
181656;1
176859;1
176858;1
176857;1
176856;1
180555;1
176854;1
167792;1
138052;1
138054;1
179029;1
177401;1
107419;1
177400;1
177399;1
176130;1
176829;1
176828;1
176826;1
176825;1
182102;1
181736;1
176823;1
176802;1
176801;1
176800;1
176799;1
176798;1
177270;1
107400;1
107415;1
183999;1
107474;1
107463;1
107421;1
107422;1
107416;1
177402;1
107398;1
175820;1
177403;1
176796;1
176795;1
176794;1
176793;1
176811;1
176810;1
180209;1
176808;1
176807;1
180565;1
176806;1
176805;1
176804;1
176803;1
175814;1
175813;1
176843;1
175811;1
175810;1
175809;1
175808;1
175807;1
175806;1
175805;1
181967;1
175827;1
175825;1
175823;1
175822;1
175821;1
175793;1
175792;1
175791;1
175790;1
175789;1
175788;1
175787;1
175786;1
175785;1
175784;1
175783;1
180626;1
175819;1
175818;1
175817;1
175816;1
105402;1
105304;1
105303;1
105302;1
105405;1
183421;1
183422;1
118632;1
105403;1
175312;1
105249;1
181968;1
183889;1
175804;1
175795;1
175794;1
175781;1
175780;1
175779;1
181961;1
175778;1
175777;1
175776;1
175775;1
175774;1
175904;1
175772;1
175771;1
175770;1
175769;1
175884;1
158672;1
175880;1
175879;1
176230;1
175877;1
175876;1
175874;1
184268;1
181282;1
181283;1
181284;1
181922;1
181923;1
181921;1
175867;1
181216;1
175782;1
175866;1
175865;1
176189;1
175864;1
175863;1
179163;1
175862;1
175861;1
175860;1
175859;1
175858;1
175851;1
175850;1
183496;1
175848;1
175881;1
181965;1
181966;1
182865;1
182864;1
183559;1
175838;1
175837;1
175836;1
179723;1
175834;1
175833;1
175832;1
105379;1
105329;1
105378;1
181215;1
105308;1
105325;1
183517;1
105324;1
105368;1
105367;1
181594;1
181593;1
105322;1
182243;1
105372;1
105373;1
175847;1
179675;1
179674;1
179598;1
107641;1
107640;1
181949;1
107649;1
181072;1
181068;1
107642;1
111832;1
179731;1
107650;1
180988;1
180712;1
180711;1
105409;1
109032;1
105348;1
180124;1
180939;1
158572;1
179174;1
107719;1
107713;1
107712;1
107716;1
107715;1
173992;1
180100;1
180099;1
179171;1
107718;1
179170;1
107643;1
176191;1
184139;1
176002;1
182990;1
178771;1
180631;1
182115;1
179046;1
183093;1
182851;1
179190;1
180679;1
165734;1
107709;1
107708;1
179173;1
175987;1
175986;1
178774;1
176446;1
176445;1
181963;1
179178;1
183961;1
107691;1
179724;1
179725;1
175900;1
175857;1
176007;1
176006;1
176005;1
177411;1
177151;1
175974;1
182148;1
183556;1
182147;1
176483;1
175995;1
180049;1
175993;1
175992;1
179078;1
175991;1
175990;1
175989;1
175988;1
180503;1
180502;1
182994;1
175961;1
184160;1
184161;1
181962;1
176516;1
175980;1
175979;1
183095;1
183382;1
183094;1
183334;1
176474;1
176473;1
176118;1
176117;1
176116;1
183335;1
181872;1
176114;1
175971;1
175970;1
177410;1
175969;1
180613;1
175967;1
176353;1
180501;1
175964;1
182993;1
176105;1
176104;1
176103;1
176102;1
176101;1
176100;1
175957;1
175956;1
175955;1
175954;1
175953;1
175952;1
175951;1
175950;1
175949;1
176119;1
183444;1
183443;1
183442;1
176092;1
176091;1
176090;1
176089;1
182256;1
184158;1
184157;1
184156;1
184155;1
176109;1
176108;1
176107;1
176106;1
180322;1
176076;1
176075;1
176074;1
176072;1
176262;1
176070;1
176120;1
176099;1
176098;1
176097;1
181431;1
179738;1
179673;1
179672;1
179671;1
175631;1
175625;1
175623;1
175630;1
180043;1
175628;1
175622;1
176088;1
176087;1
176086;1
176085;1
176084;1
176083;1
176263;1
176081;1
176079;1
175545;1
175561;1
176573;1
175610;1
181970;1
175546;1
180542;1
176448;1
176068;1
176066;1
176065;1
176064;1
176063;1
175614;1
175615;1
181969;1
181935;1
175535;1
181974;1
180033;1
181971;1
175526;1
175524;1
175618;1
175616;1
175611;1
175609;1
175608;1
175533;1
176140;1
175540;1
175543;1
183338;1
175501;1
180187;1
183068;1
175496;1
175495;1
176368;1
183125;1
183336;1
175519;1
179011;1
181972;1
183124;1
183122;1
175528;1
181973;1
176056;1
176055;1
176054;1
176053;1
176052;1
184311;1
184310;1
175518;1
178772;1
175633;1
179023;1
183613;1
180262;1
175514;1
175888;1
183792;1
181652;1
176038;1
176037;1
176036;1
176035;1
175486;1
175485;1
175484;1
175483;1
175454;1
175453;1
176061;1
176060;1
176059;1
176058;1
176057;1
107871;1
107870;1
107895;1
107845;1
175436;1
176051;1
176050;1
176049;1
176048;1
179593;1
180131;1
183915;1
176043;1
176042;1
176041;1
176040;1
107880;1
183982;1
107891;1
183637;1
183800;1
181952;1
183638;1
175433;1
175694;1
180113;1
107852;1
107878;1
107877;1
107876;1
107893;1
107872;1
176020;1
181842;1
181843;1
107856;1
107865;1
107864;1
179124;1
107866;1
175696;1
183139;1
107890;1
107859;1
107867;1
175434;1
107879;1
107858;1
107869;1
107868;1
107883;1
176034;1
176033;1
176032;1
176031;1
182862;1
182861;1
176027;1
180820;1
176026;1
176025;1
176024;1
180118;1
176021;1
176018;1
176017;1
176016;1
176015;1
176014;1
176836;1
176013;1
176012;1
176781;1
176011;1
176290;1
180042;1
183568;1
179153;1
176447;1
180041;1
106983;1
106982;1
180913;1
126774;1
106979;1
179284;1
179283;1
106998;1
106997;1
179282;1
106995;1
106994;1
106992;1
106991;1
107568;1
106931;1
106970;1
106969;1
106967;1
179288;1
106966;1
109172;1
106988;1
180782;1
107573;1
107572;1
107520;1
181327;1
106934;1
106933;1
179286;1
179285;1
106914;1
106919;1
106959;1
106958;1
106978;1
182015;1
106975;1
106977;1
106976;1
179289;1
106916;1
106915;1
106974;1
106973;1
180912;1
106971;1
179290;1
106917;1
118432;1
106938;1
106954;1
106955;1
106950;1
106949;1
106948;1
179292;1
106957;1
106956;1
181272;1
180319;1
147592;1
147612;1
176463;1
176462;1
176461;1
176326;1
180834;1
181307;1
147758;1
147756;1
147755;1
120132;1
106953;1
106936;1
106952;1
106951;1
106935;1
172252;1
176284;1
176282;1
176281;1
176280;1
176279;1
176278;1
147759;1
176470;1
179201;1
176289;1
176288;1
176287;1
176467;1
176466;1
176465;1
176464;1
176268;1
176266;1
176265;1
176458;1
176457;1
179079;1
176456;1
181306;1
176296;1
181708;1
176295;1
176294;1
176472;1
176471;1
180639;1
180659;1
180110;1
176437;1
175663;1
180661;1
175664;1
180044;1
175661;1
176277;1
176276;1
176275;1
176274;1
176273;1
181870;1
176271;1
176270;1
176269;1
175676;1
181384;1
183987;1
182991;1
181894;1
175671;1
183966;1
176454;1
176453;1
183123;1
176439;1
176438;1
175627;1
183945;1
183973;1
183972;1
180625;1
180623;1
183711;1
181303;1
181383;1
183968;1
183802;1
175662;1
175678;1
177032;1
183092;1
182013;1
182012;1
175668;1
178304;1
175674;1
182995;1
182996;1
180539;1
180540;1
180541;1
183654;1
183655;1
175565;1
183969;1
175572;1
175602;1
183127;1
175639;1
183794;1
175672;1
175673;1
175509;1
175506;1
176023;1
175505;1
175451;1
175450;1
175449;1
181650;1
181304;1
181305;1
175604;1
180023;1
175637;1
180620;1
175638;1
177380;1
107183;1
175765;1
184092;1
184091;1
184093;1
107189;1
184089;1
184088;1
175562;1
175558;1
181677;1
182075;1
182145;1
182146;1
175536;1
180048;1
184098;1
184097;1
184094;1
184095;1
107128;1
107196;1
107195;1
108872;1
118892;1
107129;1
107199;1
107198;1
183799;1
107197;1
147632;1
107174;1
175650;1
175649;1
179722;1
179737;1
175643;1
175646;1
180163;1
180162;1
175642;1
175641;1
184315;1
179038;1
180638;1
175550;1
175521;1
184100;1
175573;1
175571;1
175569;1
175568;1
175567;1
175566;1
175564;1
107121;1
107120;1
107141;1
107132;1
107140;1
184103;1
184102;1
184101;1
175651;1
175576;1
175574;1
184060;1
175654;1
181655;1
175655;1
175680;1
175512;1
175510;1
175539;1
175529;1
175557;1
175555;1
175547;1
175544;1
175542;1
176434;1
176432;1
183965;1
183948;1
176429;1
176428;1
176427;1
175559;1
175585;1
175583;1
175640;1
184314;1
175582;1
179262;1
175578;1
175577;1
138782;1
176426;1
179030;1
175498;1
175382;1
180708;1
175380;1
175679;1
181869;1
175659;1
175658;1
183159;1
182035;1
182034;1
176436;1
176435;1
160152;1
181975;1
181417;1
138732;1
181988;1
181987;1
181947;1
181703;1
181725;1
181702;1
181701;1
166552;1
138810;1
183510;1
162614;1
138775;1
179315;1
179531;1
144434;1
144432;1
144414;1
138722;1
138721;1
138736;1
138741;1
141133;1
141132;1
156672;1
181301;1
170372;1
170352;1
138738;1
138798;1
181704;1
181720;1
175373;1
175372;1
175371;1
181107;1
183297;1
183296;1
179602;1
179601;1
179603;1
179604;1
181985;1
181983;1
181984;1
183303;1
138793;1
138788;1
183302;1
138757;1
183300;1
138729;1
177085;1
155293;1
138801;1
138800;1
138764;1
183903;1
181960;1
138795;1
138763;1
138619;1
138784;1
138737;1
138785;1
138789;1
138790;1
138735;1
183200;1
138786;1
179333;1
183301;1
183298;1
138720;1
138719;1
177301;1
180872;1
177377;1
138340;1
138403;1
180418;1
183539;1
184147;1
184047;1
179419;1
138696;1
138695;1
138627;1
183918;1
138693;1
183189;1
183939;1
138618;1
138397;1
138399;1
177376;1
138357;1
138363;1
138407;1
138404;1
138382;1
138406;1
138402;1
183751;1
183479;1
183478;1
182844;1
138342;1
138341;1
138360;1
138392;1
180942;1
138338;1
152392;1
152374;1
181788;1
183980;1
138336;1
183809;1
138395;1
138398;1
138349;1
138350;1
183938;1
138396;1
181073;1
177363;1
177362;1
138351;1
183549;1
183550;1
180594;1
138374;1
138331;1
138328;1
138329;1
138330;1
138359;1
138362;1
138361;1
138347;1
180838;1
138312;1
183810;1
138391;1
138389;1
184159;1
138373;1
138383;1
138384;1
182349;1
138385;1
138386;1
138388;1
138371;1
182287;1
182288;1
178686;1
175377;1
142309;1
177506;1
181075;1
138377;1
138376;1
138324;1
138327;1
184083;1
138326;1
138358;1
138322;1
138317;1
138316;1
165192;1
154953;1
134241;1
184305;1
184307;1
184306;1
184304;1
184048;1
177325;1
177326;1
140792;1
138364;1
138368;1
138365;1
177327;1
177328;1
177329;1
184111;1
181905;1
134202;1
134239;1
182302;1
172112;1
134299;1
176267;1
134300;1
134266;1
134219;1
134298;1
134212;1
134213;1
134214;1
142294;1
176846;1
175105;1
175104;1
142291;1
142361;1
182083;1
142371;1
142306;1
142300;1
142374;1
142341;1
142373;1
142340;1
142338;1
182123;1
180392;1
142286;1
142287;1
142299;1
179058;1
179310;1
142321;1
142320;1
142319;1
142282;1
142283;1
181113;1
142281;1
142317;1
142318;1
176847;1
179060;1
134256;1
134257;1
134291;1
134293;1
134285;1
183440;1
183377;1
183419;1
183376;1
142289;1
142325;1
142322;1
142323;1
142324;1
142360;1
142288;1
156632;1
142285;1
142280;1
142284;1
163012;1
182286;1
183214;1
183488;1
183487;1
183870;1
183485;1
183483;1
183484;1
183482;1
183481;1
173452;1
155819;1
159832;1
179182;1
181636;1
179181;1
176512;1
180276;1
134284;1
134289;1
180298;1
183838;1
183491;1
180593;1
161433;1
183489;1
180592;1
176238;1
180591;1
180590;1
176237;1
176236;1
171772;1
170092;1
134249;1
134250;1
137352;1
134254;1
134215;1
134216;1
134221;1
134268;1
134267;1
134248;1
134224;1
134220;1
134273;1
180491;1
134272;1
134197;1
139612;1
140612;1
134229;1
134227;1
134193;1
134244;1
180343;1
177273;1
179227;1
134015;1
134013;1
144972;1
183748;1
183747;1
183014;1
184308;1
183865;1
180194;1
180391;1
180198;1
134203;1
134262;1
134245;1
134246;1
134247;1
167972;1
134046;1
136892;1
134029;1
134032;1
134031;1
181722;1
181571;1
134035;1
134034;1
134033;1
181615;1
181039;1
181040;1
134049;1
183015;1
134070;1
134021;1
183905;1
134011;1
181724;1
181836;1
181723;1
161472;1
134028;1
183746;1
181721;1
134048;1
161497;1
177274;1
177291;1
177292;1
134078;1
181685;1
134076;1
134063;1
134000;1
181614;1
134001;1
134074;1
134045;1
134044;1
134010;1
136912;1
182038;1
145092;1
145072;1
145053;1
133995;1
133997;1
133996;1
183904;1
134072;1
184250;1
134073;1
134068;1
178984;1
164053;1
134058;1
134042;1
134043;1
181411;1
134041;1
134036;1
181896;1
134006;1
134064;1
134077;1
134092;1
181700;1
181699;1
181686;1
134040;1
182971;1
134014;1
181899;1
175355;1
134065;1
133999;1
133998;1
141751;1
141779;1
141780;1
172792;1
180419;1
134038;1
181898;1
134039;1
134082;1
179074;1
182087;1
136972;1
134083;1
134084;1
181897;1
134007;1
141833;1
141830;1
181326;1
141806;1
170872;1
170852;1
170814;1
170772;1
180380;1
171372;1
171572;1
184189;1
141754;1
141774;1
141775;1
141797;1
141763;1
141840;1
141839;1
141836;1
165312;1
141838;1
141835;1
179613;1
179612;1
141782;1
141783;1
141784;1
141761;1
141760;1
141834;1
141832;1
181895;1
134005;1
134002;1
183024;1
134004;1
183873;1
183874;1
181755;1
180420;1
134664;1
141765;1
141846;1
166172;1
141844;1
141841;1
141842;1
141810;1
141809;1
141785;1
141808;1
141799;1
162132;1
141772;1
141771;1
141847;1
141773;1
141770;1
141769;1
141768;1
141829;1
141767;1
173372;1
141814;1
141801;1
141793;1
141792;1
141776;1
141791;1
141778;1
141777;1
141800;1
182026;1
141790;1
141813;1
141811;1
141788;1
141789;1
175392;1
179534;1
164073;1
141852;1
141822;1
177262;1
141851;1
141819;1
141802;1
141818;1
141803;1
141795;1
141849;1
141794;1
141850;1
141816;1
141848;1
133911;1
133988;1
141824;1
133902;1
133924;1
183912;1
183916;1
183913;1
183929;1
133934;1
133905;1
184163;1
184164;1
133903;1
133967;1
179533;1
180339;1
180340;1
133939;1
179532;1
133907;1
133908;1
181187;1
133909;1
133898;1
133900;1
133899;1
133901;1
133956;1
133910;1
177361;1
177360;1
183917;1
136832;1
176904;1
133986;1
182275;1
182276;1
134832;1
133897;1
133896;1
182277;1
133893;1
182033;1
182032;1
182031;1
133892;1
133922;1
178637;1
178635;1
184312;1
133918;1
133919;1
180673;1
133973;1
181792;1
133954;1
133917;1
133955;1
176984;1
136852;1
183542;1
183928;1
136813;1
183676;1
183675;1
184169;1
184168;1
178609;1
178607;1
178606;1
178605;1
178603;1
178649;1
178646;1
178645;1
178644;1
178641;1
178640;1
178639;1
178582;1
178580;1
178579;1
178578;1
178577;1
178575;1
178544;1
178543;1
178542;1
178633;1
178631;1
178626;1
178619;1
178618;1
178617;1
184010;1
184009;1
178531;1
178530;1
178529;1
178528;1
178527;1
178526;1
178525;1
178524;1
178601;1
178600;1
178591;1
179502;1
178587;1
179069;1
179068;1
178483;1
178482;1
178481;1
178480;1
178941;1
178476;1
178475;1
178472;1
178471;1
178541;1
178540;1
178538;1
178536;1
178535;1
178534;1
178532;1
178455;1
178406;1
178405;1
178396;1
183844;1
178395;1
178394;1
178388;1
178387;1
178523;1
178491;1
178490;1
178489;1
184172;1
184173;1
184174;1
178381;1
178380;1
178379;1
178518;1
178378;1
178377;1
178376;1
178375;1
178374;1
178373;1
178372;1
178470;1
178469;1
178468;1
178467;1
178456;1
178366;1
178365;1
178341;1
178340;1
178339;1
178338;1
178335;1
183789;1
178516;1
178949;1
179796;1
178386;1
178385;1
178384;1
178383;1
178382;1
178327;1
182181;1
182180;1
178322;1
178321;1
178319;1
178318;1
178317;1
178316;1
178315;1
178314;1
178371;1
178370;1
178369;1
178368;1
178367;1
178310;1
178309;1
179082;1
179081;1
178306;1
178305;1
178301;1
178511;1
178299;1
178298;1
178297;1
178332;1
178331;1
178330;1
178329;1
178328;1
178174;1
178173;1
178172;1
178171;1
183066;1
178496;1
178169;1
178168;1
178167;1
178166;1
178651;1
183846;1
183847;1
178313;1
178312;1
179010;1
178643;1
178642;1
178638;1
178634;1
178632;1
178630;1
178629;1
178628;1
178627;1
178625;1
178624;1
178296;1
178292;1
178291;1
178253;1
178252;1
178602;1
182187;1
182188;1
180378;1
178594;1
178590;1
178588;1
178586;1
178585;1
178581;1
181732;1
183671;1
183672;1
178650;1
178647;1
183848;1
178522;1
178521;1
178520;1
178519;1
178517;1
178515;1
179797;1
178514;1
179560;1
178513;1
183466;1
178615;1
178614;1
178611;1
178608;1
178604;1
184082;1
178508;1
178505;1
178504;1
178503;1
178502;1
178501;1
179559;1
179558;1
178499;1
178497;1
178495;1
178493;1
181945;1
181733;1
178533;1
183345;1
183344;1
142663;1
142631;1
142630;1
146372;1
146412;1
142613;1
142608;1
142603;1
142606;1
142604;1
142601;1
184079;1
184080;1
184081;1
181716;1
142666;1
142665;1
142620;1
176902;1
142636;1
142641;1
142640;1
142639;1
184055;1
142617;1
142633;1
142632;1
183971;1
142635;1
142634;1
180013;1
184238;1
184237;1
142163;1
142114;1
142685;1
181317;1
142675;1
183511;1
182985;1
142672;1
142682;1
146432;1
184182;1
180715;1
142642;1
178863;1
178486;1
182218;1
182219;1
180525;1
180526;1
180527;1
178462;1
178461;1
178865;1
178864;1
180523;1
180524;1
184064;1
183662;1
180014;1
142142;1
142141;1
142126;1
142100;1
142099;1
182207;1
182206;1
142097;1
142096;1
142150;1
142134;1
142139;1
142095;1
142121;1
142132;1
178492;1
180783;1
184247;1
184274;1
184273;1
142073;1
142071;1
184217;1
142146;1
142170;1
142069;1
142068;1
179811;1
142067;1
179809;1
179812;1
179808;1
178452;1
178451;1
178450;1
177932;1
177931;1
177939;1
177941;1
177942;1
179380;1
177935;1
177934;1
177933;1
180608;1
179146;1
179145;1
147032;1
183599;1
141495;1
181195;1
181194;1
141463;1
141496;1
176494;1
141466;1
141519;1
141464;1
141459;1
141462;1
141494;1
141493;1
141517;1
178453;1
141526;1
184188;1
141524;1
141471;1
141470;1
141469;1
141491;1
141467;1
141490;1
141489;1
141488;1
141468;1
141523;1
141465;1
141522;1
141521;1
141530;1
141531;1
141528;1
141529;1
141474;1
141492;1
183153;1
141473;1
141501;1
141500;1
175466;1
175465;1
175464;1
175463;1
141472;1
141527;1
175357;1
141508;1
141535;1
141506;1
141534;1
141504;1
141505;1
141502;1
141476;1
141515;1
141475;1
141514;1
141513;1
141503;1
141533;1
141532;1
141512;1
141509;1
176136;1
141450;1
141453;1
141454;1
141452;1
141539;1
141485;1
141481;1
141478;1
141479;1
141480;1
141538;1
141477;1
141507;1
141552;1
141547;1
141546;1
141486;1
141457;1
141458;1
181759;1
141543;1
141544;1
141541;1
141545;1
147052;1
141482;1
171412;1
141484;1
141511;1
141416;1
141414;1
180911;1
141410;1
141409;1
141408;1
141407;1
141412;1
141405;1
141406;1
141401;1
141400;1
141415;1
141363;1
141362;1
141399;1
178402;1
178401;1
141374;1
141372;1
141370;1
180510;1
180509;1
141369;1
141368;1
141366;1
141421;1
181308;1
141351;1
141350;1
141349;1
179739;1
141426;1
141381;1
141379;1
141423;1
164332;1
141375;1
178442;1
178441;1
178428;1
178427;1
183661;1
178425;1
178423;1
178422;1
179793;1
178403;1
178400;1
178398;1
178397;1
178391;1
178390;1
178389;1
178363;1
178723;1
180982;1
180981;1
183714;1
183715;1
183716;1
183974;1
180522;1
178347;1
178345;1
178344;1
178343;1
178342;1
178333;1
178326;1
178325;1
178320;1
178303;1
178705;1
178070;1
178053;1
177565;1
177564;1
179164;1
183896;1
183895;1
183894;1
177549;1
178194;1
178193;1
178192;1
183535;1
178191;1
179080;1
178189;1
178188;1
178269;1
178268;1
178267;1
178266;1
178265;1
178264;1
178263;1
178257;1
178256;1
178255;1
178254;1
178251;1
178250;1
178249;1
178248;1
178247;1
178246;1
178245;1
183396;1
178243;1
178242;1
178241;1
178240;1
178239;1
183528;1
183527;1
178238;1
178237;1
178221;1
178220;1
178217;1
179480;1
183530;1
183529;1
183076;1
183075;1
178209;1
178207;1
178206;1
179571;1
178205;1
178204;1
178196;1
178195;1
178187;1
178186;1
183258;1
178185;1
178184;1
178183;1
178494;1
178181;1
178180;1
141160;1
183569;1
183411;1
183410;1
141155;1
141192;1
141191;1
141245;1
141244;1
183901;1
183900;1
183339;1
141152;1
180119;1
179325;1
141190;1
180656;1
178165;1
178163;1
178160;1
178159;1
178158;1
179481;1
179482;1
178157;1
178156;1
183720;1
183851;1
141223;1
141220;1
141158;1
141204;1
153132;1
141243;1
141194;1
141176;1
141193;1
141174;1
141249;1
141178;1
141248;1
141196;1
141195;1
141222;1
178179;1
178178;1
178177;1
178175;1
141164;1
141206;1
141225;1
179624;1
141162;1
141209;1
141238;1
141251;1
141237;1
141236;1
141197;1
141198;1
141233;1
141199;1
141179;1
141180;1
141168;1
141165;1
141247;1
141170;1
141246;1
141169;1
141208;1
183069;1
141207;1
141167;1
141228;1
183902;1
141166;1
141226;1
141227;1
183362;1
183719;1
178148;1
178147;1
183717;1
183718;1
183722;1
183670;1
183669;1
183837;1
183516;1
183515;1
183724;1
183725;1
146552;1
141173;1
141171;1
178134;1
178133;1
178132;1
181369;1
178131;1
178130;1
178127;1
178126;1
181084;1
178122;1
178121;1
178120;1
182179;1
178154;1
178153;1
178152;1
180655;1
180654;1
178115;1
178114;1
180346;1
179491;1
178113;1
179572;1
178112;1
178111;1
178110;1
178108;1
178107;1
178145;1
184170;1
178135;1
178103;1
178102;1
179493;1
178100;1
179496;1
178099;1
178098;1
183723;1
178093;1
178092;1
178091;1
184171;1
179003;1
182178;1
178117;1
178116;1
178087;1
178086;1
179497;1
178085;1
178084;1
184066;1
184067;1
178082;1
178081;1
178080;1
178079;1
178078;1
178051;1
178106;1
178105;1
178104;1
179382;1
178044;1
178043;1
178039;1
178038;1
178035;1
178034;1
178032;1
178031;1
178030;1
179381;1
178028;1
178023;1
179574;1
178089;1
178088;1
180776;1
180133;1
183165;1
118030;1
183173;1
183174;1
183566;1
182934;1
181776;1
181775;1
118032;1
177504;1
183167;1
178050;1
180520;1
180521;1
117984;1
179226;1
180773;1
183080;1
117989;1
183065;1
180774;1
180775;1
117935;1
117936;1
183446;1
117968;1
117988;1
183079;1
117966;1
117980;1
183161;1
183160;1
183534;1
181140;1
181141;1
178009;1
178008;1
182186;1
178004;1
178003;1
177998;1
183400;1
177996;1
117985;1
118014;1
117983;1
179378;1
177980;1
177979;1
177977;1
177975;1
177972;1
182140;1
177970;1
177968;1
177965;1
177963;1
183845;1
177962;1
178020;1
178018;1
183162;1
177954;1
177953;1
177950;1
177947;1
177945;1
177944;1
177930;1
177929;1
177928;1
177927;1
177926;1
177925;1
177924;1
177990;1
177988;1
177985;1
182192;1
183673;1
182185;1
182184;1
177914;1
177913;1
177912;1
177911;1
177910;1
177909;1
177908;1
177876;1
177875;1
177959;1
177958;1
177957;1
182172;1
177870;1
177869;1
177868;1
177867;1
179376;1
177865;1
177864;1
182183;1
177862;1
177861;1
175883;1
177860;1
177923;1
179377;1
177921;1
177857;1
177856;1
177855;1
177854;1
177853;1
177852;1
177851;1
182221;1
182220;1
177833;1
181139;1
181138;1
177832;1
177874;1
177873;1
177872;1
177827;1
177826;1
177825;1
177824;1
177823;1
177822;1
177821;1
177820;1
177819;1
177818;1
177817;1
177816;1
177810;1
183392;1
183531;1
177858;1
177788;1
177787;1
177786;1
180181;1
177785;1
177784;1
180002;1
177783;1
177782;1
177781;1
177780;1
177779;1
183778;1
177831;1
181137;1
177828;1
177712;1
177711;1
177710;1
177709;1
177708;1
177687;1
178932;1
179478;1
178930;1
179477;1
178928;1
183767;1
178927;1
177809;1
177790;1
177789;1
181892;1
178916;1
184077;1
184078;1
179794;1
178912;1
178908;1
183842;1
183843;1
183765;1
183787;1
178907;1
179470;1
179374;1
179373;1
177715;1
180528;1
179467;1
183537;1
183536;1
179466;1
183786;1
179465;1
178896;1
178898;1
178895;1
179464;1
178893;1
184302;1
179476;1
178923;1
178918;1
179460;1
179458;1
178885;1
178884;1
178883;1
181606;1
178881;1
179457;1
178878;1
179456;1
179486;1
184303;1
183397;1
179468;1
178989;1
183788;1
178872;1
179453;1
179452;1
179451;1
179450;1
183766;1
179449;1
179448;1
184016;1
184017;1
178857;1
179463;1
179462;1
178890;1
178889;1
179461;1
183399;1
178850;1
179442;1
184068;1
184069;1
184070;1
179485;1
179372;1
178846;1
183677;1
178845;1
178877;1
179483;1
178876;1
178875;1
179455;1
179438;1
178840;1
183683;1
183684;1
184165;1
184166;1
184167;1
180658;1
183763;1
179436;1
183762;1
182177;1
183259;1
183260;1
179445;1
179443;1
183726;1
183841;1
183727;1
183728;1
180779;1
180780;1
180781;1
184014;1
184015;1
179427;1
179426;1
179440;1
183776;1
179439;1
183679;1
178842;1
178811;1
178810;1
179420;1
179489;1
178809;1
178808;1
179418;1
184011;1
178800;1
182169;1
178798;1
179435;1
178833;1
179371;1
178832;1
179434;1
183681;1
179411;1
178794;1
178793;1
179410;1
183685;1
183114;1
179409;1
183409;1
179408;1
179407;1
179425;1
179424;1
183731;1
179421;1
183775;1
183732;1
178782;1
179404;1
179403;1
183833;1
183834;1
178777;1
179401;1
179395;1
179394;1
179479;1
179413;1
183668;1
183678;1
179412;1
183682;1
178719;1
178718;1
183741;1
183742;1
179348;1
178716;1
179352;1
179351;1
178709;1
183781;1
178708;1
178707;1
179488;1
179370;1
178786;1
178785;1
178700;1
178699;1
178698;1
178697;1
178696;1
179350;1
178695;1
178694;1
178693;1
178692;1
178691;1
178690;1
179368;1
183729;1
183730;1
178720;1
178768;1
180469;1
179573;1
178681;1
178680;1
178679;1
178678;1
178677;1
178676;1
178675;1
178674;1
178673;1
178706;1
182176;1
182175;1
178701;1
182141;1
178668;1
178667;1
178664;1
183784;1
183782;1
178663;1
178662;1
178661;1
178660;1
178659;1
183757;1
179359;1
179358;1
181981;1
178769;1
183740;1
178654;1
178653;1
183785;1
179369;1
178652;1
178622;1
183734;1
183733;1
179353;1
178934;1
178598;1
178671;1
178670;1
179362;1
179363;1
179356;1
179355;1
178570;1
183674;1
178568;1
184316;1
178565;1
178564;1
178924;1
178563;1
178562;1
179357;1
178657;1
178656;1
178655;1
183739;1
178555;1
178554;1
178552;1
178551;1
178550;1
183760;1
178549;1
178548;1
178547;1
178546;1
178545;1
183759;1
178925;1
178597;1
179354;1
178571;1
125829;1
125796;1
125911;1
182009;1
182008;1
125843;1
125885;1
125884;1
125893;1
149372;1
125868;1
176574;1
178560;1
178559;1
178558;1
178556;1
184036;1
184035;1
184034;1
125844;1
125845;1
183152;1
125875;1
125873;1
125874;1
125823;1
125797;1
167252;1
125821;1
125904;1
184033;1
125828;1
129032;1
125803;1
145192;1
155575;1
176232;1
125862;1
125857;1
125858;1
175899;1
125861;1
125859;1
125890;1
145232;1
125889;1
125855;1
125854;1
125841;1
184038;1
184037;1
162352;1
125809;1
169552;1
167233;1
184052;1
125866;1
184051;1
125830;1
171992;1
125864;1
125871;1
125872;1
173232;1
178436;1
183777;1
178435;1
183758;1
178434;1
178433;1
178432;1
179397;1
178975;1
183773;1
183737;1
183738;1
162332;1
125836;1
184032;1
171972;1
178767;1
178766;1
178765;1
178764;1
178763;1
180121;1
180120;1
178760;1
178759;1
179360;1
178758;1
183532;1
178440;1
178439;1
178438;1
178437;1
183783;1
178750;1
178749;1
183664;1
178747;1
178746;1
178745;1
178744;1
178743;1
178742;1
178940;1
183404;1
183772;1
179396;1
178973;1
178972;1
178736;1
178735;1
181177;1
181178;1
178732;1
178731;1
178730;1
178729;1
178728;1
178727;1
178726;1
179576;1
183533;1
179143;1
179142;1
183665;1
178287;1
178286;1
178285;1
178284;1
182210;1
182209;1
178281;1
178202;1
178201;1
178200;1
178199;1
183779;1
178739;1
183405;1
178738;1
178737;1
180184;1
180183;1
183836;1
178417;1
178416;1
178415;1
178421;1
178412;1
178411;1
178410;1
178409;1
178408;1
178414;1
179365;1
179364;1
179398;1
183048;1
183049;1
179343;1
178278;1
178277;1
178276;1
178272;1
183771;1
178271;1
178270;1
183977;1
183976;1
178420;1
178419;1
178418;1
180185;1
178259;1
178258;1
178236;1
178235;1
183764;1
179733;1
179734;1
178232;1
183790;1
178356;1
178231;1
178229;1
178407;1
178364;1
178362;1
180764;1
178224;1
178223;1
178222;1
178219;1
178164;1
183774;1
178162;1
178144;1
178143;1
178142;1
178218;1
178140;1
182208;1
178262;1
178261;1
178260;1
177880;1
184175;1
177877;1
177850;1
177897;1
177896;1
183770;1
177844;1
184012;1
184013;1
184177;1
184176;1
178228;1
178227;1
178226;1
178225;1
177694;1
177693;1
183769;1
177692;1
177691;1
183780;1
184075;1
178071;1
178069;1
178068;1
178067;1
178066;1
178139;1
178138;1
177899;1
177883;1
180532;1
178057;1
178056;1
178055;1
178958;1
179347;1
178956;1
178042;1
178041;1
178040;1
178037;1
178036;1
177700;1
177699;1
177698;1
177696;1
180533;1
183257;1
180529;1
178012;1
178007;1
183406;1
183407;1
178045;1
180456;1
180455;1
180454;1
180464;1
180452;1
180453;1
179346;1
178058;1
180457;1
182171;1
177532;1
183408;1
183401;1
183402;1
183403;1
180531;1
183110;1
177527;1
177525;1
183109;1
178033;1
178026;1
178024;1
179202;1
177521;1
180468;1
177320;1
177319;1
177318;1
177316;1
177317;1
179998;1
179997;1
179996;1
179995;1
179994;1
180463;1
180462;1
180459;1
180458;1
179990;1
179989;1
179988;1
179987;1
179986;1
179985;1
179984;1
179983;1
179669;1
179668;1
179667;1
182319;1
183108;1
177524;1
181911;1
181910;1
179980;1
179979;1
179978;1
179977;1
182283;1
179976;1
179974;1
179973;1
179972;1
179971;1
179970;1
182153;1
179968;1
179992;1
179991;1
180350;1
129272;1
129346;1
137794;1
129294;1
129350;1
117198;1
117199;1
117205;1
117155;1
117154;1
117168;1
117204;1
117175;1
117211;1
179982;1
179981;1
181169;1
129322;1
129340;1
129319;1
129339;1
129352;1
129351;1
129345;1
129302;1
181168;1
129347;1
145172;1
137792;1
129349;1
180219;1
180156;1
179663;1
179662;1
182318;1
182316;1
182317;1
179627;1
179626;1
179646;1
179645;1
179647;1
179965;1
179964;1
179963;1
179962;1
129341;1
129321;1
129283;1
129304;1
150632;1
181604;1
139073;1
158152;1
181605;1
156273;1
150832;1
129277;1
179063;1
161832;1
173152;1
129353;1
179967;1
179966;1
129332;1
180357;1
129305;1
129334;1
129333;1
129289;1
181675;1
129344;1
129286;1
129285;1
129282;1
129281;1
129343;1
180665;1
181464;1
181553;1
129308;1
129320;1
157412;1
129361;1
129311;1
129310;1
129298;1
167353;1
129297;1
129337;1
129356;1
129355;1
129335;1
129291;1
129336;1
129287;1
129312;1
183835;1
129318;1
129315;1
131552;1
129360;1
129317;1
180323;1
129314;1
129313;1
129301;1
129293;1
129292;1
129358;1
182027;1
129357;1
179956;1
181592;1
179918;1
179917;1
179916;1
179915;1
179914;1
179912;1
179910;1
179909;1
179908;1
129365;1
181551;1
180122;1
132492;1
129362;1
179904;1
179903;1
179902;1
179901;1
179900;1
179899;1
179895;1
179894;1
179893;1
179892;1
179891;1
179961;1
179960;1
179959;1
179958;1
179957;1
179890;1
183950;1
179888;1
180969;1
179887;1
179886;1
179885;1
180581;1
179882;1
179880;1
179878;1
179877;1
179876;1
179875;1
179906;1
179905;1
179874;1
179873;1
179872;1
179870;1
179869;1
179861;1
179860;1
179859;1
179858;1
179857;1
179856;1
179855;1
179854;1
179853;1
179852;1
179851;1
179787;1
179786;1
182282;1
179784;1
179783;1
179782;1
179781;1
179780;1
179779;1
179778;1
179777;1
179850;1
179849;1
181469;1
179847;1
179846;1
179774;1
184195;1
180685;1
180686;1
180699;1
180698;1
180687;1
179771;1
180688;1
180689;1
179770;1
179769;1
179768;1
179790;1
179789;1
179788;1
179767;1
180697;1
179766;1
179764;1
179763;1
179762;1
179761;1
179760;1
181167;1
179758;1
179757;1
179756;1
179755;1
179752;1
182979;1
179775;1
129515;1
129514;1
129511;1
129574;1
129569;1
129571;1
129550;1
162912;1
129565;1
129546;1
146752;1
146712;1
181437;1
136493;1
161392;1
136473;1
184231;1
184232;1
129568;1
183659;1
129517;1
129491;1
129563;1
136292;1
182095;1
181038;1
181037;1
183658;1
129494;1
129496;1
129513;1
129512;1
183648;1
182957;1
182956;1
129548;1
181180;1
129573;1
129555;1
129553;1
129567;1
149392;1
150852;1
129566;1
129556;1
129545;1
129564;1
129551;1
129543;1
181452;1
129521;1
129478;1
129484;1
129483;1
129486;1
166912;1
175347;1
129477;1
129476;1
180634;1
129576;1
129575;1
129485;1
129473;1
129526;1
129534;1
129536;1
129535;1
129529;1
129499;1
129532;1
129524;1
129522;1
129527;1
129525;1
129500;1
129498;1
129497;1
165232;1
129559;1
179695;1
179694;1
129580;1
129541;1
129488;1
129530;1
129547;1
129533;1
129531;1
129523;1
129528;1
182311;1
181626;1
179751;1
179750;1
179749;1
179686;1
179685;1
179684;1
179683;1
179682;1
179681;1
179680;1
179679;1
180242;1
179700;1
180921;1
180920;1
179699;1
184197;1
184196;1
179697;1
181149;1
181151;1
158032;1
102033;1
102032;1
180925;1
180926;1
102413;1
102433;1
179693;1
179692;1
179691;1
179690;1
179689;1
179688;1
179687;1
181590;1
143613;1
180129;1
180128;1
177345;1
177501;1
144532;1
144512;1
167452;1
180241;1
102107;1
102106;1
102138;1
102113;1
102112;1
181150;1
102230;1
102229;1
180976;1
102195;1
102193;1
180696;1
181051;1
102194;1
144052;1
102412;1
102118;1
181849;1
129912;1
102119;1
150532;1
181589;1
102244;1
102245;1
102243;1
102240;1
102210;1
182101;1
182100;1
182099;1
102222;1
102162;1
102226;1
102225;1
102234;1
164612;1
164592;1
102231;1
184293;1
184294;1
126093;1
160393;1
160392;1
102163;1
182909;1
181271;1
180975;1
180973;1
180974;1
145692;1
180972;1
102238;1
102236;1
183089;1
180227;1
182294;1
101591;1
101590;1
182293;1
101596;1
101512;1
184298;1
184297;1
184300;1
184301;1
184299;1
101527;1
183564;1
184296;1
184295;1
101554;1
183814;1
101707;1
101706;1
181796;1
101711;1
183504;1
183505;1
183506;1
182079;1
182078;1
182077;1
181185;1
181184;1
172932;1
126095;1
126105;1
126078;1
126107;1
180329;1
180232;1
101715;1
101714;1
101722;1
101721;1
101720;1
101719;1
101718;1
101717;1
101552;1
101553;1
183570;1
100683;1
100682;1
140212;1
100654;1
100664;1
100663;1
179125;1
100661;1
183355;1
183356;1
143553;1
175448;1
176241;1
121518;1
100656;1
183627;1
100695;1
100629;1
100668;1
182280;1
109392;1
165132;1
181479;1
181480;1
180826;1
122772;1
134972;1
100679;1
137912;1
100676;1
100700;1
100684;1
100633;1
100631;1
100617;1
100611;1
149412;1
100685;1
100615;1
100690;1
100689;1
181948;1
183354;1
183353;1
100687;1
100693;1
181342;1
100691;1
180361;1
171512;1
100651;1
100650;1
100634;1
100635;1
100618;1
100638;1
100637;1
100636;1
179538;1
100640;1
100639;1
100641;1
182281;1
100643;1
124156;1
176367;1
124117;1
124106;1
124120;1
124074;1
124105;1
124128;1
124160;1
124154;1
124110;1
124159;1
124129;1
124127;1
180359;1
180360;1
